-- MySQL dump 10.13  Distrib 5.6.10, for Win32 (x86)
--
-- Host: localhost    Database: exsdb
-- ------------------------------------------------------
-- Server version	5.6.10-log
/*!40101 SET @OLD_CHARACTER_SET_CLIENT=@@CHARACTER_SET_CLIENT */;
/*!40101 SET @OLD_CHARACTER_SET_RESULTS=@@CHARACTER_SET_RESULTS */;
/*!40101 SET @OLD_COLLATION_CONNECTION=@@COLLATION_CONNECTION */;
/*!40101 SET NAMES utf8 */;
/*!40103 SET @OLD_TIME_ZONE=@@TIME_ZONE */;
/*!40103 SET TIME_ZONE='+00:00' */;
/*!40014 SET @OLD_UNIQUE_CHECKS=@@UNIQUE_CHECKS, UNIQUE_CHECKS=0 */;
/*!40014 SET @OLD_FOREIGN_KEY_CHECKS=@@FOREIGN_KEY_CHECKS, FOREIGN_KEY_CHECKS=0 */;
/*!40101 SET @OLD_SQL_MODE=@@SQL_MODE, SQL_MODE='NO_AUTO_VALUE_ON_ZERO' */;
/*!40111 SET @OLD_SQL_NOTES=@@SQL_NOTES, SQL_NOTES=0 */;
--
-- Table structure for table `CARRERA`
--
DROP TABLE IF EXISTS `CARRERA`;
/*!40101 SET @saved_cs_client     = @@character_set_client */;
/*!40101 SET character_set_client = utf8 */;
CREATE TABLE `CARRERA` (
  `CID` smallint(6) NOT NULL AUTO_INCREMENT,
  `CNOM` varchar(100) DEFAULT NULL,
  `SEDE` tinyint(4) NOT NULL,
  PRIMARY KEY (`CID`)
) ENGINE=InnoDB AUTO_INCREMENT=62 DEFAULT CHARSET=utf8;
/*!40101 SET character_set_client = @saved_cs_client */;
--
-- Dumping data for table `CARRERA`
--
LOCK TABLES `CARRERA` WRITE;
/*!40000 ALTER TABLE `CARRERA` DISABLE KEYS */;
INSERT INTO `CARRERA` VALUES (1,'Enseñanza del Español',0),(2,'Enseñanza del Francés',0),(3,'Enseñanza del Inglés',0),(4,'Biblotecología y Documentación',0),(5,'Filosofía',0),(6,'Historia',0),(7,'Sociología',0),(8,'Administración',0),(9,'Gestión Desa. Sost. Equidad',0),(10,'Ense. Estuidios Soc. y Cívica',0),(11,'Planificación Económica (PPS)',0),(12,'Educación Comercial',0),(13,'Admin. Oficinas (Secretariado)',0),(14,'Relaciones Internacionales',0),(15,'Economía',0),(16,'Psicología',0),(17,'Enseñanza de la Matemática',0),(18,'Enseñanza de las Ciencias',0),(19,'Biología',0),(20,'Química Industrial',0),(21,'Ing. en Topografia y Catastro',0),(22,'Ing. Sist. de información',0),(23,'Ciencias Geográficas',0),(24,'Ingeniería en Agronomía',0),(25,'Ing. Ciencias Forestales',0),(26,'Cartografía y Diseño Digital',0),(27,'Medicina Vetarinaria',0),(28,'Enseñ. de la Educ. Fisíca',0),(29,'Pedag. Educación Preescolar',0),(30,'Pedag. I y II Ciclos ',0),(31,'Educ. Especial Integración',0),(32,'Orientación',0),(33,'Artes Escénicas ',0),(34,'Arte y Comunicación Visual',0),(35,'Enseñ. Arte y Comun. Visual',0),(36,'Danza',0),(37,'Música Interpre Ense DC',0),(38,'Música Ejec Enseñ Clarinete',0),(39,'Música Ejec Enseñ Flauta',0),(40,'Música Ejec Enseñ Guitarra',0),(41,'Música Ejec Enseñ Piano',0),(42,'Música Ejec Enseñ Percusión',0),(43,'Música Ejec Enseñ Trompeta',0),(44,'Música Ejec Enseñ Saxofón',0),(45,'Música Interpre Ense Canto',0),(46,'Eseñ. Inglés I y II Ciclos',0),(47,'Prom. de la Salud Física',0),(48,'Inglés (Diplomado)',0),(49,'Lengua Francesa',0),(50,'Comercio y negocios Internac.',0),(51,'Teología Virtual',0),(52,'Literat. y Lingüistica Español',0),(53,'Ing. Bioprocesos Industriales',0),(54,'Enseñanza Religión (Virt)',0),(55,'Diplomado en Acuacultura',0),(56,'Licenciatura en Género',0),(57,'Ing. Gestión Ambiental',0),(58,'Ing. Sistemas de Información',1),(59,'Química Industrial',1),(60,'Administración',1),(61,'Inglés (Bachillerato)',1);
/*!40000 ALTER TABLE `CARRERA` ENABLE KEYS */;
UNLOCK TABLES;
--
-- Table structure for table `ESTUDIANTE`
--
DROP TABLE IF EXISTS `ESTUDIANTE`;
/*!40101 SET @saved_cs_client     = @@character_set_client */;
/*!40101 SET character_set_client = utf8 */;
CREATE TABLE `ESTUDIANTE` (
  `ID` varchar(15) NOT NULL,
  `NOM` varchar(30) NOT NULL,
  `PAPE` varchar(30) NOT NULL,
  `SAPE` varchar(30) NOT NULL,
  `GENERO` decimal(2,0) NOT NULL,
  `TEL` decimal(15,0) NOT NULL,
  `CEL` decimal(15,0) NOT NULL,
  `EMAIL` varchar(256) NOT NULL,
  `CID` smallint(6) NOT NULL,
  `SEDE` tinyint(4) NOT NULL,
  `BECA` tinyint(4) NOT NULL,
  PRIMARY KEY (`ID`),
  KEY `CID` (`CID`),
  CONSTRAINT `ESTUDIANTE_ibfk_1` FOREIGN KEY (`CID`) REFERENCES `CARRERA` (`CID`)
) ENGINE=InnoDB DEFAULT CHARSET=utf8;
/*!40101 SET character_set_client = @saved_cs_client */;
--
-- Dumping data for table `ESTUDIANTE`
--
LOCK TABLES `ESTUDIANTE` WRITE;
/*!40000 ALTER TABLE `ESTUDIANTE` DISABLE KEYS */;
INSERT INTO `ESTUDIANTE` VALUES ('101418868','Junior','Gutierrez','Umanzor',0,84513159,84513159,'juniorgu86@gmail.com',8,0,0),('101590842','Heizel','Mora','Cerdas',2,24160163,87544908,'heizel1355@hotmail.com',15,0,11),('101620604','Yerlin','Loaiza','Galeano',0,87550212,87550212,'yerlynl-12@hotmail.com',8,0,10),('102305','Francisco','García ','MIranda',1,40800780,70175831,'francisco.garcia.miranda@est.una.ac.cr',22,0,11),('102820685','Beverly','Zapata','Centeno',2,22656927,88304423,'beverlyzapata@gmail.com',22,0,0),('103650136','Geizel','Alvarado','Garro',2,88964994,88164994,'geizela@gmail.com',27,0,11),('104950355','Diego','Alfaro','Aguilar',0,85104603,85104603,'diego.alfaroaguilar7@hotmail.com',17,0,0),('105006','Darling','Laguna','Obando',2,0,86302374,'darling.laguna.obandoest@una.ac.cr',13,0,11),('105080334','Lidieth','Salazar','Galiano',2,89583800,89583800,'l.salazar09@hotmail.es',9,0,8),('105090245','Ana ','Troyo','Uloa',2,0,83202060,'anatroyo@yahoo.es',19,0,0),('105580201','Edgar','Cruz','Fernandez',1,85819216,85819216,'degar07@msn.com',57,0,11),('105640030','Marco','Alfaro','Ramìrez',1,22660607,87052909,'marcosz125@hotmail.com',22,0,0),('105950355','Diego','Alfaro','Aguilar',0,85104603,85104603,'diego.alfaroaguilar7@hotmail.com',17,0,0),('106090417','Jaime','Mora','Arias',1,22522911,87200803,'jnmora@hotmail.com',5,0,0),('106200816','jorge hernan','castro','davila',1,22524828,87187331,'jhcastrodavila@hotmail.com',36,0,0),('106390304','Enmanuel','Estrada','Guadamúz',0,61585080,61585080,'ejeg2204@gmail.com',23,0,0),('106720083','Rocío','Ruiz','Piedra',2,22618373,83701938,'rruiz1966@gmail.com',8,0,0),('108510285','Roy Eduardo','Chavez','Chavarría',0,87105715,87105715,'morado7777@yahoo.com',8,0,0),('108530113','Alberto','Medrano','Càceres',1,0,83195814,'alberto.medrano.c@gmail.com',22,0,0),('108710109','jose Alberto','Martinez','Holdridge',1,86595125,86595125,'josealb_martinez@hotmail.com',22,0,0),('109030','Randall','Siezar','Rodriguez',1,22398678,86461951,'ran_rodriguez_92@hotmail.com',15,0,8),('109190649','Kathya','Alfaro','GOnzález',2,89123818,89123818,'kahyag975@hotmail.es',17,0,10),('109255','Victor','Ortìz ','Torres',1,84962309,84962309,'victorortiztorres5@gmail.com',20,0,11),('109737','maria','gaitan','bodan',2,87663012,87663012,'mary28-91@hotmail.es',50,0,11),('109830553','NORMAN EDUARDO','HIDALGO','GAMBOA',1,24100990,89965664,'nehidalgogamboa@costarricense.cr',11,0,0),('109993','Darwin','Miranda','Montes',1,85847601,85847601,'darmirmo@gmail.com',22,0,0),('110306','cruz','martinez','montalvan',1,86094342,86094342,'c.martinez_93@hotmail.com',22,0,11),('110410852','Linsay','De la O','Arguello',0,88177504,88177504,'linewluck@gmail.com',43,0,0),('110478','Jader','Ruìz','Palacios',1,25601423,86454671,'jadereliaspalacios@hotmail.com',22,0,0),('110490929','Wendy','Bolaños','Moreno',2,22612853,85494784,'wendy.bm@hotmail.es',8,0,10),('110890644','Gregory','Amador','Zúñiga',1,86354343,86354343,'gregory.amador@gmail.com',22,0,0),('110920','Mario','Lopez','Chiong',1,22563046,60036770,'mario15.02@hotmail.com',59,1,0),('111220831','Gilberth','Robles ','Calderòn',1,25533381,60575109,'grobles08@hotmail.es',24,0,0),('111420572','Marvin','Cerdas','Angulo',1,60128084,60128084,'cer825m@yahoo.com',22,0,0),('111680440','Debora','Tissoni','Boza',2,83126747,83126747,'tissoni.dt@gmail.com',19,0,0),('112070293','Edwin','Villegas','Garcia',1,22633690,84046039,'egarcia2@hotmail.com',8,0,0),('112250115','Caterin ','Mora','Valenciano',2,22526858,70777114,'cm62317@hotmail.com',17,0,0),('112270698','Kimberly','Lopez','Ñurinda',2,22230601,89514430,'alexa-lopez84@hotmail.com',17,0,0),('112470043','Stephanie ','Sanchez','Alpizar',2,22372183,83552915,'alsacri@hotmail.com',8,0,0),('112580729','David','Alcazar','Alvarez',2,22259131,84865384,'davidcr2011@gmail.com',20,0,0),('112800545','grettel','garcìa ','mora',2,22277231,85537750,'ggmangel22@gmail.com',19,0,11),('112810338','Ana Patricia ','Vargas','Chacòn',2,22443470,88263154,'anapatri.cr@hotmail.es',20,0,0),('112820685','Bevely','Zapata','Centeno',2,88304423,88304423,'beverlyzapata@gmail.com',22,0,0),('112870289','Carlos Andrés','López','Carvajal',1,85162119,85162119,'calc_2025@hotmail.com',21,0,0),('112890031','Arleen','Soto','Gomez',2,22369859,88185390,'arleensg@hotmail.com',8,0,0),('112980275','Katerinne','Velásquez','Ortíz',0,71059410,71059410,'kvela14@yahoo.com.co',17,0,0),('113000826','miguel','sànchez','rodrìguez',1,22976934,89370482,'miguelsanchez86@gmail.com',22,0,0),('113110874','Luis','Chaves','González',1,85490642,85490642,'luischago87@hotmail.com',18,0,0),('113120334','Nestor','Ramírez','Estremaydoro',0,85805877,85805877,'nestor.ramirez.estremadoyro@gmail.com',57,0,0),('113190994','Nataly','Gutierrez','Pineda ',2,88526601,88526601,'nattygtz10@gmail.com',25,0,0),('113220850','Marco Vinicio','Hernández','Garro',1,87442367,87442367,'marcohg_@yahoo.com',22,0,0),('113390967','Andrea','Méndez ','Salazar',2,84361370,84361370,'andre.mendezs@gmail.com',50,0,11),('113460809','Guillermo ','Viquez','Lobo',1,22401313,88590654,'gviquezl@gmail.com',27,0,0),('113470843','Rodrigo','Montenegro','Jiménez',0,83163741,83163741,'rodrigoamj@gmail.com',17,0,10),('113490881','Jorge Isaac','Díaz','Vargas',1,87639416,87639416,'isaac-diaz-04@hotmail.com',17,0,11),('113530705','Rafael','Luna','Jimenez',1,22942156,87086606,'lunay2j@hotmail.com',22,0,0),('113530706','Rafael','Luna','Jimènez',1,87086606,87086606,'lunay2j@hotmail.com',22,0,9),('113540573','julian','Cambronero','Solano',1,22633316,85976340,'julian01cs@hotmail.com',22,0,11),('113540591','Siviany','Prendas','Zamora',1,22620783,85053294,'sprendas88@gmail.com',22,0,0),('113550478','Stephanie','Valle','Cubero',2,22605481,88171291,'steph_vc88@msn.com',19,0,0),('113600336','laura','Campos','Villalobos',2,89389554,89389554,'lau88.cv@gmail.com',57,0,0),('113603','Marcela Karelia','Gonzalez','Suarez',2,25898637,86383416,'karelia_29@hotmail.com',14,0,11),('113650136','Geizel','Alvarado','Garro',2,0,88164994,'geyzela@gmail.com',27,0,11),('113720067','Sergio','Solano','Serrano',1,22855554,85141471,'solanovinicio7@imail.com',22,0,0),('113720673','Fiorella','Mainieri','González',2,83988525,83988525,'fiorella.mainieri@gmail.com',20,0,0),('113720964','Alejandro','Guzmán','Chacón',0,86023889,86023889,'aguzmanchacon@yahoo.es',57,0,0),('113730372','Mauricio Esteban','Zúñiga','Ortega',0,89232592,89232592,'maurzg.cr@gmail.com',6,0,0),('113750029','Hubert','Vargas ','Picado',1,22537956,83661155,'hubvargas@gmail.com',50,0,0),('113760700','Katerine','Padilla','García',2,86472341,86472341,'pathy16k96@gmail.com',57,0,10),('113790732','Esteban ','Solano','Palma',1,24533054,60403759,'esolano@ceacr.com',21,0,0),('113810207','Santos','Oporta','Espinoza',1,85153565,85153565,'santos.oporta@gmail.com',22,0,8),('113850124','Melissa ','Medina','Carrillo',2,0,88725090,'melissamedica@gmail.com',22,0,0),('113860196','jessie','Briceño','salazer',1,85491870,85491870,'lorje18@yahoo.es',8,0,8),('113870666','Francela','Rojas','Murillo',2,87403472,87403472,'frm.rmurillo@gmail.com',21,0,8),('113890126','Luis Miguel','Monge','Carranza',1,22966921,89902975,'mongec_luism89@hotmail.com',57,0,0),('113890547','Silvia','Luna','Meneses',2,89966354,89966354,'slunam2000@hotmail.com',57,0,0),('113930232','Ruth','Fernández','Soto',2,85850931,85850931,'ruthfdezsoto@gmail.com',22,0,0),('113960536','Stephanie','Rivera','Baltodano',2,89258033,89258033,'steph.mrb@gmail.com',19,0,0),('113980814','michael','mora ','jimenes',1,85436437,85436437,'michaelmoraj@ovi.com',24,0,10),('114000795','Marvin','Jimenez','Villalobos',1,89930815,89930815,'mjosue_jv@hotmail.com',8,0,0),('114010070','Maria Jose','Aguilar','Badilla',2,22445154,88784342,'amerryheart.love@gmail.com',50,0,0),('114010339','silvia','gomez','chacon',2,85708910,85708910,'silviagomez1989@hotmail.com',21,0,11),('114040393','Francisco ','Vargas','Acuña',1,22520368,85696816,'franciscov89@gmail.com',57,0,0),('114060317','Michael','solano','Mora',1,83467110,83467110,'dsskullman@gmail.com',22,0,0),('114060733','Luis ','Aguero','Calderon',1,86624391,86624391,'luigimusic@yahoo.com',18,0,11),('114070568','Andres','Chavarria','Navarro',1,22275902,85874977,'andreschavarrianavarro@hotmail.com',57,0,0),('114090051','María Daniela','Ramírez ','Quillén',0,89224301,89224301,'daniela2rg@hotmail.com',27,0,0),('114110937','Daniel','jarquin','jarquin',1,26393560,86437414,'djjj08@hotmail.com',18,0,11),('114120440','Miguel','Castro','Quiros',1,87185353,89377834,'miguecq10@gmail.com',57,0,10),('114120919','Allan','Zarate','Rojas',1,87143711,87143711,'choco_zr@hotmail.com',20,0,0),('114130060','Rosa','Montes','Matus',2,85062608,85062608,'rosammm11@hotmail.com',18,0,11),('114140359','Cesar','Charlton','Fuentes',1,22380532,86501810,'ccf89@hotmail.es',22,0,0),('114140389','oscar','lobo','cubero',1,24476790,89499780,'osmalocu@gmail.com',22,0,0),('114150788','Raquel ','Salazar','Arias',0,83702262,83702262,'corbatas22@gmail.com',19,0,0),('114160431','Luis Diego','Potosme','Gòmez',1,89628134,89628134,'ludipogo@gmail.com',20,0,0),('114160559','Alonso ','Molina','Vargas',1,89957869,89957869,'gnr127@hotmail.com',18,0,0),('114170696','David','Arley','Vásquez',1,85722781,85722781,'arleytopouna@gmail.com',21,0,0),('114180736','David','Ugalde','Solís',1,60198192,60198192,'reikiugan@gmail.com',22,0,0),('114200326','gabriel','murillo','barrios',1,22972362,84109398,'g14015@hotmail.com',21,0,0),('114200553','Karina ','Salazar','Loaiza',2,22631867,86139734,'ksalazar03@hotmail.com',13,0,0),('114200744','rodolfo','vargas','hernandez',1,86779059,86779059,'rodolfovh17@hotmail.com',8,0,8),('114200966','Loahny','Rivas','Galagarza',2,22246472,89245169,'lmrg-24@hotmail.com',20,0,8),('114260138','Jose David ','Calderón','Masís',1,0,87756910,'david19jd@hotmail.com',23,0,11),('114290055','Mariela ','Vargas','Mora',2,22294739,89669264,'mari_varcama@hotmail.com',27,0,0),('114290352','Nelson ','Rodriguez','Cordero',1,22370369,86340234,'andres9019@hotmail.com',15,0,8),('114290670','Raquel','Soto','Acuña',2,22603014,87878483,'rlsoto228@hotmail.com',20,0,0),('114300178','Rebeca','Herera ','Varela',2,83041210,83041210,'rebecca-herrera1@hotmail.com',50,0,11),('114340115','Tayron','Chinchicha','Navarro',1,22754771,88227208,'tayron_chinchilla@hotmail.com',15,0,10),('114360003','karla','valverde','alfaro',2,22931369,84056416,'karlavalverde.a@gmail.com',15,0,0),('114430706','Rocío ','Leandro','Mora',2,83193552,83193552,'rleandro1990@gmail.com',53,0,0),('114440580','Nefertiti','Rojas ','Sibaja',2,85654947,85654947,'typusnefimari@gmail.com',19,0,0),('114460886','Angie','Arias','Chaves',0,84681876,84681876,'anarias16@hotmail.com',8,0,0),('114480244','Polleth ','Campos','Arias',2,22880586,86200061,'poll3thca.14@gmail.com',20,0,10),('114490672','America','Ramos','Salas',2,86361353,86361353,'nataliaramos_226@hotmail.com',20,0,6),('114492','cinthya ','gutierrrez','abarca',2,22607798,22607798,'cinlayj@hotmail.com',22,0,0),('114500347','Priscila','Soto','Ramírez',2,22921626,86701415,'priscilasoto04@hotmail.com',20,0,0),('114500665','STEPHANIE','VEGA','SITALÀN',2,0,88742044,'myshyvega@hotmail.com',13,0,11),('114520552','Miguel','Calderón','Quesada',1,85096936,85096936,'palopiso@hotmail.com',57,0,0),('114530894','Ana Lucía','Rojas','Chacón',2,22353221,84949879,'analurc0102@gmail.com',57,0,0),('114540672','Jesica','Granados ','Tenorio',2,89860122,89860122,'yk3291@hotmail.com',57,0,11),('114540889','guirleza','montenegro','quesada',2,87472948,87552226,'guirlmq1691@hotmail.com',13,0,11),('114550605','Fabiola','Salazar','León',2,83105322,83105322,'fabys_0191@hotmail.com',19,0,0),('114550620','Juan Diego','Rojas','Castro',1,22502806,83312678,'diego27i@hotmail.com',8,0,0),('114560900','Royner','Azofeifa','Vargas',1,88030422,88030422,'Ravaz77@gmail.com',19,0,11),('114580294','ericka','alpizar','corrales',2,86768237,86768237,'ealpizar09@hotmail.com',20,0,8),('114590415','Bryan ','Sanabria','Gutierrez',1,8925835,89258235,'bsanabria-r13@hotmail.com',3,0,10),('114590646','Daniela ','Cascante','Chavez',2,88778953,88778953,'danicascantechaves@gmail.com',50,0,0),('114590649','Daniela','Cascante','Chaves',2,22974135,88778953,'danicascantechaves@gmail.com',50,0,0),('114600231','Dary','Hernández','Saborio',1,87505070,87505070,'dary.hrndz@gmail.com',22,0,0),('114600642','Jorge','Elizondo','Mora',1,84540188,84540188,'grgl9166@hotmail.com',18,0,11),('114630397','Valery','Sibaja','Badilla',2,22752905,89519489,'val.sb54@hotmail.com',22,0,11),('114640317','María José','Gómez ','Rojas',0,87703296,87703296,'mariukajo91@gmail.com',8,0,0),('114640425','Ligia Elena','Bermúdez ','Vargas',2,27706552,89656557,'ligia_91_03@hotmail.com',11,0,11),('114640439','Elvia ','Sanchez','Leiva',2,22291351,87559141,'rosio_sanchezleiva@gmail.com',22,0,10),('114640517','fabìan','castro ','sànchez',1,22751376,88067448,'fabiancastrosanchez91@gmail.com',8,0,0),('114650847','ROY','ALFARO','SOLORZANO',1,84626112,84626112,'roytotialfaro@gmail.com',17,0,11),('114670159','kevin Steven','Arroyo','Campos',1,22239531,61179411,'kevac0422@gmail.com',8,0,0),('114690071','Sharon','Barboza','Badilla',2,25201254,86067237,'domimfark@yahoo.es',20,0,8),('114690865','Yendry','Cordero','Hernández',2,89877216,89877216,'yenchg@hotmail.com',21,0,0),('114700291','Jose Pablo','Guevara','Arce',0,89770979,89770979,'josepabloguevaraarce@gmail.com',11,0,0),('114700805','Judith','Jiménez','Chaves',2,22301238,84783885,'judithcss@hotmail.com',18,0,10),('114710058','Rancel ','Egas','Gullock',2,22742473,87073120,'egasgullock@gmail.com',50,0,0),('114710735','karla milena ','corrales','perez',2,22947720,84229452,'karlacope91@gmail.com',57,0,11),('114740444','Silvia ','Hernandez','Amador',2,22785973,85624603,'sil0991@hotmail.com',19,0,0),('114740657','mario','rueda','calvo',1,89090768,89090768,'mariogrcr.x.91@gmail.com',15,0,0),('114740810','silvia','valverde','solano',2,22796865,70584231,'silpatrivasol@hotmail.com',15,0,0),('114750304','Noelia ','Jímenez','González',2,0,87029253,'opensoulsea@gmail.com',19,0,0),('114750449','Manuel','Venegas','Marín',1,86036137,86036137,'mnlvenegas@hotmail.com',19,0,0),('114750918','Jean Carlos','Cerdas','Calderón',0,87996119,87996119,'jeankand17@hotmail.com',18,0,0),('114760128','Danny','Obando','Peralta',1,22277656,87679327,'dannyo@hotmail.es',57,0,10),('114760406','Jose Pablo','Fernandez','Martinez',1,70051546,70051546,'josepfernandezm@hotmail.com',17,0,3),('114780298','María José','Castillo','Badilla',2,24532279,83370243,'mjcastiba16@gmail.com',20,0,0),('114790022','Iliany','Badilla','Arias',2,86177144,86177144,'ili-badi10@hotmail.com',18,0,11),('114810370','Daniela ','Retana ','Conrado ',2,22615464,87419566,'daniela19_03@hotmail.com',50,0,0),('114830038','Beatriz','Umaña ','Martínez',2,25347397,86876042,'bea1310@hotmail.es',15,0,0),('114830179','Jerson','Salazar','Mendez',1,89662212,89662212,'gersonsalazarmendez@yahoo.es',23,0,0),('114840227','Raquel','Bulgarelli','Bolaños',2,24877313,83085045,'raquebulgarelli@hotmail.com',32,0,0),('114850984','Mónica','Rojas','Alfaro',2,22395534,83346542,'monik-16@hotmail.com',20,0,0),('114870475','Gabriela','Villaplana','Calderón',2,22898305,88633649,'gabyvillaplana@hotmail.com',24,0,0),('114870512','Viviana','Oconitrillo','Arce',2,24467384,88838206,'viarce31@hotmail.com',11,0,11),('114870600','Antonieta','Barrantes','Elizondo',0,85592015,85592015,'antobarran@hotmail.com',21,0,11),('114890310','Isaac','Fonseca','Alfaro',1,89840292,89840292,'sbfonseca92@gmail.com',18,0,8),('114890995','Andrea','Masis','Aguilar',2,22500115,84661024,'masis.andre@gmail.com',20,0,6),('114900505','Keren ','Robles','Navas',2,89678825,89678825,'kerencitarn@hotmail.com',19,0,11),('114900589','Francisco',' Rodríguez','Segura',0,88559820,88559820,'frodri8855@gmail.com',15,0,0),('114900832','Elvis Daniel','Cambronero','Chacón',1,22973567,86831759,'danielcamb-10@hotmail.com',23,0,11),('114900920','Gustavo','Poveda','Wong',1,22244406,87140104,'gutapong@hotmail.com',19,0,0),('114900990','Adrian','Roman','Parra',1,24101992,87819285,'adrianromanp@gmail.com',8,0,11),('114910958','Carolina ','Rodríguez','Fonseca',0,89798411,89798411,'rodriguez_caro92@hotmail.com',30,0,11),('114920116','Esteban','Jiménez','Solís',1,83089277,83089277,'esjimenezsolis@hotmail.com',22,0,0),('114920752','Luis ','Monge','Mora',1,22511573,89904126,'monmonge92@hotmail.es',20,0,0),('114930130','Sol','Rojas','Rodríguez',2,88789360,88789360,'solbi24@hotmail.com',19,0,0),('114930355','Joseth','Alvarado','Valverde',1,89498698,89498698,'andres.alvarado.val@gmail.com',21,0,11),('114930858','mariel','quesada','chacón',2,0,86172026,'marielqch@hotmail.com',18,0,11),('114950199','Judit','dELGADO','sÁNCHEZ',0,88348991,88348991,'jmdelgados@hotmail.com',8,0,0),('114950203','Edgar','Villalobos ','Cortés',1,88611725,88611725,'edj2021@gmail.com',20,0,0),('114950309','Lilliana','Delgado','Jimenez',2,22412624,83296509,'lillyjimenez03@hotmail.com',20,0,7),('114950355','Diego','Alfaro','Aguilar',0,85104603,85104603,'diego.alfaroaguilar7@hotmail.com',17,0,0),('114950869','Arturo','Villalobos','Barquero',1,22440137,88994147,'villabart03@hotmail.com',15,0,0),('114960016','JONATHAN','SILES','CARVAJAL',1,84651578,84651578,'SILES1303@GMAIL.COM',8,0,0),('114960992','josue ','mena','cortes',1,22504887,70126598,'josuemena10@hotmail.com',15,0,0),('114970047','Josè Francisco','Arrieta','Sancho',1,22381668,86046428,'jfarrietas_26_92@hotmail.com',22,0,0),('114970242','Ana Lauren','Pérez','Mora',2,88643810,88643810,'analaurenp@gmail.com',18,0,11),('114980172','Monserrat','Camacho','Marín',2,22924286,88927540,'marimon92@gmail.com',57,0,0),('114980492','Andrea','Pèrez','Salazar',2,0,88814050,'anpes_@hotmail.com',27,0,0),('114980588','Joseph','Cordero','Chacón',1,89831179,89831179,'jcordero_lee@hotmail.com',19,0,0),('114980703','Dayan','Fallas','Mora',2,86323786,86323786,'dayifm817@gmai.com',19,0,11),('114980859','Ricardo','Alvarado','Barrantes',1,22602743,89674004,'ricardoalv08@hotmail.com',15,0,7),('114990507','Luis Diego','Ordoñez','Aragón',1,86928200,86928200,'radkyky@hotmail.com',22,0,0),('115000568','marìa josè','espinoza','espinoza',2,0,60682206,'maryj1692@hotmail.es',13,0,11),('115000935','Pablo','Gómez','Rivera',1,61150085,61150085,'gomezpavlo@hotmail.com',18,0,11),('115010372','Julio Cesar','Rivas','Elizondo',1,87528499,87528499,'juliocesarelizondo@hotmail.com',20,0,0),('115010682','Natalia','Landaverde','Coto',0,87598304,87598304,'nlandaverdec@gmail.com',20,0,0),('115010973','Nicole','Gonzáles','Córdoba',2,88910571,88910571,'nicky.gc07@gmail.com',57,0,0),('115020843','Ashley','Salazar ','Jimènez',2,86552944,86552944,'alitaeco@gmail.com',19,0,10),('115020903','Wilberth','Sánchez','Méndez',1,84090077,84090077,'wilsame.6@gmail.com',22,0,0),('115020919','Ingrid','Gomez','Morera',2,87064556,87064556,'ingridgm12@hotmail.com',22,0,11),('115030426','Dayanna','Meza','Hernández',2,86351058,86351058,'dayanna.66@gmail.com',11,0,0),('115030542','Efraín Andrés','Granados ','Zapata',0,89691776,89691776,'andres_g136@hotmail.com',27,0,11),('115030755','Fernanda','Alfaro','Mora',0,85410387,85410387,'ferna-alfa-2192@hotmail.com',4,0,10),('115040016','Andrés','Casasa','Miranda',1,22810451,71042675,'casasaandres_19@hotmail.com',22,0,0),('115040779','Katerinne','Granados','Ureña',0,84470278,84470278,'katerinegranados92@hotmail.com',16,0,0),('115050099','Isabel','Peña','Vargas',2,87611168,87611168,'isa09.pena.v@hotmail.com',24,0,0),('115050344','Grevín','Obregón ','Miranda',1,88024869,88024869,'greivinom@hotmail.com',19,0,8),('115060359','Natalia','Sancho','Loaiza',2,22931259,60506961,'Naty.sanloaz_92@hotmail.com',15,0,0),('115060528','Natalia','Juárez','González',2,25606929,87685859,'natii_18@hotmail.es',22,0,11),('115060658','Mily','Fajardo','Cerdas',0,89087030,89087030,'millyshan92@gmail.com',17,0,11),('115070320','Bryan','Elizondo ','Dìaz',1,0,87937749,'elizondo.brayan@hotmail.es',24,0,11),('115070937','Jessica','Venegas','Umaña',2,22790870,86723290,'jessvet.92@gmail.com',19,0,0),('115080420','Mariam','Zamora','Alvarez',2,24463660,88718843,'marizal_92@hotmail.com',50,0,0),('115080762','Carlos','Mora','Trimiño',0,61178176,61178176,'carlosmorat92@hotmail.com',15,0,0),('115080812','Carlos','Fernandez','Acosta',1,22629760,88878539,'carlos13fa@hotmail.es',22,0,8),('115090047','David','Tenorio','Quesada',1,83406672,83406672,'david4tq@gmail.com',20,0,0),('115090276','Sarita','Chaves','Hernández',2,24877423,87304566,'zarath10@gmail.com',19,0,0),('115090331','Gabriela','Campos','Robles',2,25400125,87142394,'gabrielacamposr1@hotmail.com',21,0,11),('115100465','Cinthia','Madrigal','Quesada',2,22400127,87017667,'cmadrigal.3192@gmail.com',22,0,0),('115110122','Luis Esteba','Viquez ','Siles',1,22828580,86123066,'estebanviquezsiles@gmail.com',20,0,0),('115110566','Juan Esteban ','Arias','Calvo',1,88507318,88507318,'tebi09@hotmail.com',15,0,11),('115110684','Roxana','Zuñiga','Romero',2,22303133,86949815,'roxizr@hotmail.com',13,0,11),('115110750','Erick','Mata','Cambronero',1,22004714,87312573,'emata18cg@gmail.com',26,0,10),('115120177','DIANA','ARLEY','RODRIGUEZ',0,84185689,84185689,'nana_ardz920@hotmail.com',11,0,0),('115120286','Dennis','Tenorio','Villegas',1,86132370,86132370,'dentenvil92@gmail.com',57,0,0),('115120545','Ruddy','Castro','Castro',1,86741137,86741137,'ruddycd@live.com',18,0,11),('115120622','Luis Gerardo','Rojas','Alfaro',0,88893628,88893628,'luigeo07@gmail.com',57,0,0),('115120723','María José','Vargas','Ureña',2,86109671,86109671,'Mjoc25vu@gmail.com',11,0,0),('115130176','MARÌA FERNANDA ','MORALES','SALAZAR',2,22852741,85343287,'fernandamz19@hotmail.com',8,0,0),('115130260','Minor','Fernández','Barrantes',0,84291427,84291427,'mainorf.b-1992@hotmail.com',18,0,0),('115130415','Diego ','Peña','Chaves',1,22190440,87758094,'lizara99@hotmail.com',22,0,0),('115140271','kevin','López','Valverde',1,88878943,888878943,'kevin.lpzv@hotmail.com',25,0,0),('115140373','Joselyn','Umaña','Elizondo',2,83559093,83559093,'joss3092@gmail.com',18,0,11),('115150092','Karina','Angulo','Solìs',2,22441315,83175503,'kariangsol@gmail.com',18,0,11),('115150103','Jose','Badilla','Quiros',1,22685009,87394041,'josepbadilla@hotmail.com',22,0,0),('115150966','Jockssy','Gutiérres','Sánchez',1,86173327,86173327,'jockssy92@hotmail.com',19,0,11),('115160026','Adrian','Alvarez','Arguedas',1,86404880,86404880,'alvazar.3a@gmail.com',18,0,0),('115160429','Michelle','Monge','Velásquez',2,22538145,88675228,'mich.monge11@gmail.com',19,0,0),('115160806','marìa josè','hernàndez','mesèn',2,22854717,85833686,'mariheme_23@hotmail.com',11,0,11),('115160977','Ana Gabriela','Ureña','Camacho',2,89194559,89194559,'anagabrielaurena@hotmail.com',18,0,0),('115170310','Diana','Rodríguez','Moreira',2,22975296,83152036,'diana.2792@hotmail.com',19,0,0),('115180487','Rebeca ','Quesada','Caves',2,0,60414037,'rebek.92@hotmail.es',18,0,11),('115180501','Raquel','fonseca','Vargas',2,85765619,85765619,'raque_fonsi@hotmail.com',24,0,0),('115180675','Angelica','Fernandez','Soto',2,24165683,89571242,'angelikfs13@hotmail.com',20,0,10),('115180721','Nathalie','Gomez','Chinchilla',2,87968323,84133235,'naty1711@hotmail.com',13,0,11),('115200030','Alvaro','Chaves','Gutierrez',1,22622253,88792814,'alvarochaves10@gmail.com',21,0,10),('115200469','maria jose','saenz','gutierrez',2,22623651,70497194,'majose201192@hotmail.com',20,0,0),('115200481','Karina','Romero','Espinoza',0,88417856,88417856,'karinaromeroe@hotmail.com',27,0,0),('115200822','Josè Pablo','Villalobos','Vega',1,22304679,86432872,'jvillalobosvega@hotmail.com',22,0,0),('115200912','Enrique','Jimenez','Monge',1,22921607,89091393,'enrique_jjm@hotmail.com',20,0,0),('115210127','Walter','Vega','Solano',1,87440230,87440230,'walter.vega3@ovi.com',24,0,11),('115210290','Diego','Villanea','Monge',1,89623017,89623017,'divimo1521@gmail.com',22,0,10),('115210694','Jenny','Arroyo','Porras',2,24172032,86547139,'jenny16arroyo@hotmail.com',20,0,0),('115210831','Helen','Villalobos','Conejo',2,86614985,86614985,'helenvc506@gmail.com',21,0,11),('115210895','Elvis','Alvarado','Fallas',1,89558935,89558935,'elvis_1692@hotmail.com',21,0,11),('115210984','Daniel Andrés','Alvarado','Villalobos',1,22377559,88413115,'danielalvarado92@hotmail.com',20,0,10),('115220021','Lidia','Alvarado','Martinez',2,22689130,70114702,'lidiastop@hotmail.com',20,0,11),('115220288','Cristian','Castro',' Garita',0,86131873,86131873,'ccastro1992@hotmail.com',8,0,0),('115220919','Anisha','chaves','camacho',2,22391417,87142359,'anisha1227@hotmail.com',21,0,0),('115230089','alba','rivera','noguera',2,0,89472132,'riveraalba3@gmail.com',13,0,11),('115230284','Joseline','Rojas','Centeno',2,22726971,84346984,'tatti_@hotmail.com',8,0,0),('115230480','Karen','Gutierrez','Ramon',2,86855392,86855392,'kgr2093@hotmail.com',18,0,0),('115230501','Roberto','Quesada','Vargas',1,22440743,87903387,'roberto_q_@hotmail.com',18,0,0),('115230666','César','Hidalgo','Quriós',1,22502008,85929599,'cesarh.12@hotmail.com',11,0,11),('115230673','Karen','Chacon','Guzman',2,24170276,86946389,'k-chg02@hotmail.com',21,0,0),('115240234','Aaron','Vargas','Sandi',1,71099715,71099715,'aaronvs01@gmail.com',22,0,0),('115240493','Maria fernanda ','Garcia','Cordero',2,22328579,89465203,'ferchis20921@gmail.com',8,0,11),('115240787','Alexa','Quesada','Jiménez',0,84099344,84099344,'nicoquesadaj@gmail.com',18,0,0),('115250086','Natalia','Benavides','Araya',2,83254134,83254134,'nautilusba@gmail.com',57,0,0),('115250159','Aaron  ','Camacho','Leandro',1,86238121,86238121,'acam27@hotmail.com',22,0,11),('115250661','Belinda','Hernandez','Delgado',2,83181915,83181915,'beli_141her@hotmail.com',19,0,11),('115250681','Belinda ','Hernández','Delgado',0,83181915,83181915,'beli_her@hotmail.com',19,0,0),('115250865','Mariana',' león',' Valverde',2,86526722,86526722,'marileon182@hotmail.com',50,0,11),('115260808','Jim','Vargas','Blanco',0,71093055,71093055,'jimvblanco@gmail.com',22,0,0),('115270347','Juan Pablo','Acuña','Marin',1,22492071,83274049,'jpmarin78@gmail.com',22,0,0),('115280145','Alvaro','Espinoza','Gómez',1,22500768,87717743,'varo3003@hotmail.com',8,0,0),('115280295','Pablo','Arce','Quesada',1,87962059,87962059,'parce.9631@gmail.com',24,0,0),('115280409','Jazmìn ','Jimènez','Brenes',2,27641965,87382819,'jazminjb15@gmail.com',13,0,11),('115280537','Lizbeth','Gonzàlez','Chacòn',2,25850126,88602922,'liz_gonzalez20@hotmail.com',22,0,0),('115280726','Jennifer','Paniagua','Umaña',2,83181923,83181923,'jtpuma@hotmail.es',53,0,0),('115280912','Daylin','Anchia','Pastran',2,87566042,87566042,'cacho_125@hotmail.com',57,0,0),('115290242','Fabían ','Moya','Bello',0,85628116,85628116,'bellmopalm@gmail.com',50,0,0),('115290445','Jason','Mora','Garita',1,22921627,97989019,'jason-mora@hotmail.com',22,0,11),('115290727','omar','aguero','hidalgo',1,87562136,87562163,'omaraguero@hotmail.es',15,0,6),('115300423','Javier','Marin','Quiros',1,22657975,83030393,'javiermarinq@hotmail.com',24,0,0),('115300454','Luis Enrique','Jimenez','Chinchilla',1,24165238,87040832,'lujch@gmail.com',57,0,0),('115300531','Leonardo','Acuña','Vargas',1,83454127,83454127,'leo_al694@hotmail.com',22,0,0),('115300748','Manuel','Arce','Chacon',1,22441437,83937324,'manuelarce18@hotmail.com',48,0,0),('115310002','Brandon','Villalobos','Damazio',0,87965438,87965438,'vrdvillalobos@gmail.com',22,0,0),('115310570','Jorge','Guzmán','Mora',1,40815419,70117136,'jorgetazguzman@gmail.com',18,0,11),('115310827','Alexander','Saenz','Cordero',1,22397958,86620607,'alex.saenz19.93@gmail.com',24,0,11),('115310880','Geraldine','Hernàndez','Rivera',2,22750834,88873488,'geraldine_hr@hotmail.com',20,0,0),('115320014','María José ','Monterroso','Solís',2,22653583,88548795,'marijomoso25@gmail.com',18,0,0),('115320318','Kimberlyn','Villavicencio','Monge',2,86208046,86208046,'kimmyvm@hotmail.com',19,0,11),('115320651','María Fernanda','Chaves','Arce',2,89170564,85449001,'maferjcjm@gmail.com',8,0,11),('115320822','JuanDiego','Chacón','Quirós',0,83083299,83083299,'jchaconquiros@hotmail.com',24,0,0),('115330194','Alexander ','Chacón ','Cubillo ',1,86096148,86096148,'alez_chacu@hotmail.com',17,0,11),('115330271','Sofia','Cordoba','Rivera',0,89876695,89876695,'soficor56@gmail.com',27,0,0),('115330333','Fernanada','chinchilla','chavarrìa',2,0,86407133,'ferchinchi@gmail.com',24,0,11),('115330487','Ian Paul','Alonso','Cedeño',1,86548368,86548368,'ip_alonso@hotmail.com',22,0,0),('115330707','Joel','Guzmán','Cruz',1,22360016,87796485,'joel.guzman.cruz@est.una.ac.cr',22,0,8),('115340452','Bryan','Madrigal','Pérez',1,85249400,85249400,'bemp93@hotmail.com',18,0,10),('115340566','César','Cornejo','Gómez',1,89147004,89147004,'cesarcr93@hotmail.es',22,0,0),('115350110','Isabel','Mesén','Fonseca',0,83889089,83889089,'issymf@hotmail.com',25,0,0),('115350135','Luis Diego','Arias','Campos',1,84659066,84659066,'diegoac33@hotmail.com',57,0,11),('115350203','Pamela','Bermudez','Rios',0,86401708,86401708,'pame_1524@yahoo.com',19,0,0),('115350416','Rosibel ','Solano ','Villalobos',2,22372399,85107800,'solano.villalobos.r@gmail.com',57,0,11),('115350439','Karina ','Rivera','Solano',0,86630264,86630264,'karyr85@gmail.com',24,0,0),('115350971','susana','centeno','vargas',2,88555834,88555834,'susycv93@gmail.com',20,0,0),('115360299','maria laura','marin','marin',2,85105806,85105806,'mariala845@hotmail.com',22,0,0),('115360560','Juan José','Rojas','Alfaro',1,22492917,87482032,'juanrojasjjra@gmail.com',18,0,11),('115360638','Kevin','Ballestero','León',0,8743918,8743918,'kballes24@gmail.com',21,0,0),('115370308','Prisilla ','Zamora','Abarca',2,22723312,85233009,'prixvegan@gmail.com',24,0,0),('115370625','Irving','Ruiz','Bellido',1,83553291,83553291,'ii_rb@hotmail.com',21,0,0),('115380441','Jose Eduardo','Vargas','Miranda',0,85090787,85090787,'eduardovm1993@gmail.com',24,0,0),('115380588','Melissa','Gutièrrez','Montero',2,0,89721840,'melissagutierrez20@gmail.com',13,0,11),('115380622','valeria','suarez','rocha',2,22451453,86662530,'vale_su22@hotmail.com',20,0,0),('115380662','carlos','bonilla','robles',1,22215454,89133564,'cbr_2491@hotmail.com',22,0,0),('115380742','stacy','gamboa','jimenez',2,87345885,87345885,'stacy.gj17@gmail.com',24,0,11),('115380814','Kevin','Gómez','Sandoval',1,83521286,83521286,'poncho.28.22.06@gmail.com',22,0,0),('115380874','KEVIN','GÓMEZ','SANDOVAL',1,83521286,83521286,'poncho.28.22.06@gmail.com',22,0,0),('115390516','Ariel ','Chaverri','Jimenez',1,87473851,87473851,'arieltouch@hotmail.com',20,0,0),('115390855','rebeca','chaves','rodrìguez',2,22863887,85378799,'beckylee.chaves@gmail.com',57,0,6),('115400121','Cristopher','Lara','Mora',1,22352997,85502267,'cris-lara@hotmail.es',57,0,11),('115400352','Fabián','Castro','Loría',1,87648789,87648789,'facho1106@hotmail.com',19,0,8),('115400440','Daniel','Tang','Villalobos',1,22936685,88008323,'danux25@hotmail.com',20,0,0),('115400594','Marìa Josè','Escoto','Chacòn',2,22682744,83186238,'marias2993@gmail.com',20,0,0),('115400667','Donaldo','Diaz','Madriz',1,88731089,88731089,'dona2007@hotmail.es',20,0,0),('115400812','Tatiana ','Fallas','Peñaranda',0,86337993,86337993,'ta_ti_107@hotmail.com',11,0,0),('115410409','Natasha ','Marín','González',2,24588187,88781075,'nata-93@hotmail.com',27,0,4),('115410544','Gabriela','Ávalos','Chavarría',2,86082888,86082888,'avalos_gaby@hotmail.com',22,0,6),('115410704','Faride ','Ismaelacle','Esquivel',2,22347494,88717476,'rarideismael@gmail.com',27,0,0),('115410875','Yoselin','Jiménez ','Vega',0,87781805,87781805,'fabi24lb@hotmail.com',3,0,0),('115420048','María José','Granados','Zúñiga',2,22218539,83114866,'mari_gz12@hotmail.com',50,0,0),('115420325','bryhan','rodriguez','mora',1,87384736,87384736,'brarodriguezm@hotmail.com',22,0,10),('115420712','fabricio','cortes','mora',1,22350738,87251877,'facormo8893@hotmail.com',15,0,11),('115420808','Jonathan','Charpentier','Duràn',1,24168150,85177342,'jonnathancharpentier@hotmail.com',22,0,0),('115420962','Mariela','Torres','Mora',2,22904415,8814969,'maritorres_138@hotmail.com',19,0,0),('115430125','Próspero','Meoño','Castillo',1,24460670,85166506,'ignacio_mc7@hotmail.com',22,0,0),('115430153','Kennet','Brown','Vargas',1,22193898,86612674,'kabv20@hotmail.com',15,0,6),('115430440','Gerardo','Mora','Quesada',1,85131277,85131277,'g.erm1993@hotmail.com',57,0,10),('115430786','natalia','marin','matarrita',2,87809593,87809593,'nmmcooper@hotmail.com',25,0,11),('115430844','María ','Araya','Rojas',2,84422589,84422589,'raquel.araya16@gmail.com',57,0,11),('115430867','Jennifer','Montero',' Valerio',2,60233045,60233045,'jenni.monva@gmail.com',19,0,11),('115430974','nathalia ','Calderon','Zeledón',2,22864223,89443846,'ncalderon-93@hotmail.com',59,1,10),('115430993','Isaac','Moreno','Alvarado',0,87846773,87846773,'isaac.morenocr@hotmail.com',24,0,0),('115440313','José','López','Rodríguez',1,83126645,83126645,'joselatran@gmail.com',19,0,0),('115440528','Jorge','Calderón ','Granados',1,85219748,85219748,'jemiliocg21@gmail.com',24,0,11),('115440571','beatriz','umaña','mendez',2,25401531,86860915,'titi08b93m@gmail.com',11,0,11),('115440729','alejandro','chavarria','murillo',1,22524433,70524877,'ale14cha@hotmail.com',3,0,11),('115450114','Daniel','Arias','Calderon',1,87236737,87236737,'dcalderon_13@hotmail.com',15,0,11),('115450181','Nicole','Rodríguez','Salas',2,87338991,87338991,'nicole_rs93@hotmail.com',22,0,0),('115450357','Eduardo','Ballestero ','Barrantes',1,22608213,85418803,'eballester22@hotmail.com',22,0,0),('115450470','Mariam','Aguirre','Hernández',0,86539962,86539962,'miriamah-284@hotmail.com',30,0,10),('115450766','Brigitte','Rojas','Dávila',0,60436221,60436221,'davilabrigitte@hotmail.com',13,0,11),('115460275','Mirian','Mora','Herrera',2,22922500,86665295,'m.i.r.i_93@hotmail.com',21,0,11),('115460912','Adrián ','Mora','Méndez',1,22924433,89508601,'adrianmoram93@gmail.com',50,0,0),('115470028','Fabricio','Murcia','Cascante',1,85250764,85250764,'fdmurciac@hotmail.com',57,0,0),('115470447','Alisson','Sànchez','Barquero',2,22440386,88771918,'ali_1099@hotmail.com',19,0,0),('115470735','Maria Fernanda','Lizano','Rojas',2,86148383,86148383,'mafer_1709@hotmail.es',22,0,8),('115470903','Amanda ','Cascante','Carranza',2,61361664,61361664,'carranzacascante@hotmail.es',18,0,4),('115470911','shannen ','fonseca','mendez',2,86224097,85270140,'shannenfonseca@gmail.com',18,0,10),('115480042','Isabel ','García ','PRADO',2,86750593,86750393,'isa3960@gmail.com',11,0,10),('115480072','Jimena ','Carballo','Mora',2,22886341,88953340,'jimecarballo@gmail.com',27,0,0),('115480194','Andreina','Jiménez','Salazar',2,84774642,84774642,'andreinaj0@gmail.com',18,0,11),('115480353','Dalia','Saenz','Espinoza',2,86128798,86128798,'dalise26@gmail.com',23,0,0),('115480479','Lolita','Arévalo ','Lagos',2,89085893,89085893,'lolita.arevalo19@gmail.com',20,0,11),('115480741','Fabiola','Delgado','Navarro',2,89450689,89450689,'anadelgado15@gmail.com',17,0,11),('115480826','Saúl','Chaverri','Solis',1,84797798,84797798,'saulfchs@hotmail.com',20,0,0),('115480866','grechen','Calderòn','palma',2,89684962,89684962,'grechen9315@hotmail.com',15,0,0),('115490085','Priscilla','Pinto','Umaña',2,27421035,87667229,'priscilla1993@hotmail.es',11,0,10),('115490087','Brenda','Vargas','Azofeifa',2,27421135,89422915,'brenvar18@hotmail.com',57,0,11),('115490167','Joselyn','Camareno','Chavarría',2,85476074,85476074,'lyn142004@hotmail.com',57,0,11),('115490203','Evelyn Nathalia ','Zamora','Badilla',2,86068599,86068599,'BADILLA-29@HOTMAIL.COM',22,0,11),('115490527','Rodrigo','Lopez','Mora',1,22546017,89083920,'ochovito@hotmail.com',20,0,0),('115500044','Critopher','Infante','Méndez',1,84500947,84500947,'infante.cam@hotmail.com',14,0,0),('115500406','Dennis','Quirós','Vargas',1,27687932,85969584,'dennis.qv05@gmail.com',19,0,0),('115500422','Santiago ','Badilla','Vega',1,22895027,88849240,'santiagobadilla@gmail.com',18,0,0),('115500731','Suzette','Requenez','Rojas',2,0,84165667,'suzetter11@hotmail.com',20,0,6),('115510466','francisco','gonzalez','rodriguez',1,22396337,87832868,'franrivera_@hotmail.com',24,0,0),('115510507','Carlos','Rojas','Calderon',1,22240827,83090250,'carlosrojas@hotmail.es',21,0,0),('115510567','dominique','araya ','monge',1,22451087,86591862,'ni.ki15@hotmail.com',24,0,11),('115510879','Juan Diego','Montero','Ovares',1,89090769,89090769,'jdmo2510@gmail.com',20,0,11),('115510886','Elvin','Valverde','Morera',0,89494679,89494679,'elvalmor_231093@hotmail.com',22,0,10),('115520214','Karina','Angulo','Cedeño',0,83815618,83815618,'karinacosta_715@hotmail.com',19,0,0),('115520241','Frander','Vindas','Hernández',1,22145686,87729392,'frander_21@hotmail.com',22,0,0),('115520799','Aaron ','Cordero','Guerrero',1,86496566,86496566,'aaroncg10@outlook.es',17,0,10),('115530052','Juan Carlos','Sandí','Morales',1,89687444,89687444,'junisandi@yahoo.com',18,0,8),('115530347','Jose Alonso','Amador','Vargas',1,89400519,83492822,'jose.alonso.ao2011@hotmail.es',22,0,0),('115530351','Elena Carolina','Mora','Cordero',2,83116209,86223900,'carmc06@gmail.com',22,0,0),('115530482','Susana','Ureña','Mora',2,84079011,84079011,'susaum44@hotmail.com',20,0,11),('115530574','Allan','Quiros','Mora',0,86917524,86917524,'allan.eqm@gmail.com',24,0,0),('115530936','Cinthya','Blanco','Alvarado',2,22220125,86327429,'cinthya.blan.93@hotmail.com',8,0,0),('115540223','Ivan Mauricio','Molina','Delgado',1,83396004,83396004,'mamode20@hotmail.com',53,0,0),('115540534','Daniel','Quesada','Sandì',1,22927445,89660898,'danielqs12@hotmail.com',22,0,0),('115540689','AMARANTA','ALAS','PORTILLO',2,22607378,85455931,'amaalas10@gmail.com',50,0,0),('115540717','Joselyn ','Miranda','Gonzalez',2,84827791,84827791,'yoselyndaniela@gmail.com',19,0,0),('115540828','Christian','Ureña','Zamora',1,22036930,86044255,'christian.urena@me.com',22,0,0),('115540992','Manuel','Alfaro','Rivel',1,22828358,85141812,'josma1493@hotmail.com',17,0,0),('115550511','Susana','Matamoros','Sànchez',0,87326222,87326222,'z_zuuu@hotmail.com',8,0,0),('115550998','Cristina ','Alfaro','Tapia',2,83462285,83462285,'cr66832@gmail.com',19,0,0),('115560033','Cristian','Carrizo','Jiménez',1,85456164,85456164,'carrizochristian@ymail.com',22,0,0),('115560135','Natalia','Aguero','Araya',2,22393754,83255544,'nathyaguero@hotmail.com',15,0,0),('115560434','Felipe','Fallas','Alvarado',1,70813483,70813483,'olafel.fallas@yahoo.com',20,0,0),('115560444','Rebeca','Valerio','Solís',2,22382597,88524316,'rebeca.valerio.1@hotmail.com',11,0,11),('115560535','Natalia','Aguero','Araya',2,22393754,83255544,'nathyaguero@hotmail.com',15,0,0),('115560551','Paola','Durán','Morales',0,89473191,89473191,'p_daniela93@hotmail.com',30,0,10),('115560655','Roy Gerardo','Monge','Oviedo',1,22275446,89090788,'roy-monge@hotmail.com',17,0,0),('115560707','Laura','Quiros ','Mayorga',0,83342056,83342056,'lauraqm@hotmail.es',25,0,0),('115560988','Maria Belyini','Monge','Torres',0,84477565,84477565,'belyinimonge91@gmail.com',23,0,10),('115570041','Karina','López ','Mora',2,84896398,84896398,'kal93@hotmail.com',19,0,0),('115570070','Tiffany ','Valverde ','Garro',2,86247990,86247990,'tivaga93@gmail.com',18,0,11),('115570091','Samira','Jalet','Quesada',2,84208201,84208201,'chamiska10jq@hotmai.com',23,0,0),('115570378','Sergio','Young','Fuentes',1,88005005,88005005,'Sergioyoung@hotmail.com',8,0,0),('115570415','Sofía','Lee','Castillo',0,84661273,84661273,'sofialeec23@hotmail.com',20,0,0),('115570978','Mauren','Chacón ','Navarro',2,24385492,84461097,'macha_3193@hahoo.com',8,0,11),('115580131','Evelyn','Díaz','Jiménez',2,87931398,87931398,'evelyndiaz@gmail.com',21,0,0),('115580161','Alvaro ','Zuñiga ','Bolaños',1,86634230,86634230,'aazuniga7@gmail.com',22,0,11),('115580201','Edgar Esteban','Cruz ','Fernández',1,85819216,85819216,'degar07@msn.com',57,0,11),('115580593','Sofía','Vargas','Fallas',0,84898576,84898576,'sofiavafa@gmail.com',24,0,0),('115580644','Karina','Chinwo','Camacho',2,84181939,84181939,'karicwc12@gmail.com',22,0,0),('115580723','Jocelyn','Ferlini','Jimenez',2,85776113,85776113,'jferlini204@hotmail.com',57,0,0),('115580727','iliana','vargas','meza',2,22834936,89675732,'ilivm@hotmail.com',11,0,0),('115580742','kendall','salazar','arce',1,0,85326258,'kendall19arce@hotmail.com',22,0,11),('115580754','Susan','Morales','González',2,86220641,86220641,'sussan_mg7@hotmail.com',57,0,0),('115580921','luis alejandro','navarro ','jimenez',1,24501790,87449966,'luis-jime@hotmail.com',8,0,11),('115580947','aron','Obando','Castillo',1,85683545,86222577,'ar0n_Xd@hotmail.com',50,0,11),('115580978','jessica','mena','calvo',2,86536366,86536366,'pame271293@gmail.com',15,0,11),('115590680','jerry','chacón','mayorga',1,22509282,88272081,'jerry152009@hotmail.com',17,0,11),('115590857','Irene','Obando','Quirós',2,22537358,89730382,'neneyi119@hotmail.com',8,0,5),('115600223','Laura','Figueres','Saenz',2,83964793,83964793,'laufisa08@hotmail.com',50,0,0),('115600439','Karen ','Salazar','Vargas',2,24162059,87792799,'kasalazar.salazar@hotmail.com',27,0,0),('115600470','Devi','Solórzano','Cortés',2,22636439,89459893,'dayana23sol@hotmail.com',18,0,0),('115600535','Brenda','Ruiz','Montiel',2,22681068,88794838,'brendaruizm@hotmail.com',22,0,0),('115600560','Melanny','Díaz','Barboza',0,60168056,60168056,'daniela3194@gmail.com',50,0,0),('115600725','Ericka','Mora','Delgado ',2,86602812,86602812,'erickamora10@hotmail.com',57,0,11),('115600755','Jorge','Valverde','Ilama',1,87990241,87990241,'JORGE.mosco@hotmail.com',24,0,11),('115600927','jesus','castillo','segura',1,25440547,86423932,'jecastillose14@gmail.com',18,0,11),('115610297','Gabriela','Álvarez','Vragas',2,22851283,88331135,'galvez_115@hotmail.com',15,0,4),('115610617','Viviana','Garro','Scharfer',2,62356153,62356153,'bibi.ga04@hotmail.com',15,0,0),('115610655','Héctor','Carvajal','Hernández',0,85352250,85352250,'hectoralx555@hotmail.com',22,0,10),('115610859','Justin','Oguilve','Chacón ',1,22684343,84025620,'jusog17@hotmail.com',22,0,0),('115620366','karen','bermudez','barrantes',2,22693253,87103768,'karen-j15@hotmail.com',18,0,0),('115620764','Alexia','Pereira','Casal',2,89681194,89681194,'alexia.pereira.23@gmail.com',19,0,0),('115620911','Gabriela','Jimenez','Bermudez',2,89463031,89463031,'gabyjibe@hotmail.com',22,0,0),('115630417','Andrea','Avendaño','Vargas',2,22624322,70180624,'a.avendano@gmail.com',19,0,0),('115630571','carlos ','badilla','garcia',1,24531046,83167564,'fikar@hotmail.es',15,0,0),('115630614','Yariela ','Jiménez','Marín',2,86521486,86521486,'yari.j02@hotmail.es',18,0,11),('115630739','Daniela','Fernández ','Rojas',2,22943737,83045778,'danicr1994@hotmail.com',27,0,0),('115630857','Diana','Morales','Hidalgo',2,22759934,85814600,'dianamohi@hotmail.com',53,0,0),('115640071','Pablo','Vargas ','Sandì',1,22501089,70141739,'potto2394@gmail.com',22,0,11),('115640339','manuel','zuñiga','soto',1,22932612,84196692,'manuelzuso@gmail.com',15,0,11),('115640340','Mario José','Zúñiga','Soto',1,22932612,84196805,'mariojosezu@gmail.com',15,0,11),('115640490','Melissa','Leiva','Picado',2,85504270,85504270,'melissaleivap21@gmail.com',15,0,11),('115640698','marìa josè','cordero','trejos',2,0,85685006,'mcordero546@gmail.com',19,0,11),('115640942','Adoris','Alfaro','Durán',0,86602135,86602135,'adorisalfaro@hotmail.com',50,0,0),('115650081','Josette Lucía ','Araya','Navarro',2,86422079,86422079,'josette.an@hotmail.com',20,0,0),('115650177','yosette ','jimenez','campos',2,24173215,87699972,'yosettejimenez@gmail.com',15,0,8),('115650408','Adriana','Chaves','Enriquéz',2,86866384,86866384,'ace19-03@hotmail.com',21,0,11),('115650461','gloriana ','chavarria','solìs',2,22887424,83418666,'glochs_0394@hotmail.com',57,0,0),('115650479','Ricardo ','Ulloa ','Méndez',0,60315068,60315068,'r_cmendez@hotmail.com',15,0,0),('115650642','Daniel Isaac','Ortega','Carranza',0,40300336,40300336,'darkraidnl@hotmail.com',22,0,0),('115660156','Ana Sofia','Barrantes','Arrieta',2,22415660,88279853,'anasofiabarrantes@hotmail.com',19,0,0),('115660169','Graciela ','Saènz','Olivas',2,22411639,86504042,'graci9400@hotmail.com',19,0,0),('115660437','Agustin','Rodriguez','Arias',1,89980256,89980256,'javier.tin17@gmail.com',25,0,11),('115660438','Erika','Arias','Arias',2,86279937,86279937,'stefannyari1703@hotmail.com',8,0,11),('115660598','Jacqueline','Salazar','Chacón',0,87443957,87443957,'yaclyn03@hotmail.com',20,0,0),('115660672','Maria Gabriela ','Lizano','Arroyo',2,22365126,89755865,'gabilizano@hotmail.com',11,0,0),('115660878','Daniela','Calvo','Jara',2,89460051,89460051,'danny071918@hotmail.com',8,0,0),('115670275','Stephanie','Castillo','Herrera',2,25462534,86793373,'castillotefa@hotmail.com',57,0,11),('115670690','Brandon','López','Álvarez',1,22630268,87673594,'bran_lop@hotmail.com',22,0,11),('115680425','polette','aguero','gomez',2,22626833,86774433,'polette_28@hotmail.es',18,0,11),('115680641','Angélica ','Mata',' Jiménez',0,889791726,889791726,'angelikamatacr@hotmail.com',15,0,0),('115680788','Jordan','Aguirres','Cordero',0,89560510,89560510,'jordanagico@hotmail.com',27,0,11),('115690031','Joselyn ','Barboza','Madrigal',2,86900611,86900611,'yosy494@hotmail.com',21,0,11),('115690136','Carolina','Picado','Durán',2,89528030,89528030,'carolml10@hotmail.com',14,0,10),('115690559','Jacquelinne','Chavarrìa','Ulloa',2,0,70244181,'mackie1102@gmail.com',22,0,3),('115690622','Sofía ','Coto ','Brenes',2,22795433,85292808,'socobre5@gmail.com',57,0,0),('115700077','Jason','Barrera','Herrera',0,89720626,89720626,'jbarrera_93@hotmail.es',23,0,11),('115700081','Jasson','Villalobos','Valverde',1,24166231,87503739,'jeison.villa28@gmail.com',19,0,11),('115700110','José Alejandro ','Bermudez','otárola',1,24163658,87578643,'ale.bermudez11@gmail.com',22,0,0),('115700862','Luis Steven','Cordero','Guerrero',1,0,86033117,'stui15.7@gmail.com',22,0,0),('115700938','Masiel','Zuñiga','Lopez',2,22926795,89644909,'masi94zl@hotmail.com',50,0,0),('115710049','Ronald','Ramirez','Hernandez',1,22683192,89519407,'ronald203040@gmail.com',60,1,11),('115710086','Allan','Rivera ','Solis',1,22481731,88905855,'allan2394@gmail.com',22,0,0),('115710356','jose albeto','vásquez','rodríguez',1,24877789,86690453,'jovas168@gmail.com',24,0,0),('115710881','johann','stolz','solís',1,22971160,89806457,'jhn-76@hotmail.com',20,0,0),('115720098','Stephanie ','Segura','Sibaja',2,22684478,89612216,'nenasib@hotmail.com',57,0,0),('115720231','Nancy','Castro','Fenández',0,87105668,87105668,'nancafer@gmail.com',19,0,0),('115720650','Wendoly','Castillo','Arrieta',2,89602735,89602735,'wen_02junio@hotmail.com',18,0,0),('115720691','Steven','Barboza','Padilla',0,83040434,83040434,'stevec17@hotmail.es',25,0,0),('115720923','Emmanuel','Hernández','Vega',1,86654011,86654011,'hernandezemmanuel@gmail.copm',22,0,0),('115730219','Eduardo','Chaves','Ramírez',1,22288246,85803596,'e_chavez_15@hotmail.com',22,0,0),('115730846','Kevin','Durán ','Guzmán',1,86177157,87781887,'kevd11@hotmail.es',21,0,0),('115730982','Gabriela','Mizrachi','Mourelo',2,22854657,88869449,'gamizra@hotmail.com',27,0,0),('115740145','Priscilla','Miranda','Sánchez',2,88871709,88871709,'pri_s_0710@hotmail.com',22,0,0),('115740267','Diego','Esquivel','Ovares',1,84491165,84491165,'di3go-21@hotmail.es',22,0,11),('115740466','maria','fernandez','palma',2,22903605,89873186,'fernandez636@gmail.com',22,0,11),('115740614','Krizya','Vidal','Herrera',2,22628931,85295517,'krizyavidal@hotmail.com',22,0,11),('115740939','José','Delgado ','Salazar',1,87515376,87515376,'alej0o7@hotmail.com',22,0,0),('115750112','María Fernanda','Céspedes','Núñez',0,89040829,89040829,'marfercespedes04@hotmail.com',22,0,0),('115750155','jose','gòmez','mèndez',1,0,86853297,'7jose@hotmail.es',17,0,11),('115750220','Daniel','Hernández','Mora',1,88770179,88770179,'dhmora04@gmail.com',57,0,0),('115750391','Marco','Avila','Carvajal',1,27734369,85206475,'marco_avila24@hotmail.com',26,0,0),('115750410','Juan','Portuguez','Brenes',0,87213412,87213412,'arturotoportugue@gmail.com',19,0,0),('115750414','LEANDRO','FERNÀNDEZ','ARAYA',1,22972148,88584756,'lenfasp_94@hotmail.com',8,0,0),('115750499','Manuel ','Porras','Serrano',1,87904332,87904332,'manucheers99@gmai.com',19,0,0),('115750665','Mónica','Espinoza','Velásquez',2,22260456,83345662,'monica_9429@hotmail.com',15,0,0),('115750850','María Graciela','Ceciliano','Cordero',2,86306204,86306204,'grasceciliano1494@hotmail.com',21,0,0),('115750922','María','Martìnez','Pérez',2,86403582,86403582,'silito94@hotmail.com',11,0,0),('115760488','Steven ','Gomez','Caballero',1,87929799,87929799,'stevengc18@hotmail.com',24,0,11),('115760508','Shakira ','Johnson','George',2,89266475,89266475,'shaki1594@hotmail.com',20,0,0),('115760531','Guiselle','Valverde','Barboza',2,85095578,85095578,'guis-163@hotmail.com',4,0,11),('115760612','karla','Fallas','Rivera',2,89652329,89652329,'k_gabri23@hotmail.com',18,0,0),('115760775','Andrea María','Valerio','Salas',2,22401805,89322014,'andrea.1894@hotmail.com',11,0,0),('115770095','Valentín','Moya','Víquez',0,86602453,86602453,'vmvcr6@gmail.com',8,0,0),('115770237','Juan Carlos','Barrantes','Amador',0,86743099,86743099,'juancarlosbarrantesamador@gmail.com',15,0,11),('115770531','Lina','Azofeifa','Azofeifa',2,22902713,84279268,'lazofefaa@hotmail.com',19,0,0),('115770535','Lina','Azofeifa','Azofeifa',2,22902713,84279268,'lazofeifaa@hotmail.com',19,0,0),('115770593','Krisler','Doren','Méndez',0,87786505,87786505,'Krislerdmendez@gmail.com',8,0,0),('115770830','Carolina ','Aguilar','Alvarado',2,24429482,85696814,'caguilar_alvarado@hotmail.com',21,0,0),('115770978','Mauricio','Campos','Carrión',1,25400440,86270188,'mauccarrion94@gmail.com',15,0,11),('115780009','Nicole','Arano','Zeledón',2,22941886,85530796,'nicki_arana@hotmail.com',8,0,11),('115780106','MARIA JOSÈ','LÒPEZ ','BRENES',2,24168917,86801016,'mari.jo.l@hotmail.com',18,0,11),('115780336','Kenneth','Fernandez','Jimenez',1,24160980,86038865,'ket-0808@hotmail.com',53,0,11),('115780483','Brandon','Hollister','Leiva',1,61352428,61352428,'bjhollister-3@hotmail.com',19,0,11),('115780630','Daniel','Cañas','Lopez',0,71039889,71039889,'canasdaniel11@gmail.com',22,0,0),('115780971','Maria Angélica','Azofeifa','Cortéz',2,85036041,85036041,'ma.angel94@hotmail.com',22,0,11),('115780991','Arturo','Montero','Montero',1,24536592,83966038,'ticomontero14@hotmail.com',15,0,0),('115790168','VIVIANA','LEITÓN','MADRIGAL',0,86835842,86835842,'vivilm13@hotmail.com',57,0,11),('115790397','Josue','Loria','Guevara',1,22298089,85972117,'jloriag@hotmail.com',22,0,11),('115790398','Mario','Herrera','Carmona',1,86736717,86736717,'steven.herrera.cr@gmail.com',22,0,0),('115790422','Michael','Perez','Ruiz',0,85570783,85570783,'mickandres17@hotmail.com',24,0,0),('115790444','Alejandro','Gamboa','Barahona',1,89960537,89960537,'alegamboaba.17@gmail.com',22,0,0),('115790611','Abel','Rodríguez','Zúñiga',1,27713685,89622208,'abeljosuerz@gmail.com',11,0,0),('115790861','Katherine','Quesada','Valerio',2,89373043,89373043,'kathy.quesada18@gmail.com',18,0,0),('115790957','Adriana','Barrantes','Rojas',2,224284306,87808923,'adriana21jeje@hotmail.com',19,0,0),('115800539','Noelia','Vargas','Marín',2,86836182,86836182,'nobevargas30@hotmail.com',15,0,11),('115800638','Marí Dayana','Castro','Fernández',0,84654124,84654124,'dayicastrof@gmail.com',11,0,0),('115800781','Kimberly','Valverde','Solano',2,22542594,88545182,'kimberly.valverde@gmail.com',50,0,0),('115800858','Andrea','Moreno','Novo',2,22384807,86630215,'andremn94@gmail.com',15,0,0),('115810013','Nicolle','Méndez','Valverde',0,88873653,88873653,'nicolle.mendez.nicki@gmail.com',24,0,0),('115810195','Tatiana','Hernandez','Rodriguez',2,71402037,85315275,'tatyhr-3@hotmail.com',20,0,0),('115810361','Kristhel','Vargas','Brenes',2,22250213,87910860,'istelvb05@hotmail.com',13,0,0),('115810427','Bibiana','Rodríguez','Jiménez',2,89790291,89790291,'bibi_ove@hotmail.com',50,0,0),('115810636','Maria','Miranda ','soto',2,27701315,89802420,'mariafm27@hotmail.com',21,0,0),('115810732','Elisa','Rivera','Piedra',2,25481087,84427784,'er.gracieli@gmail.com',15,0,7),('115820100','Sebastián ','Marín ','Jaubert',1,22920239,87619457,'zejasmj1694@hotmail.com',17,0,0),('115820165','Anders','Chinchilla','Jaubert',0,70913092,70913092,'anders112008@hotmail.com',50,0,0),('115820225','Ariana','Chinchilla','Calvo',0,85909000,85909000,'ari_1209@hotmail.com',8,0,0),('115820298','Michelle','López','Fallas',2,87386694,87386694,'michigan18@hotmail.it',19,0,10),('115820402','Julio','Bolaños','Chaves',1,22653613,86997988,'julio_20bch@hotmail.com',22,0,0),('115820594','María Félix','Lacayo','Moya',0,71258084,71258084,'Mafe18091m@gmail.com',11,0,11),('115820686','Enmanuel','Morales','Cordero',1,84135679,84135679,'chumo_07@hotmail.com',24,0,0),('115820771','Ericka','Villalobos','Soto',0,87745445,87745445,'ekakiki_09@hotmail.com',4,0,0),('115830508','Mauren','García','Salazar',2,86352472,86352472,'semau22gs@hotmail.com',15,0,8),('115830525','daniela','montero','barrantes',2,24831679,87719207,'danielamb23@hotmail.com',19,0,0),('115830557','Melannie','Zumbado','Prado',2,24434492,86718678,'melazp11@hotmail.com',50,0,0),('115830928','Francisco','Vargas','Rojas',1,88603540,88603540,'franvr94@gmail.com',22,0,0),('115840113','Juan Carlos','Sánchez','Miranda',1,22286338,86658826,'juankad910@hotmail.com',8,0,11),('115840539','Jorge Andrés','Bonilla','Méndez',1,273820387,84625936,'jorgeabm2109@hotmail.com',14,0,11),('115840690','Ronny','Calderon','Solano',1,87146902,87146902,'ro94ca@gmail.com',22,0,11),('115850106','Joselyn','Guzmán','Picado',0,60821211,60821211,'josiguzp.16@gmail.com',15,0,10),('115850246','Diana','Solano','Arias',2,22452645,86100162,'dianasa94@live.com',11,0,0),('115850400','Melany','Szyfer','Castillo ',2,24394143,87558563,'melany_szyfer@hotmail.com',57,0,11),('115850529','Daniel','Salas','Morales',1,60360269,60360269,'jdn0213@gmail.com',22,0,0),('115860422','Lucía',' Vargas','Araya',0,86665911,86665911,'vargas.lucia1810@gmail.com',19,0,0),('115860716','Kevìn','Retana','Cedeño',1,22359744,87057388,'kevinrc1994@gmail.com',22,0,0),('115860912','Candace','Ortiz','Abarca',0,71024463,71024463,'can.ortiz02@hotmail.com',50,0,0),('115870090','Brayam','Corea','Vargas',1,22131867,89647266,'corea657@gmail.com',22,0,11),('115870137','Karina','Diaz','Guzmán',2,87919249,87919249,'kary_dig@live.com',11,0,0),('115870323','HERASMO','VARGAS','CARVAJAL',1,22626779,60084608,'herasvargasc@gmail.com',8,0,11),('115870401','Roberto','Taylor','Acuña',1,83012723,8954926,'r.stebantaylor@hotmail.com',22,0,0),('115870775','Aida','Gandulla','Becerra',2,22262756,86430743,'aidagandulla@yahoo.es',14,0,0),('115870926','Valerio','Cordero',' Castillo',0,83564341,83564341,'vcorderocastillo@gmail.com',39,0,0),('115870927','Diana','Ulate ','Brenes',2,22730169,88655539,'diana.ulate@hotmail.com',22,0,0),('115880371','Daniela','Gómez ','Granados',0,83478998,83478998,'danigog@hotmail.com',50,0,0),('115880575','CAROLINA ','MORALES','MOLINA',2,22355183,85933600,'karitol07_@hotmail.com',5,0,0),('115890316','Danny','Chavarria','Vega',0,61290053,61290053,'dachv13@hotmail.es',22,0,0),('115890524','Erika','Acosta','Secuiu',2,84861282,84861282,'636acosta@gmail.com',57,0,11),('115894','NATALIA','CANO','CANO',2,88788276,87806195,'NATHALIACANO10@GMAIL.COM',34,0,0),('115900218','Marielia','Calderòn','Quesada',2,885224371,885224371,'mari_calde20@hotmail.com',53,0,0),('115900677','Yanory','Monge','Fernández',2,86301483,86301483,'yanorymf@hotmail.com',19,0,11),('115900723','Valeria','Hernandez','Campos',2,22616390,84220626,'vvvale02@hotmail.com',25,0,10),('115910757','Carolina ','Picado ','Alvarado',0,86112346,86112346,'karo_12_94@hotmail.com',50,0,0),('115910968','Monserrat','Mora','Torrentes',0,86953861,86953861,'monse-lin@hotmail.com',57,0,0),('115920337','Kelyn','Méndez','Chacón',2,84656698,84656698,'keymamc@gmail.com',17,0,0),('115920564','Sofia','Camacho','Ruiz',2,89791855,89791855,'sofitacr16@hotmail.com',19,0,11),('115920602','Jose Gerardo','Marin ','Fernandez',1,22608308,87582455,'geramarinfer03@gmail.com',22,0,11),('115920802','Juan Pablo','Gutiérrez','García',1,22854674,22854674,'dylan7792@hotmail.com',22,0,0),('115920996','ALEYDA','ACUÑA ','ARIAS',2,22683830,85625923,'tita1032@hotmail.es',8,0,0),('115930416','Yeilin','Guadamuz','Umaña',2,84662061,84662061,'yeilin_guadamuz@hotmail.com',14,0,0),('115930669','Andrey','Granados','Muñoz',0,85949491,85949491,'andreygram@hotmail.com',15,0,11),('115930699','Andrey','Granados','Muñoz',0,85949491,85949491,'andreygram@hotmail.com',15,0,0),('115940074','Hillary','Brenes','Monge',2,85427464,85427464,'hilbrenes@hotmail.com',19,0,3),('115940164','Nataly','Cornejo','Cerda',2,87639574,87639574,'nathy95_isabel@hotmail.com',22,0,0),('115940200','Marvin','Camacho','Salas',1,89093364,89093364,'marv0712@gmail.com',22,0,0),('115940286','Diego ','Fonseca','Martínez',1,22141195,87671526,'diego_fonseca_maritinez@hotmai.com',21,0,0),('115940442','Karina','Salas','Elizondo',0,89559067,89559067,'ksvanesa522@gmail.com',23,0,0),('115940887','Adriana','Arias','Calvo ',2,86160205,86160205,'nana029pz@hotmail.com',53,0,0),('115950093','José Miguel','Cascante','Zamora',1,87690836,87690836,'miguelcz19@hotmail.com',19,0,0),('115950228','Viviana ','Campos ','Morales',0,83037991,83037991,'vivi-161@hotmail.com',25,0,0),('115950304','KAROL','PEREIRA','CHAVARRIA',2,86305312,86485024,'karolpch17@hotmail.com',27,0,0),('115950689','priscilla','pizarro','barquero',2,22609134,86317204,'pripizarro@gmail.com',8,0,0),('115950718','Katherine','Córdoba','Rodríguez',2,22443635,83130654,'kathy24_1@hotmail.com',57,0,0),('115950843','Valeria','Villero','Nuñez',0,71040780,71040780,'valeria_villero@hotmail.com',27,0,0),('115950971','Susana','Centeno','Vargas',2,22937260,88555834,'susycv93@gmail.com',20,0,0),('115960091','Leonardo','Leiton','Jimenez',1,24416128,70411358,'leonardoleiton_42@hotmail.com',8,0,0),('115960329','Mariana ','Araya','Alcazar',2,24382051,88974483,'maraya_10cr@hotmil.com',53,0,0),('115960503','Fiorella','Ramirez','Duran',2,84352291,84352291,'fio_95@outlook.com',19,0,0),('115960702','Georgia','Hernandez','Corrales',2,22607723,89194935,'georgia.hernandez@hotmail.com',19,0,0),('115960792','Ian','Vargas','Carrillo',1,22863448,85081698,'ianpaulv@yahoo.com',18,0,0),('115970020','Lindsay','Granados','Solano',2,22521676,89474231,'lindgs08@hotmail.com',8,0,11),('115970182','María Fernanda ','Rojas ','Mata',2,0,87616389,'mariaferrm23@hotmail.com',24,0,11),('115970489','Polette','Campos','Campos',2,22348719,89755956,'polecampos09@gmail.com',22,0,0),('115970576','Banny','Mata','Herrera',0,87471170,87471170,'banny_michi@hotmail.com',15,0,0),('115970895','Jose Alberto ','Ramirez ','Arguedas',1,24422786,84245941,'jose24a@hotmail.com',22,0,0),('115980042','hazel','mora','cerdas',2,24160163,87544908,'hazel13555@hotmail.com',15,0,11),('115980118','Andrey','Ureña','Martínez',1,85891575,85891575,'andrey9504@hotmail.com',26,0,11),('115980449','Irene','Rodriguez','Arce',2,87147665,87147665,'irenosa.rodriguez@hotmail.com',57,0,0),('115980831','Carolina ','Rojas','Rivera',0,84789643,84789643,'caritorojitas@gmail.com',15,0,0),('115980860','Taina','Casares','Sardí',2,86045636,86045636,'tinacasar@hotmail.com',18,0,0),('115980954','Felipe','Calderón','Monge',1,88659974,88659974,'felipe25542@hotmail.com',27,0,0),('115990115','Andrés','Montoya','Chinchilla',1,60351600,60351600,'chetes1221@hotmail.com',24,0,0),('115990142','valeria','vargas','jimènez',2,85674685,85674685,'valeriavar03@hotmail.es',12,0,11),('115990319','JEREMY','ZELEDÒN ','LÒPEZ',1,22600782,86416169,'jerezeledon@gmail.com',20,0,0),('115990376','Roberto','Fonseca','Cambronero',0,84113533,84113533,'rolofc@hotmail.com',43,0,0),('115990458','Kenett','Vega ','Vargas|',1,86181892,86181892,'kenethvv17@gmail.com',22,0,11),('115990676','Daniela','Sancho','Oakes',2,85040996,85040996,'danidaoakes@hotmail.com',18,0,0),('116000002','Mario','Alvarado','Vega',1,22296419,87199968,'marioav2764@gmail.com',22,0,0),('116000094','Daniela','Dávila','Arce',0,84162329,84162329,'danieladavilaa6395@gmail.com',50,0,0),('116000096','Vrónica ','López','Rodríguez',0,88667261,88667261,'verolopezrod@hotmail.com',38,0,0),('116000340','Fiorella','Montenegro ','Hernàndez',2,24455684,87923711,'fioremh95@hotamail.com',13,0,11),('116000525','Pablo José','Guerrera','Vasquéz',0,83107011,83107011,'plabscore@hotmail.es',19,0,0),('116000642','Natalia','Alfaro','Arias',0,87998645,87998645,'nati.alfaro18@gmail.com',18,0,0),('116000696','Melissa','Solís','Navarro',2,70501617,70501617,'melyta1995@hotmail.com',53,0,0),('116000730','MARÌA MARTA','BLANCO','MONTERO',2,89212322,89212322,'maryblanco14@hotmail.com',8,0,0),('116000970','sebastian','matarrita','lorente',1,22340752,85294713,'sebasmatarrita90@hotmail.es',15,0,0),('116005','Lizett','Espinoza','Espinoza',2,89767874,89767874,'liz.e1303@hotmail.com',8,0,11),('116010019','lucia','murcia','cordero',2,22960184,88836795,'lucorque@hotmail.com',19,0,0),('116010070','Jean Carlo','Saenz','Cordero',0,85526106,85526106,'jeancarlo.saenz.7798@hotmail.com',60,1,11),('116010152','Denisse','Tenorio','Alvarez',2,22948237,84259951,'nenitenorio@hotmail.com',50,0,11),('116010205','Yaxary','Chavarría','Valverde',2,22650890,87693525,'YaxaryChVal@hotmail.com',17,0,0),('116010236','diana','navarro','rojas',2,85517825,85517825,'diananavarro14@hotmail.com',21,0,11),('116010303','Lyndsay','Porras ','Corrales',2,86884269,86884269,'lindsay9521@gmail.com',53,0,10),('116010345','Yuliana','González','Rojas',2,83129846,83129846,'yuligr2303@gmail.com',18,0,11),('116010405','Jorge Lius','García ','Araya',1,22332917,86606497,'jorge-ah27@hotmail.com',15,0,0),('116010440','Gisela','Machado','García',0,86236210,86236210,'giselangel95@hotmail.com',11,0,0),('116010914','miguel','salazar','viquez',1,22606241,84392071,'mviquez815@hotmail.com',57,0,0),('116020204','Mónica','Ruiz','Murillo',0,84179885,84179885,'monicarm30@gmail.com',39,0,0),('116020612','Bryan ','Ureña ','monge',1,22223442,85805289,'yitanbu@gmail.com',19,0,5),('116030303','Jorge Arturo','Gómez','Alvarez',0,89948484,89948484,'jorgeortgomez@hotmail.com',50,0,0),('116030616','María José','Monge','Joya',0,83098174,83098174,'mariajosemjmj@hotmail.com',50,0,0),('116040045','Daniel Jose','Ruiz','Gonzalez',1,87362895,87362895,'danruizg@hotmail.com',22,0,0),('116040135','Daniel','Cordero','Rodríguez',1,86594426,86594426,'daniel_sk8-cr_@hotmail.com',22,0,0),('116040144','Steve','Díaz','Reyes',1,89629517,89629517,'stevediaz748@gmail.com',22,0,0),('116040259','fiorella','vega','rojas',2,24425185,83293619,'fiorella_vega@hotmail.es',19,0,10),('116040323','Marymar','Venegas','Arévalo',2,84692484,84692484,'venegas_mari22@hotmail.com',22,0,0),('116040710','Rebeca','Cerdas','Quiros',2,22397274,83246935,'rcerdasquiros@gmail.com',22,0,0),('116040722','Yeslin','Carmona','Alfaro',2,84346299,84346299,'yescar26@gmail.com',11,0,0),('116050021','Catalina','Solano','Elizondo',2,22728408,88556436,'cata.solano.e@gmail.com',22,0,0),('116050073','Katherine ','Corrales ','Araya',2,24511434,85568925,'kathy28_11@hotmail.com',22,0,0),('116050102','diego','fallas','bejarano',1,22608530,85612913,'diego_fallas95@hotmail.com',8,0,10),('116050193','Jorge Arturo','Barrantes','Montoya',0,84613796,84613796,'bmarturo@outlook.com',24,0,0),('116050427','anthony','amador','brenes',1,27423045,88529613,'anthony9542@hotmail.com',15,0,11),('116050859','Laura','Flores','Rojas',2,22223439,83329602,'lau29f@hotmail.com',22,0,0),('116060002','Michael ','Cordoba ','Alvarado',0,89437637,89437637,'mcordoba41@hotmail.com',25,0,11),('116060343','Fiorella','Cavallini','Azofeifa',0,71125352,71125352,'fiofiocao@gmail.com',11,0,0),('116060373','Sergei ','Redondo','Lopez',1,22618283,86133161,'sergei_redondo@hotmail.com',19,0,0),('116060406','Sixto','Quesada','Carranza',0,87654826,87654826,'sixtoquesada518@gmail.com',50,0,0),('116060474','Vivian','Sequeira','Peraza',0,85995953,85995953,'viviseque@hotmail.com',57,0,0),('116060623','tatiana ','orantes','sibaja',2,87421932,87421932,'tavane_9@hotmail.com',53,0,0),('116060735','Arlene','Padecio','Rodríguez',0,88979652,88979652,'faty-13.5@hotmail.es',11,0,0),('116060785','Laura','Arias','Retana',0,88039100,88039100,'ariasretana_7@hotmail.com',8,0,11),('116060816','Jeancarlo','Fallas ','Rojas ',1,24875261,84328012,'jfallas@cetransa.com',22,0,0),('116060948','Priscilla','Chaves','Salazar',0,86718712,86718712,'pri-215@hotmail.com',50,0,0),('116070134','Erick ','Vargas','Monge',1,27719206,87294938,'erickvargas95@gmail.com',20,0,0),('116070173','Jeffrey','Simpson','Peñaranda',1,86111309,86111309,'jeffsp_95@hotmail.com',22,0,0),('116070188','karolina','Ramos ','jimenez',2,22405002,87015171,'kharitho2595@hotmail.com',18,0,0),('116070330','Carlos','Quirós ','Fallas',1,87610799,87610799,'caqf6969@hotmail.com',24,0,0),('116070335','Danny','Aguero ','Herrera',1,84803904,84803904,'danny11w@hotmail.com',21,0,11),('116070338','Jessica','Mora','Salas',2,27717131,85492803,'jeca.13.ms@hotmail.com',19,0,0),('116070385','José','Villarreal','Valenciano',1,22937631,70292308,'omarvv@hotmail.es',18,0,11),('116070659','Daniel','Araya','Sanabria',1,22652998,84056963,'daniel_a_26@hotmail.com',24,0,0),('116070767','David','Chaves ','nuñez',1,22937450,70141995,'dachaves1995@gmail.com',57,0,0),('116070822','Juan Carlos','Dàz','Sànchez',1,0,87671350,'juandiazs2000@hotmail.com',13,0,11),('116070964','Jean ','Abarca','Barrantes',0,83918988,83918988,'jeanabarra@hotmail.com',22,0,0),('116070969','JEAN','ABARCA','BERMÚDEZ',1,22941086,83918988,'JEANABARCA@HOTMAIL.COM',22,0,0),('116080023','Walter','Abarca','Gamboa',1,22309785,87838621,'gamboabarca@hotmail.com',22,0,0),('116080097','Isabel ','Castro','Arnaez',2,22851147,89681593,'isacastro12@gmail.com',27,0,0),('116080208','josè pablo','rodrìguez','rojas',1,22611879,85737539,'josepablo-rr-95@hotmail.com',22,0,0),('116080337','Johny','Granados','Gómez',0,85158796,85158796,'jozhgrago@gmail.com',50,0,0),('116080880','Yuliana','Jímenez','Cerdas',0,62021127,62021127,'yuliana.jimenez95@hotmail.com',22,0,11),('116080887','Natalia','Alfaro','González',0,89729548,89729548,'natalialfaro95@gmail.com',18,0,0),('116090040','nicole','rodrìguez','rodrìguez',2,0,85516487,'n1c0l2009@hotmail.com',8,0,0),('116090082','Paula ','Molina ','Calderon',2,27705864,84788156,'paulisss15@hotmail.com',21,0,0),('116090199','Melissa','Obregòn','Gòmez',2,24394003,87520031,'melissaobregon15@gmail.com',13,0,10),('116090289','Erika','Gonzalez','Puschendor',0,83182949,83182949,'gonzalee11@gmail.com',24,0,0),('116090456','Mainor','Campos','Corrales',1,0,85067799,'minorjo5315@hotmail.com',17,0,11),('116090583','Samantha','Núñez','Céspedes',0,88713451,88713451,'samay2295@hotmail.com',27,0,0),('116090614','catalina','guerrero','mena',2,22491673,86026499,'ronk.gm@hotmail.com',8,0,0),('116090851','Daniela','Calvo','Aguilar',0,87594799,87594799,'danicr9521@hotmail.com',15,0,0),('116090949','julio ','Díaz','Vargas',1,85525821,84866931,'juliodiaz1995@gmail.com',17,0,0),('116090994','Jéssica','Fernández','Rodríguez',0,89649818,89649818,'jessica1110@hotmail.com',25,0,0),('116100127','Leyla','Vargas','Alfaro',2,88092421,89434051,'leyla.vargas.1995@gmail.com',15,0,11),('116100151','Tiffany','Zamora','García',2,86056909,86056909,'dayannasaga@yahoo.com',18,0,0),('116100495','Yuliana','Hidalgo','Vasquez',2,60131505,60131505,'yuli.hvasquez@hotmai.com',23,0,0),('116110139','Yanory','Rojas','Morales',2,85955327,85955327,'yar-86@hotmail.com',11,0,11),('116110201','Zuriel','Rivera ','López',0,61184993,61184993,'surielrivera94@gmail.com',21,0,10),('116110206','Josel Pablo','Vargas','Calderón',1,86372761,86372761,'joselpablo2@gmail.com',57,0,0),('116110853','ricardo','cambronero','oviedo',1,24162106,89495111,'rcamovi@hotmail.com',8,0,0),('116110921','Josué ','Molina','Salas',1,22402360,85016083,'josuemolinasalas@gmail.com',50,0,11),('116110963','Sandra','Aguirre','Chinchilla',2,22266243,85178093,'spac0704@hotmail.com',8,0,0),('116120245','Rebeca','Rodrìguez','Fonseca',2,86212495,71141642,'rebe.fo2495@hotmail.com',20,0,11),('116120364','Monserrat','Vargas','Méndez',0,61761225,61761225,'monse_varg@hotmail.com',11,0,0),('116120534','Andre Juan','Hansen','Gutiérrez',1,22380621,88459964,'andrehansen22@gmail.com',57,0,0),('116120618','dwayne','foulkes','brown',0,86317497,86317497,'dwayne_dx@hotmail.com',22,0,0),('116120748','Juan Gabriel','Ruíz','Granados',0,89208866,89208866,'jugarugr@gmail.com',22,0,0),('116120974','kristtel','leiva','cerdas',2,24325828,84245609,'krisle_1407@hotmail.com',24,0,11),('116130203','Isabel','Romero ','Chavarrìa',2,88077745,88077745,'iscrch25@hotmail.com',22,0,10),('116130589','Maria Fernanda','Vargas','Molina',2,87978032,87978032,'mariafvrmol@hotmail.com',25,0,11),('116130604','Wendy ','Bolaños','Calderón',0,87551295,87551295,'wenmo_04@hotmail.com',25,0,0),('116130628','David','Hidalgo','Barrantes',0,89280765,89280765,'davidhb95@hotmail.com',53,0,0),('116130666','Jimena','Jiménez','Arias',2,27786001,87063932,'jimena1758@hotmail.com',15,0,0),('116130962','Maria Josè','Herrera','Granados ',2,22829753,86521516,'mariajohegra@hotmail.com',17,0,0),('116140104','Maria paola','CARRERA','Mora',0,85691819,85691819,'pote.04@hotmail.com',18,0,0),('116140317','Keneth','Molina','Rodríguez',1,24947239,60374950,'ken.mol@hotmail.com',22,0,11),('116140580','Ricardo',' Díaz','Campos',0,70295528,70295528,'ricardo.diaz.campos@hotmail.com',22,0,0),('116140989','Cristina','Villalta','Alvarado',2,86139367,86139367,'criszayel17@hotmail.com',22,0,0),('116150045','Andrés','Chinchilla','Ureña',1,86056998,86056998,'achinchillau@gmail.com',23,0,10),('116150174','ANDRES','ARIAS','JIMENEZ',1,22614894,85600369,'andresa2195@gmail.com',57,0,0),('116150414','Anatoly','Solís','Atyasor',0,84947031,84947031,'asol-95@yahoo.es',50,0,0),('116150548','Estefanía','Chacón','Zúñiga',2,84954577,84954577,'estefachazu@hotmail.com',18,0,0),('116160525','Salvador','Sánchez','Rojas',1,89672953,89672953,'s.sanches25@hotmail.com',15,0,6),('116160532','Daniel','Berrocal','Rojas',0,83310909,83310909,'danidc27@hotmail.com',22,0,0),('116160617','Maria Stephanie','Rojas','Rojas',2,24532779,85155894,'stepharojasnie@hotmail.com',59,1,0),('116160662','Juan Daniel','Garro','Gamboa',1,24161390,85918666,'danielgamboa161@gmai.com',21,0,11),('116160975','Daniela','Cortés','Zúñiga',2,22320452,57075428,'dani.cortes17@hotmail.com',7,0,0),('116170328','Carlos','Mejia','Moreira',1,22696313,87360545,'carlos_cisco1@hotmail.com',8,0,0),('116170525','Daniel','Ramìrez','Chaves',1,85518209,85518209,'danielrc07@hotmail.com',15,0,0),('116180023','Oscar','Barrantes','Angulo',1,84124864,84124864,'barrantesangulooscar@gmail.com',19,0,11),('116180090','Tatiana','Diaz','Aguilar',2,84400614,84400614,'tatidiaz24@hotmail.com',8,0,0),('116180157','Mónica ','Gómez','Nuñez',2,24831551,83109730,'monigono@hotmail.com',15,0,0),('116180158','Andres ','Dalolio','Aguilar',1,87994552,87994552,'amda95@hotmail.com',22,0,0),('116180357','Fiorella','Gallo','Arias',0,87628780,87628780,'fio951@hotmail.com',25,0,0),('116180937','Mary Paz ','Jiménez','Domínguez',2,83206848,83206848,'marypazj15@hotmail.com',57,0,0),('116190083','Pamela ','Vargas','Umaña',2,22130547,88600793,'pame.scmt@hotmail.com',20,0,0),('116190205','Benjamín','Pineda','García',0,87314130,87314130,'benj17995@hotmail.com',18,0,0),('116190391','Joselyn','Jimènez','Fonseca',2,0,84719823,'maryjimfon_9995@hotmail.com',8,0,0),('116190555','Valeria','Àlvarez','Murillo',2,24382354,83239113,'vale2609@gmail.com',50,0,0),('116190695','Maripaz','Montero','Vargas',0,88739873,88739873,'pazmonvar@gmail.com',19,0,0),('116190725','Luis Arturo','Soto','Soto',1,22009074,70722809,'larsoca12@gmail.com',22,0,0),('116190914','Melissa','Maffio','Montero',2,22369063,86153799,'kmelf@hotmail.com',27,0,0),('116192','MAYERLING','MONTANO','CENTENO',2,89080063,89080063,'mayemontano@hotmail.com',15,0,11),('116200071','Alvaro','Gonzalez','Hernandez',1,22446157,89606360,'alvarogh_22@hotmail.com',15,0,0),('116200200','Randy','Delgado','Vargas',0,71826528,71826528,'randydelgado12@hotmail.com',22,0,0),('116200241','Julieth','Carazo','Orozco',2,22828463,88099144,'julisalja@hotmail.es',13,0,11),('116200453','María José','Sandoval','Jiménez',0,85436153,85436153,'maaryj95@hotmail.com',15,0,0),('116200501','Emanuel','Arias','Mendez',1,87325950,87325950,'emendez-18@hotmail.com',53,0,11),('116200600','Angie','Aguilar','Beita',0,87661301,87661301,'angieaguilar81@gmail.com',57,0,0),('116200743','Ruben','Rojas','Zamora',1,22652810,83203826,'ruben3380@hotmail.com',8,0,0),('116200830','Fernando ','Sánchez','Tobal',1,22834916,85065738,'getobsa07@gmail.com',24,0,0),('116210310','Juliana','Elizondo','Blanco',0,88002488,88002488,'julianabhe@hotmail.com',25,0,0),('116210312','Barbara','Gutiérrez','Andino',2,89985001,89985001,'ga-barbara@hotmail.com',53,0,0),('116210329','Raquel','Lugo','Arguedas',2,22268813,88002156,'raquelarguedas@gmail.com',22,0,0),('116210469','Valeria','Torres ','Pérez',2,22860593,89322408,'valetpev@hotmail.com',14,0,0),('116210602','Tatiana ','González','Murillo ',2,24314364,86181201,'etati95@hotmail.com',20,0,0),('116210650','jacqueline','mora','cisneros',2,22293409,71089766,'jackimo1323@gmail.com',22,0,11),('116210926','melissa','chacon','vargas',2,26955187,87672895,'melichav@hotmail.es',53,0,0),('116220841','Giancarlo','Zúñiga','Muñóz',0,85578194,85578194,'gianca3095@hotmail.com',25,0,0),('116220866','Andrea','Lòpez','Salazar',2,0,87913956,'avls.231095@gmail.com',13,0,0),('116220887','Denisse','Alvarez','Chaves',2,22683744,83027190,'deni24_64@hotmail.com',11,0,0),('116220919','Rocio ','Saenz','Rojas',2,22603706,22603706,'rocio_snzrojs@hotmail.com',18,0,0),('116230113','Sharon','Zùñiga ','Sànchez',2,24394016,85794931,'sharon2276@hotmail.com',13,0,11),('116230188','Luis Alejandro','Picado','Segura',1,89572661,89572661,'alelo27@live.com',22,0,0),('116230228','eduardo','lizano','bolaños',1,22443947,84260676,'llallincr95@hotmail.com',15,0,0),('116230522','mariana','salas','salas',2,24831183,88130003,'nana-salas1@hotmail.com',13,0,11),('116230833','Liseth ','Arias','Tames',2,89665421,89665421,'lisethariastames@gmail.com',22,0,11),('116240217','David','Chacón','Abarca',1,25402408,84135078,'davidchacon93@hotmail.com',22,0,11),('116240341','Maria Sofia','Blanco','Slas',2,22711026,89931250,'sofi_1895@hotmail.com',18,0,0),('116240357','Daniel ','Alvarado ','Martínez',0,86698482,86698482,'daniel.9509@hotmail.com',22,0,0),('116240632','Karen ','Gutiérrez','Chacón',0,84018023,84018023,'miche.guti.cha@hotmail.com',27,0,0),('116240837','kendall','Barboza ','Piedra',0,87503715,87503715,'kendall-bp@live.com',12,0,11),('116250176','Luis','Mata','Umaña',0,86539238,86539238,'migue.engage95@hotmail.com',22,0,0),('116250182','STEPHANIE','GUTIÈRREZ','PICADO',2,0,85066714,'fanny161195@hotmail.com',13,0,11),('116250647','carlos','gamboa','camacho',1,88094078,88094078,'carloslgc1995@hotmail.com',15,0,11),('116250707','Tatiana','Esquivel','Camacho',0,22294202,22294202,'tati.1195@hotmail.com',23,0,0),('116250785','John','Arguedas','Quesada',0,60786205,60786205,'johnst2895@gmail.com',22,0,0),('116250788','Fernanda','Salas','Jara',2,89205720,89205720,'mari_2959@hotmail.com',57,0,0),('116260377','Amalia','Vargas','Vasquez',2,86248621,86248621,'amaliavargas06@hotmail.com',53,0,0),('116260456','Yerlin','Loaiza','Galeano',2,87550212,87550212,'yerlynl_12@hotmail.com',8,0,10),('116260861','Maria Fernanda','Ramírez','Mora',2,22628456,85486994,'mariafer212@hotmail.com',19,0,0),('116260955','Daniela','Bonilla','Beita',2,87982886,87982886,'dani10bo@hotmail.com',23,0,0),('116270026','Mary Angel','Briceño','Mendoza',0,83023607,83023607,'marybrimen@hotmail.com',18,0,0),('116270097','Jose Bernal','Alvarado','Sanabria',1,83377250,83377250,'bernalvarados@hotmail.com',8,0,0),('116270140','Natalia','Valverde','Ceciliano',0,84534183,84534183,'nataliavalverde67@gmail.com',26,0,0),('116270231','Natalia','Chacón','Camacho',2,87655459,87655459,'natu2395@hotmail.com',53,0,0),('116270479','Alejandra','Leon','Mesen',0,86997660,86997660,'alekiwi@hotmail.es',19,0,0),('116270635','Yerlin','Chacón','Camacho',2,84369927,84369927,'yerlincc8230@hotmail.com',17,0,10),('116270721','Laura','Núñez','Acosta',2,87509133,87509133,'lau_95lala@hotmail.com',8,0,0),('116270782','Irene','Zuñiga','Zuñiga',0,85101403,85101403,'ireezuniga@hotmail.com',24,0,0),('116270830','Kennet','Arroyo','Sibaja',1,86500927,86500927,'arroyo.sibaja@hotmail.com',22,0,0),('116270896','Abigail','Vindas ','Delgado',0,89432361,89432361,'habi2404@yahoo.com',37,0,0),('116280503','Katerinne','Cascante','Araya',0,86142627,86142627,'katherin05.ca@gmail.com',15,0,0),('116280554','Ruddy','Angulo','Borbón',1,84450021,84450021,'ruangulo.bor@gmail.com',21,0,11),('116280605','Gianmarco','Grieco','Aguero',0,87810234,87810234,'ggriecoa@gmail.com',20,0,0),('116280647','Stephanie','Lai','Chen',0,89802068,89802068,'stephanie_maria_26@hotmail.com',21,0,0),('116280859','Gina','Gamboa','Garita',0,89146271,89146271,'ggg.95@hotmail.com',23,0,0),('116290351','Franklin','Mercado','Chacón',0,83815415,83815415,'fdavidmch@hotmail.com',8,0,10),('116300027','Minor','Granados','Badilla',0,87588182,87588182,'minor647@yahoo.com',17,0,0),('116300384','jonathan','alvarez','jimenez',0,87870423,87870423,'johnalji@hotmail.com',17,0,0),('116300393','César','Gúzman','Miranda',1,85200956,85200956,'cesar9460@msn.com',22,0,0),('116300415','Carlos Eduardo','Arguedas','Nuñez',0,87033498,87033498,'carguedas17@hotmail.com',22,0,0),('116300416','Jorge Enrique','Arguedas','Nuñéz',0,83900242,83900242,'jorge.arnu@hotmail.com',22,0,0),('116300491','Mauren','Chavez','Mora',2,87404631,87404631,'fran.mau29_@hotmail.com',19,0,11),('116300940','Haizel','Ceciliano','Acuña',0,85401282,85401282,'hcrid19@hotmail.com',8,0,0),('116310252','David','Albarez','Carranza',0,61472105,61472105,'david_8685@hotmail.com',22,0,0),('116310491','Mariapaz','Vieto','Cárdenas',0,86376334,86376334,'pazvieto@gmail.com',19,0,0),('116310708','riccardo','bove','herrera',1,22617549,88760207,'ribohe94@gmail.com',22,0,0),('116320003','Sergio','Garro','Barboza',0,87991849,87991849,'sergiogb15@hotmail.com',23,0,0),('116320323','María Zeneida','González','Alvarado',0,86327724,86327724,'chene_29@hotmail.com',22,0,11),('116320337','Maria Paula','Obando','Viquez',2,87181242,87181242,'pauli5@hotmail.com',18,0,0),('116320402','Nathalia','Murillo','García',2,54505315,54505315,'naty0725@hotmail.com',17,0,0),('116320756','Pablo ','Gonzales','Bogantes',0,86210629,86210629,'darked33@gmail.com',24,0,0),('116330141','Nelson','Quirós','Arroyo',1,89453269,89453269,'nelquiros@hotmail.com',21,0,0),('116330379','Jessica','Morales','Abarca',0,85935261,85935261,'jesymoaba@gmail.com',8,0,0),('116330698','Joseph','Artavia','Donaire',0,61199194,61199194,'artaviajos@gmail.com',22,0,0),('116330865','Steve','Garro','Garro',0,85217155,85217155,'sgarro1696@hotmail.com',22,0,0),('116330915','mònica','araya','rojas',2,83099869,83099869,'mo.araya.r@gmail.com',53,0,0),('116340084','Adiel','Castro ','Sáenz',0,71186480,71186480,'adiel.castro@gmail.com',24,0,0),('116340300','Elein','Carmona','Alvarado',0,85320006,85320006,'eli023.ec@gmail.com',27,0,0),('116340447','Carolina ','Loaiza ','Rodríguez',0,88357569,88357569,'caloloro16_@hotmail.com',27,0,0),('116340775','Aslehy','Aguilar','Pérez',2,86024868,86024868,'aslehy.96@hotmail.com',17,0,10),('116340814','José Pablo','Obando','Rosales',1,87691716,87691716,'jp.obando.96@hotmail.com',22,0,0),('116340903','Adriana','Venegas','Cerdas',0,89814051,89814051,'adrimarivc@hotmail.com',50,0,0),('116340968','Hillary','Porras','Ríos',2,22394354,87699312,'hilla_5606@hotmail.com',22,0,0),('116350565','Diego','Pinto','Gómez',1,86449487,86449487,'diego.pinto21@hotmail.com',22,0,0),('116350834','JOSELYN','BORBÓN','Mora',0,83801652,83801652,'joselynbm_14@hotmail.com',8,0,0),('116380210','Daniela','Obando','García',2,87823572,87823572,'daniog25@hotmail.com',18,0,0),('116380339','Jose David','Solano','Guevara',0,87319524,87319524,'davidsolano1396@hotmail.com',17,0,11),('116380363','Fiorella Sofia','Rodriguez ','Quesada',0,87424286,87424286,'fiore_13rq@hotmail.com',24,0,0),('116390089','Marìa Laura','Cordero ','Vargas',2,87883206,87883206,'mlcordero96@hotmail.com',19,0,0),('116390345','Yendry','Amador','Nuñes',0,88150568,88150568,'yamador08@hotmail.com',11,0,11),('116390466','Andrés','Navarro','Durán',0,61723446,61723446,'andresnavarrod15@hotmail.com',22,0,0),('116390504','Andrés','Ardón','Sibaja',1,89113110,89113110,'ardon_1896@hotmail.com',18,0,0),('116390735','Carlos','Artavia','Pineda',1,83147070,83147070,'artavia.pcarlos@hotmail.com',22,0,0),('116390808','Ilana','Hernández','Badilla',0,85205306,85205306,'paohernandezbadilla96@hotmail.com',11,0,0),('116400359','Mónica ','Calderón','Arce',2,89415259,89415259,'monicacald28@hoymail.com',22,0,0),('116400383','Stephanie','Tapia','Alvarez',2,89629316,89629316,'tapia6991@hotmail.com',17,0,0),('116400513','Erick','Valverde','Villareal',1,85321942,85321942,'erick2v@hotmail.es',18,0,0),('116400917','Luis','Bogantes','Ruíz',0,87698690,87698690,'luisbogantes-27@hotmail.com',22,0,0),('116400928','Gilberto','Herrera','Araya',0,87086832,87086832,'betobracho64@hotmail.com',27,0,0),('116410073','Aaron','Jimenez','Villalobos',1,86564997,86564997,'jimvia83@hotmail.com',22,0,0),('116410229','Valeria','Martinez','Gutièrrez',0,84294912,84294912,'divimartinez@hotmail.com',15,0,0),('116410262','Widny','Montero','Duran',0,87586589,87586589,'wiid@hotmail.es',18,0,11),('116410289','Marjorie','Zúñiga','Blanco',0,84273563,84273563,'mayu.zu@hotmail.com',11,0,0),('116410359','Manuel','Araya','Rodríguez',0,60734385,60734385,'manuelarayar481@gmail.com',25,0,0),('116410491','Mariapaz','Vieto','Cárdenas',0,86376364,86376364,'pazvieto@gmail.com',19,0,0),('116420146','Jorge Carlos','Medina ','Padilla',0,89602562,89602562,'jpadilla13@hotmail.com',17,0,5),('116420458','Irene','Arias','Badilla',0,84826531,84826531,'ireariba@gmail.com',24,0,0),('116430793','Arianna','Marenco','Cedeño',0,83254603,83254603,'arianna_cs23@hotmail.com',18,0,0),('116440018','Marco','Murillo','Sánchez',1,89401632,89401632,'marms96@hotmail.com',22,0,0),('116440097','Karla','Vargas','García',0,86305490,86305490,'k_nvg12@hotmail.com',11,0,0),('116440109','Yahaira','Jarquín','Jiménez',0,87245476,87245476,'yajaji12@hotmail.com',19,0,0),('116440310','Danny','Gómez','Chaves',1,89267911,89267911,'dannygomez11@outlook.com',22,0,0),('116440453','Joseph','Villalobos ','Contreras',1,87768504,87768504,'josephvillaloboslu96@hotmail.com',53,0,0),('116440758','Jonathan','González','Arias',0,83088205,83088205,'jd1996gozalez@hotmail.com',22,0,0),('116450177','Roxinia','Beita','Cascante',0,87173882,87173882,'roxidelosangeles14@hotmail.com',21,0,11),('116450469','Alonso','Chen','Chen',0,86529623,86529623,'chen.chen96@outlook.com',22,0,0),('116460199','Luis','Brenes','Romero',0,83510027,83510027,'luisbro4@gmail.com',21,0,0),('116460426','María José',' Gamboa','Román',0,83150939,83150939,'gamboamariajose@hotmail.com',20,0,0),('116470076','Mary','Mora','Cascante',0,86220530,86220530,'m-arymora@hotmail.com',17,0,0),('116470286','Héctor','Cerdas','Quirós',1,85474334,85474334,'hlcq2@hotmail.com',53,0,0),('116470411','Luis','Gomez','Rodriguez',0,87041029,87041029,'eduardojcr@hotmail.com',53,0,0),('116470664','Orlando José','Flores ','Peralta',0,86665821,86665821,'ojflores1996@gmail.com',53,0,0),('116470768','Allan','Sánchez','Ramos',0,60779657,60779657,'allansr20@gmail.com',22,0,0),('116480200','Alejandro ','Retana','Méndez',0,84222984,84222984,'retana96@outlok.com',24,0,0),('116480569','Diana Karina','Arias','Montero',0,85348803,85348803,'k-ri.11@hotmail.com',8,0,0),('116490429','Andy','Pérez','Rivera',0,84423295,84423295,'vargasvargasandy@gmail.com',22,0,11),('116490515','Luis Diego','Salazar','Sandoval',0,83346099,83346099,'luisdiegosalazar@hotmail.com',22,0,0),('116490706','José Manuel','Esquivel','Fonseca',1,88696657,88696657,'joes580@hotmail.com',15,0,10),('116490773','Pamela','Raffo','Vargas',0,83132551,83132551,'p-ame2009@hotmail.com',8,0,0),('116500066','Joan','Matamoros','Pan',0,85539965,85539965,'tunlinpan@gmail.com',17,0,0),('116510134','SELY','CHEUNG','LI',0,87886902,87886902,'sely.karina@hotmail.com',19,0,0),('116510659','Luis Diego','Palomo','Cordero',0,85065886,85065886,'lpalomo31@hotmail.com',57,0,0),('116510857','Luis Paulo','Dondi','Vargas',0,861154711,861154711,'lpdondi@gmail.com',22,0,0),('116520228','Alexander','Cubillo','Bustamante',0,61317160,61317160,'cubillo.alexander@hotmail.es',26,0,0),('116520876','Juan Carlos ','Campos ','Garcia ',1,88052504,88052504,'juank140996@hotmail.com',8,0,0),('116530404','Valeria','Espinoza','Gonzalez',0,85042294,85042294,'valeriaesp@gmail.com',22,0,11),('116530500','Alberto','Alvarado','Matamoros',1,86534477,86534477,'albertodavidalvaradom@gmail.com',53,0,10),('116530530','Alexandra ','Víquez','Núñez',0,83388631,83388631,'ale.xvn96@hotmail.com',8,0,0),('116530532','Hellen','Acuña','Alemán',2,71797445,71797445,'hellen2096@gmail.com',25,0,0),('116530738','Bryan','Corrales','Rojas',0,84906417,84906417,'bm_corrales@hotmail.com',57,0,0),('116530921','Gabriela ','García','Rivera',0,89755172,89755172,'gabr_96@hotmail.com',27,0,11),('116540227','Linsey','Garro','Le roy',0,89792405,89792405,'Linesay9@hotmail.es',22,0,0),('116540507','Ximena','James','Ruiz',0,85072727,85072727,'prizijmz@hotmail.com.ar',18,0,0),('116540922','María Victoria','Montero ','Campos',0,83305444,83305444,'meryvictoria2009@hotmail.com',22,0,0),('116550095','Justin','Vegas','Madrigal',0,24387993,24387993,'Justin_Yesca_@outlook.com',22,0,10),('116550177','Valeria','Navarro ','Cascante',0,60035824,60035824,'vale.NC96@outlook.com',19,0,0),('116550820','wilberth','adams','bolaños',0,84875515,84875515,'weab96@hotmail.com',17,0,0),('116550840','Kimberly ','Chavarria','Castillo',0,89876781,89876781,'vanee1325@gmail.com',8,0,0),('116550904','María','Rivera','Murillo',0,84650640,84650640,'mariarivmu96@gmail.com',23,0,11),('116550922','Andres','Loria','Mateo',0,88941007,88941007,'andres-loria@hotmail.com',15,0,0),('116560633','Cristopher','Mora','Hernandez',0,85558249,85558249,'cris201996@hotmail.com',8,0,8),('116570851','Steven','Calderón','Jiménez',0,87909023,87909023,'s.calderon3010@gmail.com',17,0,0),('116570886','Carlos Andres','Navarro','Rodriguez',0,86101983,86101983,'cnavarro3196@gmail.com',22,0,0),('116570969','Mauricio','Cordero','Fernandez',0,89798092,89798092,'maedcorf@hotmail.com',8,0,0),('116590375','Miguel Angel','Ramírez','Mora',1,83183038,83183038,'migue_7-11_@hotmail.com',53,0,0),('116590447','Andrey','Chaverri','Montenegro',0,83279658,83279658,'andrey5757@hotmail.com',22,0,0),('116610357','Daniel','Alfaro ','Nuñez',0,87118274,87118274,'danialnu@gmail.com',22,0,0),('116650796','Karen','Gonzalez','Herrera',2,71126352,71126352,'karenviviana9@hotmai.com',53,0,0),('116680978','Jose Pablo','Solano','Morgan',1,89099744,89099744,'jose.pablo.72@hotmail.com',22,0,10),('116720092','Francela','Montero','López',0,86853810,86853810,'montero.francela@gmail.com',53,0,0),('116960010','Jose Miguel','Córdoba','León',0,87178200,87178200,'jm_0307@outlook.com',24,0,0),('118360722','Priscilla','Cuberoq','Mora',2,22456480,88874646,'priscubero@gmail.com',20,0,0),('118582','Solangie','Rivera','Jimènez',2,71206061,71206061,'solangie.rivera@hotmail.com',50,0,11),('118659','CESAR','RAMIREZ','GOMEZ',1,60428764,60428764,'cesar.rig@hotmail.com',22,0,0),('118844','Ahmed','Abdala','Sais',1,22855230,86766819,'cubita0711@gmail.com',50,0,0),('119143','Francy','Valle','chavarria',2,24721587,89427932,'fran.cy18@hotmail.com',53,0,11),('119144','joheysi','gonzàlez','martìnez',2,24760873,86388490,'joheysigonzalezmartinez@gmail.com',48,0,11),('119150','LUIS MIGUEL ','RIOS','ASTORGA',1,84676582,84676582,'luis.rios.astorga@una.cr',15,0,11),('119310002','Brandon','Villalobos','Damazlo',0,87965438,87965438,'hrdvillalobos@gmail.com',22,0,0),('119592','Danny','Chacón','Maleaños',0,84253729,84253729,'dalinkchm@gmail.com',15,0,0),('119993','Yadelkis','Morales','Molina',0,85032118,85032118,'lumorales0413@hotmail.com',4,0,10),('119997','Seylin','Sànchez','Mendoza',2,24510272,89623856,'seyl02030591@hotmail.com',21,0,11),('120440517','ALLAN','ARCE','SOLANO',1,85682064,85682064,'aarcesolano@gmail.com',20,0,10),('120464','Katherine','Quintana','González',0,84251059,84251059,'vanequintana35@gmail.com',4,0,0),('120494','Rebeca','Gòmez','Sandoval',2,87789689,87789689,'rbk-gomez18@hotmail.com',8,0,0),('120500','Gorka','izurzu','zabalza',1,0,89637796,'artizar_7@hotmail.com',24,0,0),('120820','Kathelin','Mora','Lira',2,22204372,84413569,'kmora1053@gmail.com',8,0,11),('120906','Katherine','Hernández','Marcenaro',2,60968654,60968654,'scarleth_35@yahoo.com',8,0,11),('120959','Silvia','Guardado','Torres',2,25605985,87123769,'silviaguartorres@gmail.com',8,0,0),('121157','Brenda','Pimienta','Ternera',2,70807124,70807124,'bralpite@hotmail.com',15,0,0),('121172','Fiorella','Medina','Estrada',2,22347568,86245656,'fio_medina@hotmail.com',57,0,0),('121239','Hazel','Izaguirre','Alonso',0,86765315,86765315,'heyizaguirre14@hotmail.com',8,0,11),('121341','José David','Echeverri','Sanabria',1,22337231,83145014,'josedavidecsa@hotmail.com',14,0,0),('121988','Katerine','Martínez','Martínez ',2,84174763,84174763,'kathymn95@hotmail.com',20,0,0),('122061','Raquel','Cañas','Landaverde',2,87539718,87539718,'raquel_abi94@hotmail.com',25,0,6),('122534','Cindy','Zúñiga ','Monge',0,71710433,71710433,'cindyzuniga0601@hotmail.com',18,0,0),('122971','Richard David','Palacios','Fleitas',1,88424330,88424330,'rickpalafle@hotmail.com',17,0,0),('124992','Cristal de Abril','Muñoz','Torres',2,61654444,61654444,'vale-1911@hotmail.com',18,0,0),('125108','Néstor','Pasos','Rocha',0,86350474,86350474,'ness_14434@hotmail.com',22,0,0),('125116','Jader','Rojas','Maliaño',0,87751888,87751888,'jaderrojas20@hotmail.com',8,0,11),('125324','Karen','Vejar','Melo',2,87984673,87984673,'karenvejar.21@gmail.com',50,0,0),('125341','Izcar','Muñóz','Torres',0,61560391,61560391,'izcarmt95@gmail.com',17,0,11),('125558','Gabriel','Moreno','Leiter',0,86939623,86939623,'gabo.leiter@gmail.com',22,0,10),('126373','Marlin','Poveda','Martinez',0,22279714,22279714,'mpovedam1991@gmail.com',8,0,0),('126807','Chang','Yu','Hung',0,71090716,71090716,'changyuh13@hotmail.com',22,0,0),('127216','José Antonio','García','Gómez',1,62352274,62352274,'pegago1@hotmail.com',57,0,0),('127394','Steyler','Ayala','Palacios',0,85069091,85069091,'steylerap@gmail.com',22,0,0),('127558','Ingrid','Noguera','García',0,70837107,70837107,'nogueragracia@outlook.com',8,0,0),('127605','Luis Cesar','Calderon ','Canales',0,87482252,87482252,'cesarcalde27@gmail.com',8,0,0),('127864','Stalin','Alvarado','Cárdenas',1,50053929,50053929,'stalin.alva9192@gmail.com',8,0,0),('128079','Angela','Monoga','Oliveros',0,83405833,83405833,'angi_monoga@hotmail.com',27,0,0),('155813748','Mario','López','Chiang',1,60036770,60036770,'mario15.02@hotmail.com',20,0,0),('201730113','andres ','castillo','leiton ',1,86624525,86624525,'andcasleit04@gmail.com',21,0,0),('205390169','Heiner','Zumbado','Arce',0,86098039,86098039,'hgzumbado@gmail.com',17,0,7),('205690585','rebeca ','sanchez','soto',2,85907793,85907793,'rebecasanchezsoto@hotmail.com',18,0,9),('205770740','Ronny','González','Méndez',1,88793984,88793984,'rg2782@gmail.com',21,0,0),('205860973','Jenny','Olivares','Picado',2,87437661,87437661,'jennyolivaresp@hotmail.com',13,0,0),('205950431','Nelson','Morux','Vargas',1,88773403,88773403,'nelmorux@gmail.com',22,0,0),('205990722','Urania','Obando','Sequeira',2,85303615,85303615,'urania84@hotmail.com',57,0,11),('206290587','Hannia ','Fernández','Fernández',2,24822952,60364491,'hannia87@hotmail.com',18,0,0),('206300211','Evelyn ','Solano','Porras',0,61870162,61870162,'esplerr@gmail.com',18,0,0),('206440622','Isabel','Arroyo','Arias',2,89210029,89210029,'arroyoisabel88@gmail.com',18,0,8),('206470688','kristel ','villolobos ','Elizondo ',2,88043746,88043746,'kristelina_23@hotmail.com',21,0,10),('206540546','Kevin','Fernández','Villalobos',0,83173272,83173272,'kfv2288@gmail.com',39,0,0),('206540917','Aaron','Castro','Salas',0,86624154,86624154,'aaron_castro89@hotmail.com',4,0,11),('206590178','marcial','fernàndez','araya',1,24830471,88850233,'luismarcialfernandez@gmail.com',20,0,0),('206590667','Stephanie','Sibaja','Hernández',2,24438485,87850220,'stepha189@gmail.com',24,0,10),('206610574','José Pablo','Barquero','González',1,24611596,89923777,'jopbgon@yahoo.es',19,0,10),('206620103','Mario','Bldiceda','Bastos',1,85446395,85446395,'mariob827@gmail.com',22,0,8),('206630126','Olger','Esquivel','Rojas',1,86876040,86876040,'oer_89@hotmail.com',24,0,0),('206650649','daniela ','hidalgo','carvajal',2,27610572,84706258,'dnhc.03@gmail.com',19,0,11),('206660150','keelly','Vindas ','Ballestero',2,83011140,83011140,'kilyvb@hotmail.com',57,0,10),('206670098','José Pablo','León','Valverde',0,88871248,88871248,'jp_leon@hotmail.es',21,0,10),('206670921','Jesus ','Esquivel','Araya',1,87694678,87694678,'jj.davi@hotmail.es',23,0,11),('206690554','carlos','gonzàlez','trejos',1,89927450,89927450,'carlosgeneticaproductiva@gmail.com',24,0,0),('206690608','carlos luis','herrera','segura',1,87692936,87692936,'cherrera-90@hotmail.com',8,0,11),('206690962','Luis Fernando','Araya','Jimenez',1,24564304,89453318,'fer-araya12@hotmail.com',18,0,11),('206700463','Manrique','Morera','Vargas',1,83306258,83306258,'manrique.morera90@gmail.com',50,0,11),('206710840','Ingrid','Vazques','Aguilar',2,61046899,61046899,'ingridv7@yahoo.es',11,0,11),('206720503','Arturo','Arguedas','Garita',0,86338728,86338728,'karguedas07@hotmail.com',57,0,10),('206730516','Jeremy','Hernández','Rodríguez',0,88238498,88238498,'jeremyghru@gmail.com',18,0,0),('206750698','Jonathan','Chavarría','Durán',1,24495343,60262997,'jonathanchd@outlook.com',57,0,10),('206770967','Carol','Rojas','Martinelli',2,88210100,88210100,'caroma2610@gmail.com',19,0,0),('206780718','Roberto','Fernández','Rojas',0,60776448,60776448,'robertojfr15@gmail.com',38,0,0),('206790299','Luis','Rojas','Quirós',1,24515287,86407184,'laroqu@gmail.com',57,0,11),('206800892','karla','madrigal','castillo',2,24427035,60742581,'karlacastillo78@hotmail.com',22,0,0),('206810135','Geovanny','ocamo','luna',1,40303537,84803761,'geovanny2411@hotmail.com',22,0,0),('206810352','Andrey','Rojas','Jiménez',1,88024730,88024730,'andrey.r.j@hotmail.com',15,0,11),('206820308','Alejandra','Aguilar','Ugalde',0,86418600,86418600,'aleau_1190@hotmail.com',20,0,0),('206820723','Manuel ','Solís ','Madrigal',1,83205256,83205256,'nolo_solis@hotmail.com',57,0,0),('206830360','Wendoly Dayanna','Arroyo','Carvajal',0,86515238,86515238,'wd.arroyo@gmail.com',13,0,0),('206840735','Ana Yoselín','Méndez','Ramírez',2,85894649,85894649,'anayoselina@gmail.com',19,0,11),('206850253','Alejandro','Alfaro','Morales',1,86735574,86735574,'pilonalfa@hotmail.com',21,0,0),('206850771','Alexander ','Alfaro','Soto',1,88547631,88547631,'alexander8as@gmail.com',57,0,0),('206850800','Kimberly','Ledezma','Zamora',2,24304227,87061437,'kmledezma@hotmail.es',20,0,11),('206870150','Denis','Rodríguez','Víquez',0,86750320,86750320,'vite0150@gmail.com',22,0,0),('206870687','Jamie','Acuña','Bogantes',2,24758021,86585370,'ye.ye.i@hotmail.com',18,0,11),('206880362','Jazmín','Salas','Sánchez',2,86432845,86432845,'jazminsalas91_@hotmail.com',24,0,10),('206890646','Francisco','Villalobos','Quirós',1,87452157,87452157,'fvillaqui@hotmail.com',57,0,0),('206890804','Juan','Campos','Castro',1,85874826,85874826,'juanvicamcas@gmail.com',20,0,11),('206900075','Jean Carlo ','Fuentes','Herrera',1,24875355,88871946,'jcafu_2208@hotmail.es',19,0,0),('206900311','Floribeth','Molina','Vargas',2,27611075,88013746,'floribethm2010@hotmail.com',57,0,11),('206900534','Jose Pablo','Rojas','Fumero',0,24582057,24582057,'jpablo16@hotmaiol.com',24,0,0),('206910221','Liseth','Guzman ','Cruz',2,24512122,85696202,'lisguzcr@gmail.com',57,0,0),('206920002','Aristides','Madrigal','Arroyo',0,88022829,88022829,'aristidespototo@hotmail.com',21,0,0),('206920029','Jhon','Barrantes ','Ruiz',0,86353808,86353808,'jbarrantesruiz@hotmail.com',22,0,11),('206920099','Jhon','Barrantes ','Ruiz',0,86353808,86353808,'jbarrantesruiz@hotmail.com',22,0,11),('206920129','Johan','Barrantes','Ruiz',0,86353808,86353808,'jbarrantesruiz@hotmail.com',22,0,10),('206920444','Mariany','Arias','Jiménez',2,83378077,83378077,'nanyx23@hotmail.com',27,0,0),('206920460','Esteban','Carranza ','Corrales',1,60341210,60341210,'estecarranza@gmail.com',24,0,4),('206920712','Adriana Maria','Arce','Rojas',0,85847449,85847449,'adriar.2810@gmail.com',19,0,11),('206930516','Jeremy Gabriel','Hernandez ',' Rodriguez',1,24875928,88038498,'jeremyghru@gmail.com',18,0,11),('206960396','Andrés','Sánchez','Ramírez',0,61334742,61334742,'andres.sanchez2@gmail.com',19,0,0),('206970049','Emily','Ugalde','Corrales',0,89488237,89488237,'emilyugace@gmail.com',38,0,0),('206980266','tony','ugalde','sanchez',1,71054561,71054561,'tonyjuspz@hotmail.com',15,0,0),('206980619','Catalina','Hidalgo','Poll',2,24300501,83083770,'hidalpol@hotmail.com',11,0,11),('206990498','Andres','Gonzalez','hernandez',1,24933991,87830701,'andy19gonza@hotmail.com',20,0,6),('206990901','katherine','aragòn','castro',2,85160438,85160438,'kathi270592@gmail.com',21,0,11),('207000054','Cesar','Barrantes','Jara',1,85456794,85456794,'barrant.jar@gmail.com',57,0,0),('207010309','Bernardita','Alfaro','Boza',2,24755716,88788377,'berna_22ab@hotmail.com',57,0,11),('207020210','Tatiana','Chacón','Herrera',2,87622694,87622694,'tatichh@hotmail.com',57,0,0),('207020545','Mariano','Sánchez','Saborío',0,85710522,85710522,'m.sanchezcr92@gmail.com',22,0,0),('207020677','Diego','Ramírez','Ferreto',1,85113225,85113225,'darferreto@hotmail.com',18,0,0),('207020744','Mario','Cruz','Corrales',0,88727629,88727629,'marioc92c@gmail.com',18,0,0),('207020816','Noemi','Gutiérrez','Sibaja',0,87213865,87213865,'noemi.gutierrez10@gmail.com',20,0,11),('207030038','Andreína','Leal','Sánchez',2,86026632,86026632,'josue-salas@hotmail.es',20,0,0),('207030122','Juan Carlos','Castro','Bogantes',1,86340754,86340754,'garza.j.b.5.5@hotmail.com',15,0,11),('207030296','Dayana','Gamboa','Salas',2,84034724,84034724,'daya_gs92@hotmail.com',57,0,6),('207050163','Jose Ariel','Alvarez','Ramirez',1,85305412,85305412,'amajuve29@gmail.com',17,0,10),('207060565','Jeramy','Villegas','Garcia',1,85573278,85573278,'jeraviga29@hotmail.es',20,0,0),('207060598','Jean Carlos','Araya','Quesada',1,84074501,84074501,'jeancaaq@hotmail.com',24,0,0),('207070031','Andrea','Agûero','Castro',2,24483043,89426717,'andrea.aguero.castro@gmail.com',15,0,11),('207070442','jorge esteban','salazar','jimenez',1,86291053,86291053,'jorge8esteban@hotmail.com',57,0,0),('207080740','andrey','castro ','mesen',1,89719587,89719587,'maguey91@hotmail.com',24,0,0),('207080805','Jonathan','Badilla','Carvajal',1,24450230,89786167,'jonas-29@hotmail.com',21,0,0),('207090394','Ana Paola','Carvajal','Gamboa',2,88999602,87069602,'paolacarvajal4@gmail.com',20,0,0),('207090425','Cristal','Mora ','Rodríguez',2,0,89449409,'cristalmorar@gmail.com',20,0,0),('207090565','jefry','esquivel','ramirez',1,85303281,85303281,'jefryer@hotmail.com',8,0,0),('207090776','Wendy Fabiola','Vargas ','Solano',2,85854761,85854761,'fabiovargassola@gmail.com',15,0,0),('207090802','Bayron','Vega','Gurrero',1,24333617,84444960,'bv_guerrero@hotmail.com',22,0,6),('207090955','María Carolina','Mendéz','Lara',2,87110555,87110555,'carolina272@hotmail.es',8,0,0),('207100554','Mariel','Zúñiga','Orozco',0,89448983,89448983,'marielz93@hotmail.com',18,0,10),('207100569','Luis ','Cardénas','Varela',1,0,89701023,'luisc_cr@hotmail.com',19,0,0),('207100929','nazareth','ruiz','quiros',2,26363215,87890861,'naza20@live.com',11,0,10),('207110457','Gabriel','nuñez','soto',0,86948747,86948747,'gabriel_ns25@hotmail.com',50,0,10),('207110630','Joseph','Calvo','Acuña',1,24757132,87528990,'jose93ph@gmail.com',21,0,11),('207110814','Liria','Morales','Ramirez',2,87976111,87976111,'liriqueichon@hotmail.com',25,0,11),('207110915','Paulo','Vargas','Chinchilla',1,24513224,87803711,'puc24@hotmail.com',15,0,0),('207110929','Meybel','Pérez ','Quesada',0,87981596,87981596,'mey-93@hotmail.es',11,0,11),('207120175','adriana','vargas','aguilera',2,0,87437407,'adri_8-4@hotmail.com',23,0,0),('207120873','Felipe','Arguello','Castillo',0,86037564,86037564,'farcas@hotmail.com',21,0,0),('207120992','Ericka ','Varela ','Araya',2,24605509,87360644,'ek.topo@gmail.com',21,0,11),('207130113','andres','castillo','leiton ',1,86624525,86624525,'andcasleit04@gmail.com',21,0,0),('207130126','Dilan David','Vindas','López',1,86569053,86569053,'ddvindas_1993@hotmail.com',19,0,0),('207130513','Andrés','Castillo','Leitón',1,24605582,86624525,'acasleit04@gmail.com',21,0,0),('207130532','Bernny José','Chavarría','García',1,86123640,86123640,'bernychavarria@hotmail.com',57,0,0),('207130569','Yuleisy','Herrrera','Chavez',2,24543894,87683798,'yulita93@live.com',18,0,11),('207130726','Dylan David','Vindas','Lopéz',1,22452075,86569053,'ddvindas_1993@hotmail.com',19,0,0),('207130996','Javier ','Rodriguez','Gonzales',1,24514745,87348551,'xavyrg17@gmial.com',25,0,11),('207140344','Andrey','Rojas','Rodríguez',1,85334383,85334583,'andreyr1206@hotmail.com',21,0,0),('207140606','Cesar','Ruiz','Torres',1,24530527,89552561,'cart_1106@hotmail.com',21,0,0),('207140756','Bryan ','Vargas ','Mesen ',1,22630626,88622718,'bryanvm30@hotmail.com',22,0,0),('207140784','Stephanie','Altamirano ','Montoya',0,84340664,84340664,'tefa06altamont@gmail.com',15,0,0),('207150522','Carlos','González','Quesada',1,24463139,86159056,'cgonzalezq93@gmail.com',22,0,0),('207150554','Mónica','Zamora','Rodriguez',2,88038389,88038389,'moni-k876@hotmail.com',19,0,5),('207160041','Omar','Chavarria ','Ruíz',1,86829352,86829352,'omar22ch@gmail.com',22,0,0),('207160052','Katherine','Molina','Guido',2,0,86614869,'kathymol93@gmail.com',7,0,11),('207160227','Daniel','Carballo','Alfaro',1,22699436,87754844,'decar14@gmail.com',22,0,0),('207170373','Geilin','Mora','Barrantes',2,24541369,85913118,'geibarrantes93@gmail.com',21,0,11),('207170598','michael','avendaño','gonzalez',1,24411689,87643932,'mag@hotmail.com',24,0,0),('207170852','Estrellita','Barrantes ','Quesada',2,89908958,85545790,'yita_24@hotmail.com',50,0,11),('207170853','Christian','Rodriguez','Mendez',1,24721516,83233376,'cristian151693@hotmail.com',15,0,11),('207180055','stephanie','Salas','SOto',0,84886224,84886224,'tati_93@hotmail.es',15,0,11),('207180096','Lidieth','Morera','Vargas',2,85219146,85219146,'Limorera@hotmail.es',24,0,11),('207180272','Pablo David','Huete ','Hernández',1,87539394,87539394,'pdhh2010@hotmail.com',22,0,11),('207180440','Cristian','Castillo','Barquero',0,61270512,61270512,'kris.pitagoras25@hotmail.com',22,0,10),('207190256','Keneth','Rojas','Barrantes',1,89115030,89115030,'krb.14@hotmail.com',22,0,10),('207190790','Marco','Mejìa','Nuñez',1,24336478,89913512,'vini_me@hotmail.es',22,0,3),('207190802','Juliana Lucía','Mejías ','Aguilar',2,22691742,85429798,'yulinom@hotmail.com',21,0,8),('207200306','Sharon ','Murillo','Arrieta ',2,24582124,89477318,'smurillo_1993@hotmail.com',8,0,11),('207200324','Debora','Alvarado','Chaves',0,85835687,85835687,'deboralch15@hotmail.es',15,0,0),('207200653','Steven','Cortés','Mora',2,24831598,86398631,'cotes_mora@hotmail.com',57,0,11),('207200678','Verónica','Chacón','León',2,24460619,86072196,'mochiav@hotmail.com',15,0,11),('207200825','Gerald','Benavides','Guido',1,87919875,87919875,'gebegui1209@gmail.com',17,0,11),('207220077','Yesica Melisa','Rivera','Cruz',2,24460220,60676612,'ye.k16@hotmail.com',50,0,0),('207220105','josé','Zúñiga','Rojas',1,24503013,89732746,'josezga@gmail.com',20,0,0),('207220133','Daihan ','Herrera ','Monge',2,88057330,88057330,'vale.mica@hotmail.com',23,0,11),('207220157','Isabel cristina ','vega','rojas',2,24541012,87904448,'crisvr07@hotmail.es',50,0,0),('207220525','Jordi','Loria','Herrera',1,86750755,86750755,'morenito_131@hotmail.com',22,0,0),('207220874','daniel','porras','solis',1,87414069,87414069,'daniel_1994_porras@hotmail.com',18,0,11),('207220902','karina','barquero','mejias',2,24495654,86189350,'kary_barquero@hotmail.es',20,0,11),('207220963','Maria Jennifer','Segura','Cespedes',2,24533330,83351662,'jennyfersc@gmail.com',27,0,11),('207230282','fanny ','arguedas','vargas',2,24550071,84780084,'fanny_25f@hotmail.com',8,0,0),('207230295','Miurel','Bribdges','Marín',2,85801447,85801447,'kmiorww@hotmail.com',19,0,11),('207230770','María Fernanda','Quesada','Alvarado',2,24612342,86644461,'fer.1103@hotmail.es',18,0,10),('207230948','Hazel','Quesada','Castro',0,87601463,87601463,'hazel04qc@hotmail.com',20,0,0),('207240160','José','Campos','Álvarez',0,89880854,89880854,'frodoxdd@gmail.com',22,0,0),('207240387','Evelyn','Campos','Arrieta',2,87427606,87427606,'evelyn1994ca@hotmail.com',8,0,11),('207250382','María Fernanda','Vargas ','Castro',0,86153773,86153773,'fernandavargas328@gmail.com',8,0,0),('207250507','Tracy','Sandoval','Gomez',2,24712184,87182285,'chinita-gomez@hotmail.com',8,0,11),('207250729','damaris','araya','hidalgo',2,87407741,87407741,'damarisaraya94@hotmail.com',15,0,11),('207260019','Evangil','Alvarez','Lòpez',2,24425282,87471283,'evangil_s@hotmail.com',15,0,11),('207260036','maria alejandra ','rojas','guillen',2,22635803,84698152,'alemary2594@gmail.com',8,0,0),('207260146','Laura','Fernàndez','Segura',2,87530475,87530475,'laura.fs@hotmail.es',18,0,0),('207260387','Gilberto','Román ','Barrantes',1,87440689,84487036,'gilberto094@gmsil.com',22,0,11),('207260945','Fabiana','Siles','Ulate',2,24603879,89253079,'fsiles94@hotmail.com',8,0,0),('207270042','Ana Prisciilla','Salas','Fernández',2,24948805,87857277,'apsalas@hotmail.com',50,0,11),('207270667','Maria Alexandra','Araya','vargas',2,22370906,86992788,'maria16araya@hotmail.com',20,0,0),('207280017','Natalia','Valerio','Zamora',2,24601804,85490147,'nataliavlr9@gmail.com',50,0,0),('207280496','Pamela ','Muñoz ','Vargas',2,60148610,60148610,'pmunozv0894@hotmail.com',15,0,0),('207280594','Mariela','Rojas','Trejos',2,86984437,86984437,'mari_9894@hotmail.com',18,0,0),('207280609','Krista','Azofeifa','Castillo',2,24602000,89109835,'krista.azofeifa@gmail.com',57,0,8),('207280907','Susana ','Conejo','Barrantes',0,89598586,89598586,'sasancico-09@hotmail.com',11,0,0),('207290286','FREDDY','RODRIGUEZ','castro',1,84148911,86789591,'tony_rodcas@hotmail.com',23,0,0),('207290790','Alejandro','Morales','Rosales',0,89557598,89557598,'alemr19@hotmail.com',41,0,0),('207300064','Romario','Castillo','Solis',1,24385504,86511411,'romario_caso@hotmail.com',20,0,0),('207300232','katherine','mena','jimenez',2,89757146,89757146,'nanda9403@hotmail.com',20,0,11),('207300459','stephanie','vargas','chacon',2,88037306,88037306,'stephanie_v294@hotmail.com',53,0,0),('207300477','Brayan Esteban','Aguilar','Rodríguez',1,24655195,87643354,'bryan-aguilar-17@hotmail.com',21,0,0),('207300543','Paz ','Bonilla','Rojas',2,24429921,83331562,'pazbonilla26@gmail.com',20,0,0),('207300573','Fabian ','Araya','Solis',1,87833392,87833392,'f.ar.sol2509@hotmail.com',23,0,11),('207300589','Silvia','Santamaria','Badilla ',2,22396271,86030630,'ssantamaria23@gmail.com',57,0,0),('207300601','Ignacio','Avalos','Bonilla',1,86556666,86556666,'nachoab4@hotmail.com',22,0,11),('207300753','Oscar Mario','Castro','Rojas',1,24544331,89244296,'ocastror24@gmail.com',22,0,0),('207300908','Marilyn','Arce ','Cervantes',2,89471878,89471878,'mariarce25@htomail.com',13,0,11),('207300950','Luis Diego','Obando','Madrigal',0,60046008,60046008,'diegoobando12@gmail.com',22,0,11),('207310119','Maria Alejandra','Serrano','Morales',0,87510523,87510523,'alesemo.3009@hotmail.com',21,0,11),('207310340','Marvin','Solorzano','Calderon',0,84158469,84158469,'marvinsc95@hotmail.com',24,0,10),('207310373','Steven','Delgado','delgado',1,60425985,60425985,'s.delgado94@gmail.com',22,0,0),('207310447','Daniela ','Rodriguez','Solorzano',2,24799036,83189145,'daniela.rodriguez.solorzano@gmail.com',8,0,0),('207310761','natalia','aguilar','rojas',2,22930797,88654690,'aguilarrojasn@gmail.com',15,0,0),('207320037','Andreina ','Morera','González',0,86939072,86939072,'andreinamorerag@hotmail.com',19,0,0),('207320124','Josè ','Madríz','Villagra',1,86911693,86911693,'j_mv13@hotmail.com',18,0,0),('207320279','Laureana','Morales ','Blanco',2,88710801,88710801,'laumb69@gmail.com',20,0,0),('207320737','Andreina','Morera','González',2,86939072,86939072,'andreinamorerag@hotmail.com',19,0,0),('207320785','Monserrat ','Rodriguez','Barquero',2,24513112,89843446,'monserb84@hotmail.com',18,0,0),('207320842','Lizeth','Castro','Quiros',2,24945885,87861393,'liz_cq1711@hotmail.com',20,0,0),('207320901','Daniela','Porras','Sánchez',2,50056319,50056319,'deaposa03@hotmail.com',19,0,0),('207320905','Paulina','Salazar','Corrales',2,85669875,85669875,'paulisc18@hotmail.com',25,0,0),('207320924','Daniela ','Madrigal ','Tejada',2,84551152,84551152,'danymtr@hotmail.com',19,0,7),('207330341','José Mauricio','Arroyo','Quesada',0,60098996,60098996,'josearroyo188@hotmail.com',21,0,10),('207330423','oscar brenes','brenes','hernandez',1,88039746,88039746,'oscarjch2010@hotmail.com',19,0,10),('207340044','Katerinne','Castillo','Ríos',2,85313593,85313593,'kamecast20@hotmail.com',22,0,0),('207340318','José','Arrolíga','Martínez',0,60107363,60107363,'whereisarroliga@gmail.com',8,0,11),('207340355','Angie','Elizondo','Gonzalez',2,87499862,87499862,'an12meli14@hotmail.com',57,0,0),('207340486','Ihan ','Muñoz ','Durán',1,24426624,86623133,'ihanmd_04@hotmail.com',18,0,0),('207350007','Andrey','Qurós','Obando',1,85794971,85794971,'andreyquirosobando@gmail.com',22,0,11),('207350120','Margarita','Masis','Hernàndez',2,244408541,86134301,'masis_magui@hotmail.com',11,0,7),('207350164','Ana Rosita ','Rodriguez','Lara',0,86460652,86460652,'rositapj@gmail.com',27,0,0),('207350395','Raùl','Hidalgo','Pérez',1,86433205,86433205,'hidalgoperezraul@hotmail.com',22,0,0),('207350535','Daniela ','Cubero','Leitón ',0,84804367,84804367,'daniicubero@gmail.com',24,0,0),('207350669','Rodrigo','Benavides','Fallas',1,89414356,89414356,'betto1402@gmail.com',25,0,11),('207350702','Dixon','Herrera','Cabezas',1,22610442,87543807,'dixon13@hotmail.es',21,0,0),('207350730','Inike','Villafuerte','Guzmán',2,86314865,86314865,'guzman881@hotmail.com',11,0,11),('207350756','Nikol Fabiola','Villegas ','Pérez',2,60852759,60852759,'nikolvilllegas1995@gmail.com',53,0,0),('207350788','Abraham','Arroyo','López',1,24306114,86891755,'abe239519@gmail.com',8,0,0),('207360172','alex','vega','rodríguez',1,86156292,86156292,'alexvinicio1@gmail.com',57,0,11),('207360301','Cristopher','Chaves','Garita',1,24302459,60664912,'cristopher.chaves@hotmail.com',22,0,11),('207360430','Jean Carlo','Alpizar','Bejarano',0,89495264,89495264,'jeancarlo.alpizar95@gmail.com',24,0,0),('207360788','NICOLE','SotO','Herrera',2,24306815,87415465,'nsoto-v@hotmail.com',24,0,0),('207360846','Gerson ','Vargas ','Galvez',1,89735921,89735921,'gersonvargasgalvez@gmail.com',22,0,11),('207360850','Jorge esteban','Rodriguez','Rodriguez',1,87725968,87725968,'j.estebanr@hotmail.com',24,0,0),('207360889','Angelo','Trejos','Cerdas',1,89633483,89633483,'angelotrejos1@gmail.com',8,0,0),('207370069','Valeria','Vargas','Delgado',0,83024443,83024443,'valeriavargasdelgado90@gmail.com',22,0,0),('207380056','rodolfo','lopez','castro',1,22626711,60150636,'rodolfo1930@hotmail.es',22,0,11),('207380324','Alexander','Zuñiga','Sarguero',0,86076798,86076798,'alexagro95@gmail.com',27,0,0),('207390032','Oscar','Arrieta','Rojas',1,22621317,86229305,'ando21-11@hotmail.com',22,0,0),('207390185','Melvin','Porras','Araya',1,24584400,86242354,'melporras_11@hotmail.com',18,0,0),('207390468','Alfonso','González','Araya',1,60689812,60689812,'gonzalezarayaalfonso@gmail.com',17,0,4),('207390492','David','Ruiz','Quirós',0,85987454,85987454,'davidmaurilioN@gmail.com',25,0,0),('207390593','Marco','Villalobos','Vargas',0,85240028,85240028,'marco.vvv@hotmail.com',57,0,0),('207400129','Ana Lucía','Hidalgo','Murillo',2,83149991,83149991,'luhidalgo01@gmail.com',22,0,0),('207400167','Cristian','sequeira','Suarez',1,60059661,60059661,'cristhss051795@hotmail.com',22,0,11),('207400301','Joselin','Moya','Mora',0,86412681,86412681,'jocelinth15@hotmail.com',24,0,0),('207400326','Maria Elena','Madrigal ','Paniagua ',2,24454944,85027863,'elenamp.95@hotmail.com',19,0,0),('207400375','Lohana','Sandoval','Elizondo',0,87846389,87846389,'loha.se09@gmail.com',25,0,0),('207400542','denis','arias','ramirez',1,89746575,89746575,'dennisarias06@hotmail.com',19,0,11),('207400895','Jazmìn ','Sibaja','Vega',2,71462664,71462664,'yaz-maria@hotmail.com',21,0,11),('207410754','MARYSOL','VARELA','JAIKEL',2,24411345,61016317,'maryvaja27@hotmail.com',22,0,0),('207410777','Dayana','Ziñiga','Rojas',2,24503013,87794628,'dayana.zr95@gmail.com',20,0,0),('207410877','franciny ','figueroa','araya',2,85381855,85381855,'figueroa0720@gmail.com',3,0,0),('207420183','adonis ','barrantes','jimenez',1,24544778,87604365,'ab22jimenez@hotmail.com',21,0,0),('207420423','Daniel','Solera ','Orozco',1,24948024,87869554,'leinadsoloro@hotmail.com',18,0,0),('207420718','Eilyn','Galiano','Martínez',2,86354183,86354183,'eygama0408@hotmail.com',24,0,11),('207420835','Brayan','Espinoza','Monge',1,86088928,86088928,'bryan-slimshady@hotmail.com',22,0,0),('207430106','Mailyn','Campos','Zúñiga',2,84783772,84783772,'josethcamzu@hotmail.es',17,0,0),('207430148','Daniela','Gómez','Murillo',2,24944869,87504729,'daniela-1895@hotmail.com',50,0,0),('207430497','Yosue','González','Alvarado',1,86088833,86088833,'yosue2595@hotmail.com',22,0,0),('207430562','katherine maria','valverde','solis',2,24464921,87364843,'kattyvalverde@gmail.com',48,0,11),('207430682','Luis','Perez','Rodriguez',1,24476597,86390545,'luisc_95-@hotmail.com',24,0,0),('207430796','Katerinne','Salas ','Ramírez',0,89742871,89742871,'raquel.25.95@hotmail.com',8,0,0),('207430840','José Antonio','Garbanzo','Núñez',0,87080932,87080932,'jose14.gn@hotmail.com',15,0,9),('207430893','yeilin natalia','jimenz','molina',2,83741437,89869264,'yeilinjimenez06@hotmail.com',50,0,0),('207440006','Ramson','Gu','Wu',0,88203954,88203954,'rchino957@hotmail.com',22,0,0),('207440139','José David','Porras','Chacón',1,60692833,60692833,'jdporrasc@gmail.com',22,0,0),('207440375','YESLIN','ARROYO','UMAÑA',2,89722351,89722351,'iva_yez@hotmail.com',19,0,5),('207450061','Gabriel','Campos ','Rojas',0,84307225,84307225,'gabrielcampos02@hotmail.es',11,0,0),('207450213','Ronald ','Jiménez','Moya',0,87672303,87672303,'rjjm95@hotmail.com',22,0,10),('207450267','Nicole','Eduarte','Astorga',2,24432812,84381100,'niky510@hotmail.com',20,0,0),('207450661','Analive','Castro','Dorias',2,88011684,88011684,'analive015@gmail.com',22,0,11),('207450751','Marìa','Molina','Maltès',2,0,86286507,'mmolina_95@hotmail.com',13,0,11),('207450815','Mariel ','Gutierrez','Argürllo',2,24500579,85393658,'marygu22@hotmail.com',50,0,0),('207450928','Jesús','Madrigal ','Gómez',0,86048348,86048348,'jesusmadrigal20@hotmail.com',27,0,0),('207460104','isaac','corrales','cruz',1,24426982,89881077,'isakucorrales@hotmail.es',22,0,0),('207460254','Diego Enrrique','Durán','Romero',1,89920664,89920664,'diego-barcelona-10@hotmail.com',27,0,0),('207460349','Paola','Obando','Sequiera',2,87333008,87333008,'paochvsm@gmail.com',57,0,0),('207460592','Meilyn','Valladares','Centeno',2,60757929,60757929,'me-y94@hotmail.com',57,0,10),('207460992','Paola','Villegas','Vargas',0,61816527,61816527,'pao.villegas0818@gmail.com',50,0,0),('207470120','Paulo','Villalobos','Saborra',0,70155025,70155025,'pev516@gmail.com',22,0,0),('207470471','Deibin Estiven','Monge','Hurtado',0,86804346,86804346,'estivenmonge36@gmail.com',50,0,10),('207490384','Ericka','Chaves','Fallas',0,89635667,89635667,'erichavesfallas@gmail.com',25,0,11),('207490465','Leonardo','Ramírez','Pérez',0,86610126,86610126,'jolerape@hotmail.com',25,0,0),('207490678','Danilo ','Arguello','Vega',0,86667743,86667743,'danilofonsecaav@gmail.com',17,0,0),('207500293','Estefanie','Marín ','Gamboa',0,60624203,60624203,'smmg13@hotmail.es',20,0,0),('207500335','Luis','Rojas','Arguedas',0,87525244,87525244,'luis96142@hotmail.com',22,0,0),('207510300','Karina','Ulate','Jara',0,87160962,87160962,'karinaula@hotmail.com',21,0,0),('207510968','Joselyn','Paniagua','Herrera',0,84307484,84307484,'herrera-t96@hotmail.com',18,0,11),('207530056','Angie','Quirós','Rodríguez',0,89766724,89766724,'angiequiros11@hotmail.com',26,0,0),('207530104','Luis Carlos','Solís','Ramírez',0,87487150,87487150,'lsolisramirez@hotmail.com',21,0,0),('207530586','Jose Rodolfo','Carrillo','Mesén',1,87457369,87457369,'rodocarrillomesen@gmail.com',15,0,11),('207540400','Mónica','González','Suárez',2,87839710,87839710,'moniikalll@gmail.com',57,0,0),('207540786','Milena','Saborio','Delgado',0,86966420,86966420,'mily_sd09@hotmail.com',11,0,0),('207540892','Ronald','Nuñez','Paniagua',0,85158860,85158860,'ronald_30696@hotmail.es',22,0,0),('207550787','Michelle','Rojas','Arce',2,86269929,86269929,'michied_96@hotmail.com',19,0,0),('207560450','Mariam Priscilla','Muñóz','Rodríguez',2,89620307,89620307,'pri_2096@hiotmail.com',17,0,0),('207560535','Valentina','Rojas','Ramírez',2,89987520,89987520,'valerojas96@hotmail.com',53,0,0),('207570708','Kriss','Vega','Nuñéz',0,86799240,86799240,'kriss_94@hotmail.es',8,0,0),('207590446','José Pablo','Zamora','Rodríguez',0,24390284,24390284,'ss2itachi@hotmail.com',22,0,0),('207980119','jose luis','martinez','calero',1,86348263,86348263,'chepexmartinez@hotmail.com',23,0,0),('208170575','Lourdes','Arce','Chaves',2,24466693,87790964,'lourdes.arcech@gmail.com',11,0,0),('208260871','Isaías ','Ruíz ','Jiménez',1,86372030,86372030,'isaias_sk8.rj@hotmail.com',20,0,0),('208670384','Guisselle','Laguna','Lopez',2,87332383,87332383,'guiss1109@gmail.com',21,0,11),('208690043','Tania','Reyes','Ortega',2,84769244,84769244,'tania14reyes@gmail.com',17,0,11),('216250898','Maria ','Vargas','Sequeira',0,87581949,87581949,'mvargassequeira28@gmail.com',11,0,10),('301620954','Ernesto','Picado','Ureña',1,85795231,85795231,'ernes9205@hotmail.com',57,0,0),('303950885','Pedro ','Salguero ','Aguilar',1,83204972,83204972,'psalgueroa@gmail.com',19,0,0),('304140236','Jairo','Alfaro','Peña',0,83210655,83210655,'jairobatero11@hotmail.com',23,0,0),('304160435','Maximiliano','Navarro','Trejos',1,85262035,85262035,'maxnt6@gmail.com',8,0,11),('304230140','Nazareth','Calderòn ','Espinoza',2,0,600316444,'nazacalde@hotmail.com',8,0,10),('304230785','Juan Carlos','Solano','Mora',1,89753746,89753746,'juan19@costarricense.cr',21,0,0),('304350395','Johana','Orozco','López',0,87986741,87986741,'gracielaoro15@hotmail.com',13,0,11),('304360619','Ericka ','Calderón','Rojas',2,84295919,84295919,'eric.calderon@yahoo.com',19,0,11),('304390565','Xiomara ','Naranjo','Mena',2,87015643,87015643,'xiomara.n02@gmail.com',15,0,11),('304390719','Alexander','Sanchez ','Herrera',1,87766850,87766850,'lexgathr@gmail.com',57,0,11),('304390874','Edwin','Villalobos','Martinez',0,71112693,71112693,'evm279@gmail.com',17,0,0),('304410074','Erick ','Grijalba','Marin ',1,25519239,86281947,'sliversor@hotmail.com',15,0,10),('304420109','Ester','Mora ','Loria',2,84024595,84024595,'zelideva@hotmail.com',19,0,0),('304420415','Cesar','Brenes','Granados',0,84234924,84234924,'cebrgr56@gmail.com',17,0,0),('304430193','MARIA CAROLINA','BRENES ','TREJOS',2,25527123,85496595,'carolinabrenes510@yahoo.es',22,0,0),('304440250','Karen','Leiva','Leandro',0,89698610,89698610,'karen05feb@gmail.com',3,0,0),('304470033','Maria ','Calvo','Alvarado',2,25910539,83248024,'marycalvo_07@hotmail.com',14,0,11),('304480479','Jonathan ','Madrigal','Mora',1,85156460,85156460,'jonathantecnico18@hotmail.com',22,0,8),('304480598','Jimmy','Solís','Medrano',1,27677284,84094853,'jimsolis.05@hotmail.com',22,0,10),('304480689','Esteban','Barrientos','Martínez',1,85393360,85393360,'etbnbm@gmail.com',18,0,11),('304490320','Karla','Casasola','Vargas',2,83351059,83351059,'k.casasola@gmail.com',24,0,11),('304500319','Saray','Araya','Piedra',2,86631285,86631285,'sarayap1990@gmail.com',8,0,11),('304530093','julio','zùñiga ','marìn',1,83560616,83560616,'liepes@hotmail.com',18,0,10),('304530203','Isabel','Garita','Araya',2,25300789,89610283,'isagarita84@gmail.com',13,0,11),('304540030','Heizel','Garro','Navarro',0,84784426,84784426,'heizelgarro-@hotmail.com',11,0,0),('304550757','Cristian',' Flores','Alfaro',0,85399530,85399530,'factormultiple@gmail.com',15,0,0),('304580732','carlos rodolfo','picado','ramirez',1,85218201,85218201,'ofo_topgen@hotmail.com',21,0,0),('304600684','Marcela ','Venegas','Leiva',2,25441716,89613306,'mariela.vilquez4@gmail.com',18,0,11),('304610620','Mariela','Coto','Garro',2,25748308,89926039,'mari_0804@hotmail.com',8,0,11),('304610707','Grettel','Pereira ','Castillo',0,85428549,85428549,'grettelp2010@hotmail.com',11,0,0),('304620959','Ernesto','Picado','Ureña',0,85795231,85795231,'ernes9205@hotmail.com',25,0,0),('304630598','Erick','Mora',' Brenes',1,84059269,84059269,'erickmb3@hoymail.com',21,0,10),('304640695','Lucrecia','Naranjo','Madrigal',0,87405773,87405773,'kecha_07@hotmail.com',14,0,0),('304646069','Daniela','Hidalgo','Retana',2,22755150,84146902,'danihr03@hotmail.com',18,0,0),('304650063','Luis','Umaña','Camacho',1,0,88051350,'gaboumac17@hotmail.com',18,0,11),('304660187','Jean Carlo','Ceciliano','Vega',1,86207193,86207193,'jeancarlos.ceciliano@gmail.com',18,0,11),('304660631','Daniel ','Mora','Quesada',0,87832602,87832602,'mora03oct@gmail.com',17,0,11),('304660796','Wagner ','Gamboa','Gamboa',1,87544179,87544179,'wanba.8@gmail.com',18,0,11),('304670235','Elenia','Saborio','Sánchez',2,89612336,89612336,'Lnia.ss15@hotmail.com',21,0,0),('304680029','Greivin','Vives','Duarte',1,86333780,86333780,'greivinvives@hotmail.com',22,0,11),('304680208','Franciny','Zamora','Hernández',2,25350219,87541424,'francinyzh25@hotmail.com',48,0,0),('304680482','veronica','vega','martinez',2,25560901,89611262,'vvm_1601@hotmail.com',20,0,11),('304680550','Daniela ','Mora','Andrade',2,86279666,86279666,'dany_ma28@hotmail.com',20,0,11),('304680603','Juliàn ','lorìa','Hidalgo',1,25738221,86650673,'loriahidalgo@gmail.com',21,0,0),('304680612','Victor','Loría','Hidalgo',1,87420439,87420439,'victorandress314@gmail.com',11,0,0),('304680613','julian','loria','hidalgo',1,86650673,86650673,'loriahidalgo@gmail.com',21,0,0),('304680701','Dayana','Monge','Zúñiga',0,83392638,83392638,'daymonge22@gmail.com',4,0,0),('304690153','Esteban','Camacho','Marín',1,84321790,84321790,'ekmacho12@hotmail.com',23,0,0),('304690224','Alexandra','Suarez','Morales',2,86263538,86263538,'gracielasm18@hotmail.com',24,0,11),('304690681','Édgar','Ilama','Romero',1,87527439,87527439,'ilamaed-11@hotmail.com',23,0,10),('304690828','Willy','Hernández','Valverde',1,25440017,86653213,'willy.herval0081@gnail.com',18,0,11),('304700109','Yocelin','Retes','Fernández',2,25350612,87790945,'retes_23@hotmail.com',8,0,11),('304710097','jazmin','redondo','montero',2,89659668,89659668,'redojaz@hotmail.com',24,0,11),('304710428','Víctor Daniel','Chacón','Mata',1,22802067,89893088,'aramisch93@hotmail.com',19,0,0),('304720877','Jose Alberto','Pacheco ','Ulloa',0,70489980,70489980,'pachejose26@gmail.com',22,0,0),('304730043','Franklin','Camacho ','Herrera',0,87415796,87415796,'castillobuild@gmail.com',26,0,0),('304730080','Dorian','Robles','Garro',1,89400519,89400519,'droblesgarro@hotmail.com',24,0,0),('304730191','Alonso','Cendra','Villalobos',1,25520984,60104040,'alonso.cendra.villa@gmail.com',15,0,0),('304730455','Adolfo ','Sanchez','Rivas',1,25372622,84426541,'asanchezr29@hotmail.com',20,0,0),('304730887','Dilana','Castellon ','Canales',2,83720534,83720534,'pnk.dylanna@hotmail.es',57,0,0),('304740740','José Pablo','Méndez','Portuguez',0,89486282,89486282,'j_paublin21@hotmail.com',18,0,0),('304740913','Stephanie','`imènez','Rodrìguez',2,0,88003630,'stj1193@hotmail.com',13,0,11),('304740935','Cristian','Díaz','Jiménez',0,88207411,88207411,'cristian.diaz.jim@gmail.com',22,0,0),('304750058','Marilyn','Ureña','Chavez',2,25465806,85907422,'milyn30uch@gmail.com',12,0,11),('304750606','Marco','Bonilla ','Mata',1,86627743,86627743,'marc.o08@hotmail.com',19,0,0),('304770749','Roberth','Saurez','Sicinski',1,89479193,89479193,'v_suarez94@roketmail.com',22,0,0),('304780037','Alexandra','Aguilar','Najera',2,87421658,87421658,'alexandra.aguilar.najera@gmail.com',22,0,0),('304780295','Ivanna','Zamora','Solano',2,25564748,88977578,'ivasolano3@hotmail.com',8,0,0),('304780814','Jesús Alberto','Navarro','Mora',1,86563343,86563343,'albertucho18@gmail.com',24,0,0),('304780845','Bayron','Picado','Obando',1,84437734,84437734,'byron15@hotmail.es',22,0,11),('304780848','Miguel','Marín','Sánchez',1,86700353,86700353,'mfmsuna@hotmail.com',4,0,11),('304780934','Irene','Montero','Rodríguez',2,22793945,83459947,'irenita-25@hotmail.com',20,0,0),('304790123','steven','jimenez','benavides',1,25930268,89512246,'stiven2705@hotmail.com',21,0,0),('304790670','Ana Verònica','Brenes ','Fallas',2,25411369,86698410,'verobrefa@hotmail.com',34,0,10),('304800201','Graciela','Aguilar ','Zamora',2,25312550,86377992,'chelaaguilar9@hotmail.com',22,0,11),('304800280','Jackson ','Argüello','Rivera',1,89726824,89726824,'jackrivera1@hotmail.com',18,0,10),('304800284','Fabiana','Montero','Valverde',0,89414250,89414250,'victofab@gmail.com',24,0,0),('304810205','Ana Carolina','Gómez ','Solano',2,89419669,89419669,'anagoz1494@gmail.com',18,0,0),('304820412','Luis Carlos','Prado','Arias',0,87544727,87544727,'luis.31101994@gmail.com',23,0,0),('304820637','Fabian','Ramirez','Mora',1,25745159,88001620,'framirezmora94@gnail.com',18,0,0),('304820669','BRYAN','MORALES','FALLAS',1,25462464,86611109,'bryanmf69@gmail.com',8,0,8),('304830072','carolina','aguilar','granados',2,83247681,83247681,'c_aguilar_g30@hotmail.com',19,0,0),('304830080','Leonardo ','Coto ','Cedeño',0,87386936,87386936,'allancosi94@gmail.com',11,0,0),('304830405','Esteban','Montero','Fonseca',1,85334024,85334024,'estmontero11@hotmail.com',22,0,0),('304830680','Glenda ','Arias','Orozco',0,62150419,62150419,'glendaariasorozco@gmail.com',23,0,0),('304840453','Viviana','Delgado','Jiménez',0,89533182,89533182,'vivianadel951@hotmail.com',18,0,0),('304840756','Fabian','Cambronero','Aguilar',1,83106244,83106244,'fabi3195@gmail.com',18,0,0),('304850080','Sharon','Mora','Ramos',2,89473402,89473402,'Shaga841@gmail.com',57,0,11),('304850320','Droyer','Ureña','Ceciliano',1,86905530,86905530,'droyer95@gmail.com',21,0,10),('304850724','Viviana','Gamboa','Cordero',0,83365798,83365798,'vivigamb13@hotmail.com',8,0,11),('304850732','Katerinne','Gómez','Pereira',2,87997244,87997244,'kate2215@hotmail.com',23,0,0),('304850746','Michael Steven','Molina ','Zuñiga',1,85269490,85269490,'michaelmolina2030@hotmail.com',18,0,10),('304870409','Nataly','Obando','Zúñiga',2,25737655,88000430,'nataly7442@gmail.com',15,0,0),('304880130','Marjorie','Valverde','Fallas',2,25464098,89413888,'mar_valfal@hotmail.com',22,0,11),('304880936','Nataly','Gutiérrez','Rodríguez',2,22652865,85580725,'mari.gr95@hotmail.com',35,0,0),('304890450','rosiris alexa','quiros','sanchez',2,89645541,89645541,'rosirisquiros@hotmail.com',19,0,11),('304890451','Sonia','Aguero','Quirós',0,85021366,85021366,'soquiros@yahoo.com',4,0,11),('304890502','Marilyn','Cordero ','Solano ',2,25524086,88051256,'maricordero95@live.com',50,0,0),('304900213','Laura','Duran','Chavarria',2,25911894,88673239,'duranlan@hotmail.com',50,0,0),('304900292','Cesar','Gamboa','Navarro ',1,85815358,85815358,'cesarasdru@gmail.com',22,0,11),('304900772','estrella','martinez','araya',2,85668046,85668046,'estrellam15@hotmail.es',24,0,0),('304910445','Keylor','Cordero','Umaña',1,85672382,85672382,'kecu2011@hotmail.com',19,0,11),('304910731','Fernando ','Sanabria ','Mora',0,89564305,89564305,'martinsm.13@hotmail.com',11,0,0),('304920367','Mauricio','Umaña','Mora',0,70983149,70983149,'maurialex9601@gmail.com',25,0,10),('304920737','Sharon','Velásquez','Castillo',0,61977430,61977430,'shavc.03@gmail.com',19,0,11),('304920983','Santiago','Quirós ','Soto',1,83119346,83119346,'Santiago_q10@hotmail.com',18,0,0),('304930377','María Laura','Sánchez','Sanabria',0,89441977,89441977,'maria.sanchez038@gmail.com',24,0,0),('304930618','Maria Jose','Cordoba','Sanches',0,85964931,85964931,'majocosan@gmail.com',13,0,0),('304940344','Lulis Alejandro','Castro','Coto',0,85265720,85265720,'luigi7.castro@gmail.com',18,0,0),('304940455','Nohelia','Vargas','Zúñiga',0,89421413,89421413,'novazu12@gmail.com',15,0,0),('304970556','Alex','Naranjo','Campos',0,85572243,85572243,'alex.naranjo20@gmail.com',8,0,0),('304980068','Tatiana ','Vargas','Jiménez',0,87442352,87442352,'tativarji@hotmail.com',13,0,10),('304980454','Tania','Castro','Solano',0,86606945,86606945,'tania.cs06@hotmail.com',23,0,11),('400205595','Tania Arline','Fernández ','Suarez',0,85358845,85358845,'arline90@hotmail.com',23,0,0),('400231581','stephanie','alfaro','meza',0,85650058,85650058,'Fhaennit_22@hotmail.com',15,0,0),('401260909','Laura ','Muñoz','Rubí',2,24483975,60063659,'lauramunoz13071961@hotmail.es',3,0,0),('401490052','Rosibel','Zamora','Mena',0,83771067,83771067,'rossy2m14@gmail.com',34,0,0),('401520495','ana','vbngn','nmm',2,558566565,558566565,'angmel42@hotmail.com',8,0,0),('401670570','Liliana','Jimènez','Salas',2,25608428,83395634,'ljim@una.cr',8,0,10),('401680195','Juan Diego','Araya','Herrera',1,22660603,89172661,'jdiego1308@gmail.com',24,0,0),('401780898','Daniel','Zúñiga','Alvarez',0,88639654,88639654,'danielzuniga2010@gmail.com',8,0,10),('401830785','Karen','Rojas','Benavides',2,89730098,89730098,'karojben1984@gmail.com',32,0,0),('401860104','Paola','Sánchez','Badilla',0,84949626,84949626,'paovisa85jvs@yahoo.com',8,0,11),('401860878','Raul','Leiton','Prado',0,84015107,84015107,'leitonpra@hotmail.com',8,0,0),('401870644','Marco','Ruìz','Segura',1,22939186,86386879,'mbelenruizs@hotmail.com',20,0,0),('401910271','Patty','Hernández','Garita',0,61348277,61348277,'andreinahg@hotmail.com',16,0,0),('401920466','christian','Palma','Zuñiga',1,22677730,87639598,'christianpalmaz@hotmail.com',17,0,10),('401920633','Erika ','Bolaños','Umaña',2,22444292,89604185,'eckabu2010@hotmail.com',12,0,10),('401930344','marco','villegas ','chaves',1,22683180,88954941,'mv.villegas@gmail.com',8,0,10),('401930382','Roger','Padilla','Gomez',1,22613439,87674871,'roger352@gmail.com',17,0,0),('401940922','Noemy','Sanchez','Valverde',2,89719470,89719470,'no.rebk07@hotmail.com',25,0,11),('401950023','Jésica','Song','Castro',2,83106221,83106221,'jsong134@gmail.com',15,0,0),('401960236','rosa isabel','àlvarez','flores',2,888083952,88083952,'isab2887@gmail.com',15,0,11),('401970389','Vanessa','juarez','juarez',2,22938704,88654400,'vanejp87@gmail.com',20,0,0),('401990202','Fiorella','Rodríguez','Hernández',2,83408231,83408231,'fiorecr88@hotmail.com',20,0,0),('402010779','Natalia','Hernández','Víquez',1,22688645,89908339,'nahervi@hotmail.com',15,0,0),('402010917','Gilberth','Gonzalez','Gonzalez',1,86832613,85435458,'gilberth.3191@hotmail.com',15,0,0),('402020340','Gabriel','Esquivel','Montero',1,0,89634275,'gabriel.econo12@gmail.com',15,0,8),('402030007','Victor','Fonseca','Chinchilla',1,22380178,83694538,'vhfc22@hotmail.com',20,0,10),('402030065','Andrés','Madrigal','Rodríguez',0,89725249,89725249,'eater_world@hotmail.com',15,0,0),('402030096','kimberly','cascante','Rios',2,87430696,87430696,'kimberlycascanterios@hotmail.com',24,0,0),('402030165','adriana','fallas','còrdoba',2,22913615,89736978,'adrianafc1989@gmail.com',18,0,11),('402030401','Ana Gabriela','Montoya','Artavia ',2,22624454,84638257,'artavia100@hotmail.com',4,0,0),('402030772','Irena','Aguilar','Brenes',2,87881277,87881277,'ire230989@hotmail.com',19,0,11),('402040518','norman ','marin','zuñiga',1,25604441,71029514,'jrnamz@hotmail.com',15,0,0),('402040845','Andrea','Salas','Bermúdez',2,25608306,87913527,'calipsosb-@hotmail.es',19,0,0),('402040912','Cindy','Villegas','Salas',2,22628821,89161165,'cnvigui@gmail.com',4,0,0),('402050950',' kimberly','arroyo','solano',2,22626216,70492471,'kim22arroyo@gmail.com',18,0,0),('402060289','Elen Milena','Araya','Navarro',2,89763714,89763714,'earayanavarro@gmail.com',8,0,0),('402060358','Rodolfo','Alfaro','Carvajal',0,85733794,85733794,'rcarvajal90@gmail.com',25,0,0),('402060359','jose fabian','montoya','esquivel',1,22661959,70131605,'j_montoya89@yahoo.es',8,0,0),('402060440','Victor','Sanchez','Zumbado',1,22602431,85315093,'weedlover08@gmail.com',18,0,0),('402060812','Leonel','Ramírez ','Arce',1,83560057,86530057,'leo3307@gmail.com',22,0,0),('402060819','Diego ','Rojas','Bolaños',1,86663850,86663850,'rdiego0408@hotmail.com',20,0,0),('402060911','Pamela ','Ulate','Paniagua',0,71796203,71796203,'pamelaulate48219@gmail.com',19,0,0),('402070449','Bryan ','Ramírez','Mata',1,22661159,87876366,'bjramez@hotmail.com',22,0,10),('402070478','Josué','Rojas','Mora',0,84261869,84261869,'jromora07@gmail.com',38,0,0),('402080214','luis angel','gomez','gomez',1,22396193,85190001,'luigi90_10@hotmail.com',25,0,0),('402080375','josue daniel','alfaro','castro',1,22616110,87485584,'danielyo17@gmail.com',18,0,0),('402080422','Ignacio','Corea','Zúñiga',1,22616196,84482097,'corea7119@gmail.com',53,0,0),('402080428','Ignacio','Corea','Zúñiga',1,84482097,84482097,'corea7119@gmail.com',53,0,0),('402080675','Pamela ','Bolaños','Gamboa',2,89670970,89670970,'azulpame@hotmail.com',15,0,8),('402080740','César','Roselló','Espinoza',0,87388956,87388956,'ro-sello@hotmail.com',28,0,11),('402080806','Saima','Rojas','Beita',0,22614898,22614898,'beirojsai@yahoo.es',38,0,0),('402090152','Edelvais','Villegas','González',2,22686547,83215268,'edel1290@hotmail.com',8,0,0),('402090509','Ronny','Torres','Esquivel',0,85083336,85083336,'ronnyt2012@hotmail.com',22,0,0),('402090572','Diego ','Ramires','Camacho',1,22628079,86981627,'diegoram_24@yahoo.com',15,0,0),('402090669','Dayana','Ramírez','Rodríguez',0,84188648,84188648,'d.ayaana@hotmail.com',13,0,0),('402090750','Anyela ','Cubero','Jiménez',2,60548380,60548380,'anye91@hotmail.com',18,0,10),('402090883','Randy','Alvarez','Sánchez',1,86193310,86193310,'randy06taz@gmail.com',18,0,0),('402100214','Luis','Carballo','Vega',0,85128863,85128863,'lhaydiah@gmail.com',22,0,0),('402100314','kIMBERLY','SALAZAR','ARAYA',0,88010896,88010896,'kim-xta@hotmail.com',27,0,0),('402100636','DANIEL','CAMACHO','VILLALOBOS',1,22676669,89634742,'jcamachovillalobos@gmail.com',8,0,11),('402100752','Silvia','Chaves','Ramírez',2,85746599,85746599,'ellenkloko@gmail.com',19,0,0),('402100756','Silvia ','Chaves','Ramirez',0,85746599,85746599,'elekloko@gmail.com',19,0,0),('402100788','Marco','Rodríguez','Víquez',0,87508180,87508180,'marco_rodriguez24@hotmail.com',20,0,0),('402100970','Erika','Bolaños','Naranjo',0,85303062,85303062,'erickab91@gmail.com',13,0,0),('402110038','Joseph ','Zamora','Guzman',0,60904636,60904636,'josephjazg@gmail.com',17,0,11),('402110044','Raquel ','Ortíz','Campos',2,83091581,83091581,'raque20-07@hotmail.com',8,0,0),('402110093','Juan Diego','Villalobos','Marín',0,87870443,87870443,'juandiego.vm8@gmail.com',8,0,0),('402110098','Joseph Alfonso','Zamora','Guzmán',1,60904636,60904636,'josephjazg@gmail.com',17,0,0),('402110492','Graciela','aria','Gonzales',2,22916180,89900924,'chelo9131@hotmail.com',4,0,11),('402110503','Ignacio ','Rodríguez','Venegas',0,89968910,89968910,'nacho_0508@hotmail.com',18,0,0),('402110629','Luis Diego','Muñoz','Lopez',0,85406102,85406102,'idiegoml.22@gmail.com',22,0,0),('402110761','Steven ','Cordero','Gongora',1,22656220,85712783,'cg.steven@hotmail.com',22,0,11),('402110917','Gilberth','González','González',1,85435458,85435458,'gilberth.3191@hotmail.com',15,0,0),('402110940','Michael','Naranjo','Bogantes',0,84180440,84180440,'maicolnabo@hotmail.com',25,0,0),('402110949','carlos','vargas','blanco',1,87636574,87636574,'carlosvb14@yahoo.es',8,0,11),('402120708','Heidi','Campos','Campos',2,85352814,85352814,'heicc91@gmail.com',18,0,0),('402120853','Carlos Arturo ','Zúñiga ','Montero ',1,88560577,88560577,'carlosarturo1221@gmail.com',53,0,0),('402120968','fabian ','Venegas','gonzalez',1,22936901,89793077,'fabianfvg@hotmail.com',25,0,0),('402130446','Nancy','Maroto','Araya',2,86012665,86012665,'nancyma@hotmail.com',22,0,0),('402130663','maynor5','song5','lara5',0,8,8,'msdmd@gmaiol.com',22,0,0),('402130666','Maynor2','Song2','Lara2',0,86868686,86868686,'mnsms@gkfd.com',13,0,0),('402130667','Maynor3','Song3','Lara3',0,88888,88888,'edsjdj@gmail.com',22,0,0),('402130668','Maynor','Song','Lara',2,86830066,86830066,'minorandres@gmail.com',22,0,11),('402130669','Maynor4','Song4','Lara4',0,8,8,'mdd@gmail.com',22,0,0),('402130853','Jose','Matamoros','Jimenez',1,22626169,89486242,'pato_jdmj@hotmail.com',20,0,0),('402130910','jorge','soto','arguello',1,22442415,88065840,'jorge_sa92@hotmail.com',8,0,11),('402140056','marcelo','gomez','mora',1,22602002,85455216,'cheogm28@gmail.com',22,0,0),('402140743','Karla','Espinoza','Vallejo',2,87607213,87607213,'karla_espiva92@hotmail.com',8,0,10),('402140881','Juan Gabriel','Delgado','Picado',1,87622372,87622372,'juanga0392@yahoo.com',22,0,10),('402150274','Josué','Espinoza','León',0,85726054,85726054,'joshleoncabezan@gmail.com',8,0,0),('402150333','Joseline','Fonseca','Bolaños',2,89728417,89728417,'yosiyemma@hotmail.com',17,0,0),('402150494','marìa dilana','avendaño','chavarrìa',2,89472927,89472927,'dylana7792@hotmail.com',22,0,11),('402150587','David','Padilla','Morales',1,22698584,89447755,'depm1992@hotmail.com',22,0,11),('402150751','Juan carlos','Alvarez','Carvajal',1,86707656,86707656,'juanca28071@hotmail.com',20,0,0),('402160066','Marco','Villalobos','Villalobos',1,87622893,87622893,'marco.villalobos92@hotmail.com',8,0,10),('402160071','Ricardo ','Zuñiga','Alvarez',0,85027204,85027204,'rzuniga950@gmail.com',4,0,11),('402160151','Leonel','Cortes','Quiñones',1,87348059,87348059,'leo31_92@hotmail.com',22,0,0),('402160174','carlos ','Rojas','Rodriguez',1,86275613,86275613,'cmrojas92@hotmail.com',22,0,0),('402160807','Siany','Arias','Chavez',2,89416989,89416989,'siany-92@hotmail.com',11,0,0),('402160886','Diego','Villalobos','Córdoba',1,25600070,88909940,'drvc_11@hotmail.com',20,0,0),('402160974','Natalya','Saviouk','Azofeifa',2,85133707,85133707,'natsahouk@gmail.com',22,0,0),('402170115','José','Sánchez','Benavides',1,60674493,60674493,'josemariakj@hotmail.com',22,0,0),('402170346','Lincey','Zúñiga','Gutiérrez',0,72005553,72005553,'lincey_00@hotmail.com',11,0,0),('402170452','Alexander de Jesús ','Madrigal ','Herrera',1,22618643,87303301,'alex92_mh@hotmail.com',17,0,0),('402170696','Josué ','Villalobos ','Morales ',1,87447612,87447612,'jvillalobos-p@hotmail.es',59,1,8),('402180048','rodrigo','alfaro','rodrigez',1,89892295,89892295,'rigo21sd_@hotmail.com',23,0,0),('402180216','Diego','Paniagua','Hernández',1,22616910,85617068,'diegopaniaguah@gmail.com',24,0,0),('402180356','Maria Alejandra ','Cano','Alvarado',2,70839934,70839934,'marialecano11@yahoo.com',20,0,10),('402180397','Maria Cristina','Gonzalez','Zuñiga',2,22632521,89202113,'crisgonzo@gmail.com',21,0,11),('402180503','Kevin','Solano','Segura',0,86677631,86677631,'kevand14@gmail.com',25,0,0),('402180586','Luis Felipe','Martínez','Camacho',1,22381360,83276815,'martinezfelipe9@hotmail.com',15,0,0),('402180615','Juan Luis','Jara','Herrera',1,22655047,84018604,'jjherr3ra@gmail.com',22,0,11),('402180703','Alejandra','Montenegro','Hernández',2,22607595,88061160,'ale--montenegro@hotmail.com',20,0,0),('402180713','Alejandra','Montenegro','Hernández',2,22607595,88061160,'ale--motenegro@hotmail.com',20,0,0),('402180827','José ','Vargas','Ramírez',1,87397626,87397626,'jisaacvr@hotmail.com',57,0,0),('402180868','Brenda','Rodríguez','Artavia',2,87950408,87950408,'brendara25@hotmail.com',20,0,11),('402180958','Daniel','Sànchez','Gonzàlez',1,22372224,86542521,'sanchezcr90@gmail.com',18,0,0),('402190025','Sebastian ','Chacón','Víquez',1,25603322,86296504,'sebascha_n@hotmail.com',20,0,0),('402190180','Luis Miguel','Quesada','Ruiz',0,84373540,84373540,'lquesadar93@gmail.com',22,0,0),('402190263','Andrey','Mendoza','Gomez',1,22614723,86217339,'andrey-mg@hotmail.com',21,0,11),('402190307','Andrey','Román','Barrantes',1,87985813,87985813,'chavo08_10@hotmail.com',8,0,0),('402190465','Josue','Salas','García',1,88350381,88350381,'jose-salas@hotmail.es',20,0,0),('402190544','Lourdes','Guevara','Vargas',2,22626753,86453898,'lourdesgv30@hotmail.com',57,0,11),('402190567','Mauricio','Fonseca','Montero',1,87297988,87297988,'muriciomontero14@hotmail.com',22,0,0),('402190624','María Rosario','Chavez','Valerio',2,83192637,83192637,'roschayo.06@gmail.com',18,0,7),('402190713','Nathalie','Arcia','Vindas',2,84023095,84023095,'arciavindas@gmail.com',50,0,11),('402190927','Daren','Hernández','Arguedas',1,89808440,89808440,'daren09@gmail.com',20,0,0),('402190964','Hairo','Sanchez','Quiros',1,22699561,88065082,'h-sanchez1026@hotmail.com',24,0,10),('402200057','walter','campos ','picado',1,0,85318916,'watercampopicado@yahoo.com',15,0,11),('402200186','Esteban','Mora','Arrieta',1,22444769,83210092,'emora25_11@hotmail.com',8,0,0),('402200189','Jose Eduardo','Rojas','Jiménez',1,22608263,87768762,'joseeduardox@gmail.com',20,0,0),('402200359','maria fernanda ','gonzalez ','mejias',2,22373941,89935672,'mfgm.emjpr@hotmail.com',15,0,0),('402200390','tatiana','jarquin','ortiz',2,87885466,85675949,'tati_3p18@hotmail.com',8,0,11),('402200418','Fabio','Campos','Rojas',1,84250663,84250663,'tamal.07@hotmail.com',22,0,0),('402200463','Paula','Carvajal ','Campos',2,22601966,87690393,'paucarva@hotmail.com',19,0,0),('402200598','Johanna','Ramírez','Ruíz',2,25605824,86566441,'nana.0o@hotmail.com',18,0,0),('402200687','Ramiro ','Montoya','Orozco',0,89532957,89532957,'ra.mis@hotmail.com',25,0,0),('402200753','Stiven ','Jiménez','Herrera',1,89468419,89468419,'steveherra@hotmail.com',18,0,6),('402200784','Daniel','Ríos','Oviedo',1,22381222,89768774,'dro_1493@hotmail.com',22,0,0),('402200792','Sofia','Hernandez','Garita',0,86340130,86340130,'sofiahernandezgarita@gmail.com',25,0,0),('402200840','Jeanina ','Rubi','Morera',2,22372933,86328976,'jeanirm@hotmail.com',57,0,10),('402200903','daniel ','garita','araya',1,22618175,85362080,'danygarita2009@hotmail.com',15,0,3),('402210097','Eugenia','Esquivel','Rodríguez',2,22609249,85746002,'euge_esquivel@hotmail.com',20,0,0),('402210257','shirley mariela','miranda','segura',2,22625738,60040860,'mari27-11@hotmail.com',8,0,0),('402210554','Roberto','Camacho ','Campos',1,22608689,86955121,'roberto_camacho26@hotmail.es',20,0,8),('402210656','Fabián','Jiménez','Paniagua',1,24830141,86521342,'fabian_jp31@hotmail.com',22,0,11),('402210667','Natalia','Parra','Vargas',1,88929849,88929849,'pv-naty04@hotmail.com',22,0,0),('402210680','Marjorie','Sánchez','Soto',2,86561676,86561676,'msanchezsoto@gmail.com',22,0,11),('402210789','Francisco','Ramírez','Rodríguez',1,22606798,87551646,'francisco.r3@hotmail.com',25,0,0),('402210808','María Susana','Hernández','Rojas',2,83624910,83624910,'susanahr14@hotmail.com',20,0,0),('402210849','KENNETH','RAMIREZ','CHANTO',1,22615408,84026335,'chanteur34@gmail.com',8,0,0),('402210882','Ivette ','Leon','Carazo',2,22652698,89498313,'ibtleon@hotmail.com',8,0,10),('402210892','Winter Jose','Vargas','Rojas',1,83289110,83289110,'wintervr@hotmail.com',22,0,0),('402210897','Joselyn ','Carrión ','Sánchez',2,22614263,87805272,'josy2194@hotmail.com',8,0,0),('402210910','ANDRES ALBERTO','ARGUEDAS ','LEON',1,22661954,60172863,'chucho2494@gmail.com',18,0,7),('402210937','ALFONSO ','GONZALEZ','OROZCO',1,83416247,83416247,'alfonso1701@hotmail.com',22,0,11),('402220210','Brayan','Gonzáles','Marchena',1,22651652,85005345,'brgmarchena@hotmail.com',22,0,0),('402220217','Josué','Delgado ','Vargas',1,84494681,84494681,'jodeva94@hotmail.com',25,0,0),('402220328','Andrès','Carvajal','Ruíz',1,22606805,87826775,'carvajalra94@hotmail.com',57,0,11),('402220336','Karina ','Aguilar','Castellón',2,22683079,85086109,'kari-940103@hotmail.com',11,0,0),('402220339','Adriana','Lobo','Oviedo',2,22609557,85884174,'adri-lob_03@hotmail.es',53,0,0),('402220361','Daniel','Hernandez','Brenes',1,22389181,87497596,'danile0594h@hotmail.com',21,0,11),('402220400','Katherine ','Jiménez','Quesada',2,84215994,84215994,'kathyjq07@hotmail.com',19,0,11),('402220410','stiven ','zuñiga','cespedes',1,22620991,86142731,'steven.zc.08@hotmail.com',8,0,11),('402220455','Marí José','Salazar','Chavarría',0,70675265,70675265,'majosalazar_13@hotmail.com',4,0,0),('402220474','Jean Carlo','Vargas','Zúñiga',1,89198700,89198700,'jkvargas_14@hotmail.com',22,0,11),('402220511','M.Angela ','Gonzalez','Camacho',2,22621521,86672291,'angela18-1@hotmail.com',20,0,11),('402220569','Marco','Carrillo','Molina',1,22695201,87194344,'marco_cm_@hotmail.com',22,0,11),('402220577','Adriana','Gutiérrez','Ríos',0,89460561,89460561,'adriana-gr28@hotmail.com',8,0,0),('402220598','Joanna','Ramírez','Ruiz',0,86566441,86566441,'nana.0o@hotmail.com',18,0,0),('402220605','Carlos','Alvarado','Sànchez',1,22934323,89270397,'cache-2903@hotmail.com',24,0,0),('402220681','Adriana','Ugalde ','Alvarez',2,22610214,86030879,'adri_ugalde@hotmail.com',22,0,11),('402220701','Geovanni ','Cespedes','Vizcaino',1,84745460,84745460,'geo0294@hotmail.com',57,0,11),('402220733','Juan Diego','Vargas','Solís',0,86498885,86498885,'diegov514@hotmail.com',24,0,0),('402220737','Luis ','Espinoza','Castro',1,22931035,85807261,'luis.espinosa.1704@gmail.com',21,0,10),('402230089','keylor','arias','sànchez',1,22699490,89637999,'key-lor10@hotmail.com',22,0,0),('402230293','Erick David','Cortes','Alvares',1,11111111,84867418,'erick31_94ca@live.com',20,0,0),('402230503','Mariana','Madrigal ','Mejías ',2,84253125,84253125,'mariana.madrigal@hotmail.com',22,0,11),('402230579','María José','Vega','Arce',2,22605870,89250922,'majova2@hotmail.com',8,0,0),('402230583','Verónica ','Lobo','Salas',0,70311208,70311208,'vero.lobo.94@outlook.es',13,0,0),('402230599','Susan','Hernàndez','Benavides',2,22611337,0,'suviherbes24-6@hotmail.com',51,0,6),('402230656','Luis Daniel','Bastos','Salas',1,86359046,86359046,'luisdbs28@gmail.com',38,0,0),('402230658','Ernesto ','Morera ','Campos',1,22651617,86127897,'netocampos2010@gmail.com',57,0,0),('402230799','Josselinne','Espinoza ','Murillo',0,89870389,89870389,'josselinne31@hotmail.com',13,0,0),('402230861','Ronny','Brenes','Sànchez',1,22607004,86215419,'ronny5327@hotmail.com',20,0,11),('402230882','Ligia','Valverde','Segura',0,84012368,84012368,'liivalverde@hotmail.com',8,0,11),('402230912','Daniel','Gonzalez','valerio',1,22441247,86454033,'danielgv7@live.com',17,0,0),('402240014','Carlos ','Aragón ','Salzar',1,25662348,84497077,'beto_1194@hotmail.com',15,0,11),('402240034','Kevin','Carballo ','Chaves',1,89761285,89761285,'kevin6cc@gmail.com',20,0,11),('402240214','adriana','Martinez','Azofeifa',2,70191058,70191058,'adri_31ana@hotmail.com',22,0,0),('402240219','Kimberly','Murillo','Madrigal',0,61233076,61233076,'kmurillo_28@hotmail.com',8,0,0),('402240309','kevin','fonseca','araya',1,86258524,86258524,'kevinfa1.94@gmail.com',22,0,0),('402240328','Jorge ','Campos','Benavides',1,86320027,86320027,'jorge.cabe.894@gmail.com',22,0,0),('402240400','Mónica ','Villalobos','Alpízar',2,22628642,86303736,'mcva94@hotmail.com',24,0,0),('402240406','Adier','Montero','Vargas',0,84021198,84021198,'adier-aj04@hotmail.com',8,0,0),('402240443','Esteban','Carvajal','Lara',1,22696084,87838113,'estebancl24@hotmail.com',22,0,11),('402240497','David','Romero','Vindas',1,22618756,89604274,'davidromero56@hotmail.com',22,0,0),('402240580','fabiola','alfaro','prieto',2,25605474,86127994,'fabii._.94@hotmail.com',8,0,11),('402240593','Warner','Gonzalez','Valle',1,88019524,88019524,'wargon00@gmail.com',57,0,0),('402240606','Esgardo','Mesén ','Sànchez',1,22603461,88816478,'edgardo94ms@hotmail.com',8,0,0),('402240639','Maria Jose','Montero','Sánchez',2,22606902,84108415,'maryjose30_94@hotmail.com',19,0,0),('402240746','Brandon','Alfaro','Espinoza',1,22612227,88019941,'bran_15-94@hotmail.com',22,0,0),('402240747','Jose Pablo','Rojas','Henchoz',1,83301650,83301650,'jprh19@yahoo.com',8,0,10),('402240785','Daniel','Cabrera','Hernàndez',1,87064170,87064170,'da_cabrera0110@live.com',22,0,0),('402240894','Fernanda','Umaña','Ávila',2,22378033,87969818,'fer1994.ferguie@gmail.com',19,0,11),('402240962','Elizabeth','Gòmez','Cruz',2,0,85180940,'eli_gomezc@hotmail.com',27,0,11),('402250002','michelle','rodrìguez','salas',2,22635457,87330875,'mrs0394@hotmail.com',8,0,0),('402250048','Kevin','Fonseca','Acedo',0,61787127,61787127,'kfa_zero@hotmail.com',22,0,0),('402250095','Julian','Delgado','Hernández',1,22660189,87108368,'julianjdh18@hotmail.com',22,0,0),('402250151','Alvaro','Lopez','Chavarrìa',1,22653126,85648258,'alocha16@gmail.com',22,0,11),('402250152','Álvaro ','Lopez','Chavarría',1,22653126,85648258,'alocha16@gmail.com',22,0,11),('402250174','kevin ','vargas','madrigal',1,22617070,70259554,'kevinvargasmad@hotmail.com',26,0,10),('402250203','Saylen','Villalobos','Flores',2,60881056,60881056,'vanetaker@hotmail.com',15,0,11),('402250218','Carlos','Acuña','Romero',1,22628217,87441428,'carlos-326@hotmail.com',22,0,0),('402250237','Esteban','Jimènez','Murillo',1,22936729,86321261,'menez1994@gmail.com',22,0,5),('402250252','Jose','Chacón','Chacón',0,89660694,89660694,'jose_jchacon@live.com',22,0,7),('402250272','Karla','Dalorzo','Vargas',2,22684368,50018505,'karla@dalorzo.org',22,0,11),('402250312','María Guadalupe','Solera','Aguilar',2,87428783,87428783,'lupe_129403@hotmail.com',20,0,6),('402250402','Byron','Garro','Mejías',1,22614574,86049122,'byrongabriel@gmail.com',22,0,0),('402250425','Alejandro','Gonzàlez','Herrera',1,85283602,85283602,'alejo10xd@gmail.com',22,0,0),('402250462','Jeffrey','Roa','Nuñez',1,86844625,86844625,'mafortion77@hotmail.com',19,0,11),('402250477','Jordan','Villalobos','Solís',1,86185874,86185874,'jordanvillalobos.s@hotmail.com',19,0,11),('402250572','Elías','Loría','Garro',0,86254542,86254542,'elias2394@gmail.com',8,0,0),('402250573','Elías','Loría','Garro',0,86254542,86254542,'elias2394@gmail.com',8,0,0),('402250591','Aryery','Rojas','Rodríguez',2,87440836,87440836,'aryeri.rojas@hotmail.com',21,0,0),('402250626','kevin','Solis','Ñurinda',1,22615625,85279925,'kevinsolis12@gmail.com',20,0,10),('402250650','Sebastían ','González ','Coto',0,86104179,86104179,'sebgc@hotmail.es',22,0,0),('402250667','María del Mar','Naranjo','Picado',2,22611552,89772968,'marynp30@hotmail.es',20,0,0),('402250673','Katherine','ROjas','Abarca',0,83984161,83984161,'k-aty57@hotmail.com',18,0,0),('402250681','Steven ','Chavez','Leal',0,61801196,61801196,'chavez12m@hotmail.com',22,0,0),('402250699','Maria Fernanda','Sequeira','Marín',0,84000664,84000664,'sequetita@hotmail.com',18,0,0),('402250724','Marco','Canales','Mesen',1,22684307,86100570,'marcoc22@hotmail.es',22,0,11),('402250869','Karina','Ramírez','Delgado',2,22392510,86139781,'karina_221995@hotmail.com',8,0,0),('402250882','Mario','Vega','BOnilla',1,87490012,87490012,'mavb95@gmail.com',22,0,0),('402250895','Fabian','Zamora','Araya',1,22606639,83407674,'fzamora23@hotmail.com',20,0,0),('402250928','marcela','hernandez','mora',2,22617646,89417862,'marcelahm_95@hotmail.com',8,0,0),('402250929','Erika','Montero ','Angulo',2,87443571,87443571,'erikairie7@gmail.com',57,0,0),('402250954','Kevin','Rivera','Espinoza',1,22650407,87036144,'kpats3@hotmail.com',22,0,10),('402250988','Andre','zamora','chavarria',1,22624327,86690190,'andrezch18@hotmail.com',20,0,0),('402260003','paola maria  ','mora','arce',2,87710347,85282991,'paomora95@hotmail.com',7,0,0),('402260011','José Mario','Hidalgo','Lobo',1,22600192,86905882,'chepe1255@hotmail.com',17,0,0),('402260036','Adrian','Navarro','Segura',1,87313155,87313155,'adrian0702@hotmail.es',8,0,11),('402260084','Kevin','Villalobos','Saenz',0,60031636,60031636,'kevin-1802@hotmai.com',22,0,10),('402260222','ALLAN','MURILLO ','ESTRADA',1,84325090,84325090,'allan1995@hotmail.es',22,0,11),('402260355','Richard','Barrantes','Soto',1,22695109,87922946,'richards_11@hotmail.com',22,0,11),('402260365','Gabriel','Vargas','Sanchez',1,22383159,84114085,'gavs95@hotmail.com',22,0,0),('402260371','Alexandra','Solano','Chaves',2,22688390,87402644,'alex.06.95@hotmail.es',11,0,0),('402260412','Nayudei','Artavia','Montero',2,89888710,89888710,'nayude19@hotmail.com',57,0,11),('402260436','Laura ','Chaves','Martínez',2,22606807,85277969,'lalacm13@hotmail.com',20,0,0),('402260452','Adrian','Morales','Barquero',0,86409079,86409079,'adrian12j-pi@hotmail.com',17,0,11),('402260633','Mónica','Chavarría','Ramírez',0,85332444,85332444,'monicachavarria54@gmail.com',34,0,0),('402260649','renate','weidlich','hidalgo',2,86515305,86515305,'n.atte21@hotmail.com',18,0,0),('402260670','Ricardo','Lobo','Barquero',0,87524996,87524996,'jricadolobo@gmail.com',22,0,0),('402260702','Gretchel','Brenes','Boulak',2,22611709,60414809,'gretc@hotmail.com',18,0,0),('402260727','Manfred','Araya ','González',1,22607535,85557310,'manargo19@yahoo.com',18,0,11),('402260744','Josè Alejandro','Garita','Segura',1,22380583,85935015,'alejogarita@hotmail.com',19,0,0),('402260767','Marlen','Rodríguez','Pérez',0,85947422,85947422,'marlenvane_95@hotmail.com',8,0,0),('402260784','Rodolfo','Acosta ','Campos',1,22386492,87340737,'rodolfoacampos@hotmail.com',34,0,0),('402260804','Javier','Céspedes','Chaverrri',1,22396971,22396971,'cespedesj0@gmail.com',22,0,0),('402260850','Javier','Céspedes','Chaverri',1,22396971,86138945,'cespedesj0@gmail.com',22,0,11),('402260861','Daniela','Segura','Umaña',2,22935018,87434236,'danisegura0525@gmail.com',22,0,0),('402260914','brandon jose','alvarado','alfaro',1,85548359,85548359,'brandonalfa77@hotmail.com',15,0,10),('402260927','Carlos','Jimenez','Zuñiga',1,85431150,85431150,'carlosj727@hotmail.com',22,0,0),('402260997','marisol','garita','campos',2,22379442,85181417,'marigc-95@hotmail.com',8,0,0),('402270019','andy josè','solìs','chaves',1,622566666,86206339,'andyj050@hotmail.com',22,0,0),('402270021','Josue','Valerio','Ramìrez',1,22688555,87441547,'josvr_05@hotmail.com',22,0,0),('402270028','Katherine','León','Alvardo',2,85950400,85950400,'kathy-952010@hotmail.com',50,0,11),('402270043','maria','gonzalez','velasquez',2,25605611,87385262,'maria151468@hotmail.com',15,0,0),('402270057','ariel','benavides','herrera',1,22656785,84152129,'benari1721@hotmail.com',22,0,0),('402270058','Joell','Villalobos','Vargas',1,61167396,61167396,'joellvillalobos49@gmail.com',15,0,10),('402270067','Manfred','Moreira','Artavi',1,85493672,85493672,'manfred262009@hotmail.com',22,0,0),('402270108','daniela','fonseca','solano',2,22628237,86240411,'danifonsecas@hotmail.com',8,0,11),('402270153','Glenda','Sancho','Herrera',0,60643573,60643573,'gsancho20@gmail.com',8,0,0),('402270173','Fabian','Hernandez','Chavarria',1,22609447,86213107,'fabhch215@hotmail.com',22,0,0),('402270203','Daniela','Solano','Madrigal',2,85537713,85537713,'danielasolanomadrigal@gmail.com',11,0,0),('402270207','pamela','solano','dìaz',2,24306205,89529470,'pame_2405@hotmail.com',50,0,10),('402270260','Laura','Arias','González',2,85936944,85936944,'lau.arias.gonzalez@gmail.com',24,0,9),('402270271','Alexandra','Vargas','Arias',2,83259134,83259134,'alevargas95@hotmail.com',57,0,0),('402270365','Fabiola','Arce','Jiménez',0,83136557,83136557,'fabiarji08@hotmail.com',18,0,0),('402270398','Kevin ','Chacon','Montoya',1,22608189,87967848,'kchacon95@hotmail.com',22,0,0),('402270460','Cristina','Sanchez','Ryan',2,22976192,86590190,'mariacris2504@hotmail.com',8,0,11),('402270489','Maykol','Arroyo','86348855',1,86348855,86348855,'maykol03-95@hotmail.com',22,0,11),('402270666','Reinaldo','Stephens','Chaves',0,86894436,86894436,'reinaldo_9519@hotmail.com',22,0,0),('402270667','Pablo','Lopez','Moreira',1,22629405,60509778,'pablolm95@hotmail.com',22,0,0),('402270808','Alex','Flores','Aguilar',1,22623527,88066611,'alexzfla@hotmail.com',8,0,0),('402270816','Luis Angel','Herrera','Vargas',1,89547946,89547946,'luisherrera132@gmail.com',22,0,0),('402270820','Nikol','Hernández ','Herrera',0,86707339,86707339,'nicohh95@hotmail.com',53,0,0),('402270861','Marlon Ariel','García','Pineda',0,87975305,87975305,'marlon17ok@hotmail.com',8,0,11),('402270956','Marco Vinicio','Cambronero','Fonseca',1,22602925,22602925,'marcovcambronero@hotmail.com',22,0,11),('402280005','andrey','venegas','venegas',1,22931771,87669551,'andreyv0408@hotmail.com',8,0,0),('402280047','Claudia','Cordero','Camacho',2,22370662,87876175,'claudiacordero90@gmail.com',48,0,0),('402280061','Fabiola','Rojas','Arce',2,22378217,86143467,'fabi-arce@hotmail.com',15,0,11),('402280190','Felipe','Boza','Alfaro',1,40301651,86298164,'fel_12@hotmail.com',15,0,10),('402280293','Norma','Montes','Còrdoba',2,22602374,87884738,'nmontes_01@hotmail.com',22,0,0),('402280399','Juan Manuel','Arias','Vargas',1,71091757,71091757,'pochoarias95@gmail.com',22,0,0),('402280652','Adriana ','González','Valerio',2,86379052,86379052,'adriana.g@hotmail.es',50,0,0),('402280690','José Manuel','Vega','Sancho',0,84136319,84136319,'jose_vega07@hotmail.com',24,0,0),('402280710','Sayith Omar','Arguello','Gonzalez',1,25606576,60388475,'sayitharguello@yahoo.com',18,0,0),('402280720','Beatriz','Hernández','Badilla',2,22604287,89447631,'beatrihb10@hotmail.com',8,0,0),('402280729','martin','vargas','garita',1,89900678,89900678,'mvsj12@gmail.com',8,0,0),('402280742','Jurguen','Espinoza','Marchena',1,88052914,88052914,'jemarchena@hotmail.com',22,0,0),('402280787','Andres','Hernández','Bravo',1,83269692,83269692,'andreshdezb@hotmail.com',22,0,0),('402280818','Jose David','Cordero','Campos',1,22603222,86897690,'dacorcam@hotmail.com',22,0,10),('402280835','ana','campos','hidalgo',2,22633618,86520133,'ana_mch08@hotmail.es',22,0,0),('402280911','María Fernanda','Rodríguez','Sancho',2,85327514,85327514,'fher101995@hotmail.com',24,0,0),('402288080','Lucía','Rodríguez','Castro',2,0,85340171,'gueztrolu19@gmail.com',19,0,11),('402290001','Katherinne','Sánchez','Segura',0,87592794,87592794,'kathisc@hotmail.com',22,0,10),('402290345','Esteban','Espinoza','Fallas',1,84119542,84119542,'eef251195@gmail.com',22,0,0),('402290361','Gullermo','Aplízar','León',0,87837473,87837473,'gal.1125@hotmail.com',22,0,0),('402290449','Andrés ','Carballo','Esquivel',1,22612036,22612036,'anjocaes@gmail.com',22,0,10),('402290463','Brandon','Sánchez','Ramírez',0,71231205,71231205,'brandonsr1@hotmail.com',22,0,0),('402290483','Ana Francis','Villalobos','Corrales',2,61875278,61875278,'anafrancis.villaloboscorrales@gmail.com',18,0,10),('402290496','Bryan','Hernadez','Ruiz',0,88954362,88954362,'bryan27h@hotmail.com',22,0,0),('402290581','Kterinne Viviana','Arce','Sánchez',0,84198332,84198332,'kathyarce12@gmail.com',8,0,0),('402290650','Sebastián','González','Coto',0,86104179,86104179,'sebgc@hotmail.com',22,0,0),('402290752','Brandon','Artavia','Núñez',0,84108192,84108192,'artaviaalonso@hotmail.com',22,0,0),('402290805','Alberto','Espinoza','González',0,70268635,70268635,'aespinoza@gmail.com',22,0,0),('402290911','Luis Javier','Madriz','Salas',1,22624200,89116524,'ljavier1696@gmail.com',22,0,0),('402290932','Angélica','Mora','Vargas',0,86076987,86076987,'angelica-1216@hotmail.com',15,0,0),('402300144','Luis','Rodríguez','Zárate',0,86054195,86054195,'luisf.44@hotmail.com',8,0,0),('402300321','Jordan','Cavajal','Ruiz',0,87695359,87695359,'jordcra@hotmail.com',17,0,10),('402300329','Jordan','Carvajal','Ruiz',0,87695359,87695359,'jordacra@hotmail.com',17,0,10),('402300591','Ana Lucía','González','Camacho',0,85352396,85352396,'lugaca96@hotmail.com',11,0,0),('402300598','Josué','Aguilar','Ulate',0,83556361,83556361,'josue_aguileru96@hotmail.com',22,0,0),('402300730','Paola','Ramírez','Arce',0,83639249,83639249,'chiza42@gmail.com',8,0,0),('402300956','Hilary','Marin','Zuñiga',2,83244844,83244844,'hilarymz22@gmail.com',57,0,10),('402300974','Edgar','Chavarría','Fernández',0,87351621,87351621,'edgaralonso-96@hotmail.com',27,0,0),('402310103','Ana Catalina','Villalobos','Aguilar',0,83090506,83090506,'k-tis_29@hotmail.com',25,0,0),('402310159','Francella','Espinoza','Murillo',0,86233254,86233254,'francella07@hotmail.com',8,0,0),('402310337','Pamela','Esquivel','Ovares',0,87673071,87673071,'zurick-pam@hotmail.com',26,0,10),('402310454','Andrey','Castillo','Meléndez',0,84426123,84426123,'andrey_came@hotmail.com',22,0,0),('402310522','Dayana','Sánchez','Ramírez',2,87625132,87625132,'dayaa009@hotmail.com',22,0,0),('402310560','Yerson ','Luna','Sánchez',0,85801493,85801493,'yersonls@hotmail.com',15,0,0),('402310579','Tomás','Castillo','Arias',0,22930768,22930768,'tomasca2206@hotmail.com',57,0,0),('402310581','STEPHANIE','ALVARO','MEZA',0,81650058,81650058,'Fhanny_22@hotmail.com',15,0,0),('402310604','Daniel','Zamora','García',1,87962029,87962029,'zagadaniel16@hotmail.com',22,0,0),('402310764','Ericka','Sánchez','Morera',0,86451575,86451575,'ekasm0496@gmail.com',12,0,2),('402310881','Yendri','González','Sánchez',2,89480206,89480206,'pejuiyen@hotmail.com',22,0,11),('402310899','Veronica','Hernández ','Rodríguez ',0,86352104,86352104,'vero.hr1996@hotmail.com',57,0,0),('402310962','Maria Jose','Delgado','Villalobos',2,89357817,89357817,'china2296@hotmail.com',18,0,11),('402320056','María Gabriela ','Corrales','Alfaro',0,84377254,84377254,'gabycorrales2009@hotmail.com',7,0,0),('402320156','Daniela','Armas','Sánchez',0,83117015,83117015,'adaniela168@gmail.com',22,0,0),('402320254','Valeria','Portocarrero','Delgado',0,88000979,88000979,'valeriaporto.2196@gmail.com',15,0,0),('402320394','Beatriz','Padilla','Moreno',2,84479425,84479425,'bea.sof06@gmail.com',22,0,10),('402320568','Laura','Miranda ','Chacón',0,86272778,86272778,'lauradayana.miranda@gmail.com',19,0,0),('402320597','Marco','Porras','López',0,85725238,85725238,'mantonio_23@hotmail.com',19,0,0),('402320872','Maria Jose','Garcia','Aguilar',0,89433609,89433609,'mariajo_.13@hotmail.com',19,0,0),('402320900','Jose Pablo','Rosales','Jimenez',1,60586280,60586280,'jprj16@gmail.com',22,0,0),('402320944','Diana','Castillo','Troz',0,87577971,87577971,'castillodiana83@gmail.com',25,0,0),('402330672','Esteban ','Segura','Arguello',0,84392208,84392208,'esegura38@icloud.com',25,0,0),('402330735','Leonel','Villegas','Araya',0,84080889,84080889,'leviarcr@gmail.com',20,0,0),('402500687','Alejandra','Mora','Lopez',2,85045713,85045713,'alemora28@hotmail.com',7,0,11),('402770580','Karina','Vargas','García',0,86597628,86597628,'karivg0607@gmail.com',4,0,0),('420180827','Jose','Vargas','Ramirez',0,87397626,87397626,'jisacvr@hotmail.com',57,0,0),('500385033','Bernal','Navarro','Castillo',0,85149060,85149060,'bernalnc15@hotmail.com',21,0,0),('502120960','María Guiselle','Ulate','Casanova',2,22376194,50169804,'gulatec@hotmail.com',10,0,0),('502830000','fgjgfjhk','hgkhjk','hkghk',2,44444444,444444444,'hjgxc@hotmail.com',13,0,0),('502830045','Kattia','Salas','Pérez',2,0,0,'ksalas@una.cr',8,0,0),('503440945','Marlon','Eras','Morales',0,84447656,84447656,'meras7@hotmail.es',38,0,0),('503630672','Raquel','Vado','Marín',2,60739031,60739031,'raquel_vado@hotmail.com',22,0,11),('503690185','Meylin','AGUIRRE','MATARRITA',2,85288143,85288143,'meyaixa@hotmail.com',18,0,0),('503700228','Yeidy','Molina','Porras',2,84812535,84812535,'yeidymp89@gmail.com',24,0,0),('503730205','seidy ','gonzalez','bonilla',2,85245919,85245919,'seidy1420@hotmail.com',19,0,0),('503730672','Raquel','Vado','Marín',2,89665421,89665421,'lisethariastames@gmail.com',22,0,0),('503740772','Katherine','Alfaro','Muñoz',2,26955882,86500980,'kt_am04@hotmail.com',57,0,11),('503780284','pedro','reyes','cruz',0,87507529,87507529,'pedro.a.reyes90@gmail.com',45,0,11),('503790105','Marinelly ','Artavia','Castro',2,22753639,87541358,'nellyac0512@gmail.com',13,0,11),('503790567','steven','fernandez','cabezas',1,86385303,86385306,'stevenmfc@hotmail.com',24,0,11),('503810399','Alejandra','González','Rojas',2,87434710,87434710,'algonzaro@gmail.com',8,0,0),('503810763','Linda','Arguedas','García',0,51708731,51708731,'lince1430@gmail.com',50,0,10),('503830220','Willy','Matamoros','Guzmán',1,26955874,85577862,'willy_mg_cr11@hotmail.es',27,0,11),('503840156','Luis Alfredo','Carvajal','Montoya',2,87787957,87787957,'alfre_costro@hotmail.com',57,0,0),('503840578','Diego ','Bustos','Pastrano',1,85734394,85734394,'rob091191@hotmail.es',25,0,11),('503850033','Bernal Jose','Navarro','Castillo',1,85149060,85149060,'bernalnc15@hotmail.com',21,0,11),('503860021','jocelyn','lopez','martinez',2,87044447,87044447,'jlo_acua@hotmail.com',20,0,5),('503880532','José Adrían','Canales','Betancour',0,86700783,86700783,'jshade622@gmail.com',39,0,0),('503890561','Fabiana','Segura','Villegas',2,84634680,84634680,'fabise_14@hotmail.com',20,0,8),('503900772','jose','rodriguez','nuñez',1,87936742,87936742,'rafa_chepe71@hotmail.com',15,0,11),('503930498','Olger','Lopez','Fajardo',1,26598292,86115731,'olgerlf@hotmail.com',17,0,0),('503940265','Tania ','Chavarría','Ramos',0,57055264,57055264,'amiliachr20@gmail.com',4,0,0),('503940489','Clever','Tualombo','Jaen',1,87836053,87836053,'clever93@hotmail.es',7,0,0),('503940562','marco','mora','romero',1,0,85366988,'marcosantoniomoraromero@yahoo.com',17,0,11),('503950697','Joselyn','Díaz','González',2,85011202,85511202,'joselynove@hotmail.com',15,0,10),('503970099','victor','garro','fernandez',1,22856616,87422183,'victorgarro46@hotmail.com',11,0,0),('503970562','Marian ','Centeno','Badilla',2,22636933,88664601,'maricb-94@hotmail.com',15,0,0),('503980727','fredy andrès','ramìrez','obando',1,26456075,87786274,'fredramirez.07@gmail.com',8,0,0),('503990466','Mayra','Méndez','González',2,88043641,88043641,'aleja_21_07@hotmail.es',20,0,11),('503990569','Víctor Julio ','Quesada','Porras',0,83100250,83100250,'quesadaporras@hotmail.com',19,0,0),('504000050','Julieth','Ortiz','Castañeda',2,22606329,84174852,'juliortiz-20@hotmail.com',17,0,0),('504010457','meylin alejandra','hernandez','calero',2,86346587,86346587,'hernandez-cal1994@hotmail.com',15,0,0),('504010840','Carlos Andres ','Venegas','Elizondo',1,85148101,85148101,'calulovenegas@hotmail.com',19,0,11),('504020461','melissa','rojas','bonilla',2,0,89435954,'mrojasb_95@hotmail.com',50,0,0),('504040070','Edgar','Fajardo','Méndez',0,87192967,87192967,'emendez14@hotmail.es',21,0,0),('504040217','Raquel','Hernández','Rojas',2,87781680,87781680,'reishel08@gmail.com',27,0,0),('504040633','Keylin','Artavia','Mèndez',2,0,87890664,'keylinam95@hotmail.com',13,0,11),('504050540','Getsemanì','Brais','Medina',2,0,85163363,'gebra227@hotmail.com',13,0,11),('504050868','rafa','rivera ','mendez',1,84047290,84047290,'rafa305rm@gmail.com',21,0,0),('504060132','Deily Maria','Gomez','Espinoza',2,89316191,89729928,'deigomez25@hotmail.com',16,0,5),('504060560','Alexa ','Sánchez','García',2,85657634,85657634,'sanchezalexa1995@gmail.com',24,0,11),('504070003','Yerling','Carrillo','Mayorga',2,0,89574076,'yerlingcm@gmail.com',19,0,0),('504070739','Marianella','Aguirre','Hernández',1,86696642,86696642,'nelita1195@hotmail.com',22,0,11),('504070843','Andrey','Campos ','Sánchez',1,88114615,88114615,'andre_camps2011@hotmail.com',22,0,0),('504070941','Mariana','Rojas','Villalobos',0,86101981,86101981,'marianarv48@gmail.com',57,0,0),('504080641','Leonel','Potoy','López',1,84667131,84667131,'leonelm16a2@gmail.com',21,0,10),('504080698','Maria Jose ','Delgado ','Noguera',0,84856238,84856238,'marijose1941@hotmail.com',26,0,10),('504100061','Oscar  Felipe','Núñez','Alfaro',0,87196719,87196719,'ozcarfe9619@hotmail.com',20,0,0),('600429021','katherine ','coy','peña',0,83321476,83321476,'kscp1296@hotmail.com',19,0,0),('600430624','sofia','morales','fonseca',0,87873059,87873059,'sofiamorales_28_@hotmail.com',11,0,0),('602870645','Felix ','chaves','fallas',1,70169606,70169606,'fchaves645@gmail.com',8,0,0),('602920958','Esteban ','Liber','Matínez ',1,84175500,84175500,'esteliber@hotmail.com',8,0,0),('603620578','Leonardo ','Mora ','Obando',1,83151947,83151947,'lmoraobando@hotmail.com',22,0,0),('603750237','Mario','Alvarado','Castillo',1,88014656,88014656,'acmarioandres@gmail.com',57,0,11),('603830353','Diana','Vindas','Rodríguez',0,86719486,86719486,'nanitavindas@gmail.com',13,0,0),('603890092','Massiel','Rodriguez ','Leon',2,22375126,88780676,'mleon08@hotmail.es',22,0,0),('603930709','ariana','arce','quesada',2,23705207,87993630,'ari1891@hotmail.com',24,0,11),('603980209','José','Madrigal','Rodríguez',1,22611684,84729412,'paulomadrigaless@gmail.com',22,0,0),('604020405','Rosa','Chavarría','Trejos',2,86335352,86335352,'rosa.19@hotmail.es',19,0,11),('604040420','Rosmery','Téllez','Téllez',2,84748790,84748790,'ros-23@hotmail.com',15,0,11),('604040955','Dayana','Reina','Araya',2,87328873,87328873,'dreina_5@hotmail.com',57,0,0),('604050008','Jorge','Castrellón','Marchena',1,89712336,89712336,'jorgecastrellon31@gmail.com',15,0,11),('604070398','Lizbeth','Matamoros','Marín',2,89873266,89873266,'lis.matamorosvio@hotmail.com',15,0,0),('604080721','Alexander','Mora','Chaverrí',0,61432696,61432696,'nicholas_bonnie@hotmail.com',26,0,0),('604090239','Kevin','Méndez','Alfaro',0,84777305,84777305,'kevinmenedza@gmail.com',22,0,0),('604100291','Jennifer ','Cedeño','Rodríguez',2,27899405,89870565,'jennicr_08@hotmail.com',11,0,0),('604110242','Mariel','García','Astorga',2,26630211,88803080,'angelit.06@hotmail.com',50,0,0),('604120759','Daniela','Sánchez','Zamora',2,22629286,87435628,'dasaza05@gmail.com',20,0,0),('604130270','Sara Priscilla','Parajeles','Jiménez',2,22601423,88030159,'pripaji@hotmail.com',11,0,0),('604130409','josue ','Valerio','Pineda',0,86605681,86605681,'lenin19-@hotmail.com',15,0,0),('604130952','Keilyn','Chavarría ','Fernández',0,86059264,86059264,'keychfer93@gmail.com',11,0,10),('604140420','Adrían','Prendas','Araya',0,87950618,87950618,'a6r1an@hotmail.com',22,0,0),('604140452','Francisco','Suarez','PÉREZ',0,60604528,60604528,'francisco.17.94@hotmail.com',11,0,0),('604140954','maria fernanda','carvajal ','sanchez',2,89447640,89447640,'nanda.cs.24@gmail.com',22,0,11),('604140983','Iveth','Morales ','Trejos',2,22621294,86347477,'imoralestrejos@gmail.com',21,0,11),('604150371','Ana','Reyes','Segura',2,0,60818942,'broken_4489@hotmail.com',24,0,11),('604150954','Ricardo','Sequeira','Arce',0,71027971,71027971,'rcq.arce@gmail.com',22,0,0),('604150984','Joselyn','Arce','Barquero',2,88500354,88500354,'jhoss.ab@gmail.com',57,0,0),('604160252','Maria Jose','Garita','Barahona',2,26396105,86232807,'mjgarita11@gmail.com',11,0,11),('604160303','Hilary','Ureña','Saborio',2,88092762,88092762,'hilarybic93@hotmail.com',19,0,0),('604160514','Elmer','Montenegro ','González',0,86282810,86282810,'soto_montenegro@hotmail.com',23,0,11),('604160544','Keila ','Rojas','Rojas',2,85444935,85444935,'keilarojas10@gmail.com',18,0,11),('604162810','Elmer','Montenegro','González',0,86282810,86282810,'soto_montenegro@hotmail.com',23,0,0),('604170124','Andrés ','Cortés ','Arrieta',1,84845348,84845348,'andres160694@hotmail.com',15,0,0),('604170256','Mariana','Herrera','Cerdas',0,83038372,83038372,'cristal-12@hotmail.es',27,0,0),('604170548','Sylvia ','Morales','Fonseca',2,22608579,85374964,'syl.morales20@gmail.com',8,0,0),('604170775','Maria Alejandra','Chaves','Miranda',2,27770807,85707351,'alechaves04@gmail.com',8,0,0),('604170855','luis adrìan ','aguilar','alvarado',1,26420360,86284609,'ladrian.aguilar.al@gmail.com',21,0,0),('604190071','Massiel','Mora','Rodríguez',2,22686158,89842956,'michy20_09@hotmail.com',22,0,0),('604190190','Rodrigo','Hernandez','Cardenas',1,26645059,88052669,'ro.herca94@gmail.com',19,0,0),('604190471','Carolina','Alfaro','Sànchez',2,0,86330228,'carito23994@hotmail.com',12,0,11),('604190605','Segio','Mejía','Quesada',1,84027999,84027999,'watanukytico94@hotmail.com',37,0,0),('604190793','Eduard','Rios','Badilla',1,22503430,89490114,'eriosb94@gmail.com',20,0,11),('604200807','Dniela','Venegas','Bonilla',0,86175854,86175854,'danivenegas_9412@hotmail.com',7,0,11),('604210013','Juan José','Jiménez','Sánchez',1,70611045,70611045,'94jjose@gmail.com',19,0,10),('604210145','Ròger','Venegas ','Alvarado',1,85141937,85141937,'rogerva17@yahoo.es',21,0,11),('604210782','daniela','lindermuller','naranjo',0,83679311,83679311,'d_linder8@hotmail.com',11,0,0),('604210785','Dylan','Montero','Chaverri',1,89441777,89441777,'monterodylan2009@hotmail.com',19,0,11),('604210937','cristopher ','rojas','sancho',1,24311505,86239672,'criss.26@hotmail.es',24,0,11),('604220001','Stefanie','Villalobos','Álvarez',2,89441143,89441143,'alvaresestefani@hotmail.com',19,0,10),('604220251','Jorge Eduardo','Mejía','Cabrera',1,70558885,70558885,'jorgemeca2@hotmail.com',11,0,11),('604220440','nazareth','alfaro','núñez',2,24285502,87850247,'nalfaro_95@hotmail.com',22,0,11),('604220712','Elizabeth','Bermudez','Aguero',0,89799951,89799951,'eli_aguero95@hotmail.com',11,0,10),('604230033','Pamela','Torres','Porras',2,24288920,87220252,'ela.14_24@hotmail.com',17,0,0),('604230331','Greicel','Chacón ','Rojas',2,89444837,89444837,'greisel.c.r2009@hotmail.com',15,0,11),('604230357','Jose Francisco','Alfaro','Ramos',1,86070300,86070300,'josealfacr@gmail.com',19,0,0),('604230741','GABRIELA','BUSTOS','MORALES',2,83142101,83142101,'gabiim95@hotmail.com',17,0,0),('604230913','kimberly','chacón','cespedes',2,22683643,86789296,'kiimgaby1855@hotmail.com',13,0,11),('604240078','Daniel','Villalobos','Alvarardo',1,0,84765773,'danieltrombom95@hotmail.com',19,0,0),('604240371','Heylleen','Muñóz','Bieta',2,86049060,86049060,'m-elimbb@hotmail.com',24,0,11),('604250792','Genesis','Rodríguez','Naranjo',2,83369557,83369557,'genesis15198@gmail.com',18,0,11),('604260005','Ramón','Fallas','Calvo',0,89864980,89864980,'mancho_95@hotmail.com',50,0,10),('604260246','Iyara','Vargas','Lobo',0,86855721,86855721,'iyara.sgl@gmail.com',11,0,0),('604270953','Davis','Akvarado','Porras',1,83159483,83159483,'deivisalv@gmail.com',22,0,11),('604280070','Mariel','Flores','Quirós',2,89404320,89404320,'mariflores141@hotmail.com',57,0,0),('604290763','Vivian','Li','Acuña',0,86552285,86552285,'vstefyli8@gmail.com',11,0,11),('604300986','Johan Alexis','Zamora','Beita',0,86166684,86166684,'Johanzabe@hotmail.com',21,0,0),('604310444','Edy','Méndez','Rojas',0,87817142,87817142,'eddy_rojas15@hotmail.com',3,0,11),('604340087','Paola','Moran',' Badilla',0,84426528,84426528,'paomoba1996@gmail.com',27,0,11),('604350502','natalia','lopez','guerrero',2,24412583,89603959,'legna130195@gmail.com',25,0,11),('604360603','Karolay','Espinoza','Chacón',0,87818171,87818171,'karolay.esch@gmail.com',11,0,0),('608260005','Ramón','Fallas','Calvo',0,89864940,89864940,'moncho-95@hotmail.com',50,0,10),('701430291','Rosmary','Porras','Nuñez',0,88860140,88860140,'rlporrasn@gmail.com',22,0,0),('701710062','Alexis','Montiel','Montero',0,61360913,61360913,'alexis.montiel@hotmail.com',17,0,0),('701760110','Angélica','Viales','Reyes',0,60443185,60443185,'reyes.viales@gmail.com',13,0,0),('701800538','Mauricio','Castañeda','Moreno',1,88790326,88790326,'moris-casnov18@hotmail.com',21,0,0),('701850764','Helmer ','Mora','Carballo',1,87707073,87707073,'hmorac24@gmail.com',8,0,10),('701910804','Diego ','Mena','Gutiérrez',1,89697560,89697560,'dmenagutierrez_15@hotmail.com',19,0,11),('701990690','Michael','Umaña','Muñoz',0,89490756,89490756,'macol1990@hotmail.com',24,0,0),('701990707','Andrea','Leandro','Fuentes',2,85877719,85877719,'andrea.leandro01@hotmail.com',18,0,0),('701990883','Alonso','Ramirez ','Mendez',1,87401379,87401379,'alonrame@hotmail.com',57,0,11),('702030629','Alvaro','Alemàn','Gutièrrez',1,86617876,86617876,'alale@hotmail.es',19,0,11),('702030748','Laura','fajardo','Soto',2,83088063,83088063,'alifa_24@hotmail.com',57,0,0),('702030817','Artibaldo Enrique','Chaves','Corrales',1,89860515,89860515,'chompochaves@hotmail.com',25,0,11),('702050315','Geison','Gçómez','Madrigal',0,86502328,86502328,'geisongomez@gmail.com',38,0,0),('702070342','kender ','Cubilo','Gomez',1,86795097,86795097,'kendercubi@hotmail.com',21,0,11),('702070582','Daniela Sofia ','Cubero ','Moreno',2,88006323,88006323,'sofiacuberomoreno@gmail.com',19,0,11),('702090936','Xavier','Dìaz','Salazar',1,87669147,87669147,'xavierds03@hotmail.com',24,0,11),('702100399','JORGE','Alfaro','Barrantes',1,86546065,86546065,'mario.131291@hotmail.com',18,0,0),('702110086','steven','masis ','sanchez',1,27685770,87650700,'steven634@hotmail.es',22,0,10),('702120333','jacqueline','vargas','fernàndez',2,22624355,87526124,'jacquevfdz92@hotmail.com',18,0,10),('702130154','Diego','Mora','Salazar',1,89602182,89602182,'d_moras@hotmail.com',15,0,11),('702130176','steven','corrales','villalobos',1,87664413,87664413,'ste_ven14.92@hotmail.com',24,0,11),('702130177','Josue','Corrales','Villalobos',1,89688464,89688464,'joscv1492@gmail.com',19,0,11),('702140055','Siviany ','Bermudez','Marin',1,27670361,87731682,'sivio92@gmail.com',24,0,0),('702150344','Deivid','García','Villafuerte',0,60414011,60414011,'deivid.garcia09@gmail.com',22,0,0),('702150501','cintia fabiola','aguilar','castillo',2,88995648,88995648,'faguilarcastillo@gmail.com',8,0,11),('702160242','Andrés','Vega','Flores',0,86185044,86185044,'Ando710@hotmail.com',23,0,0),('702170678','Yerling','Sibaja','Elizondo',2,89682592,89682595,'yerlita05@hotmail.com',23,0,11),('702170932','Gabriel','Espinoza','Wing',1,88810956,88810956,'gaboew@gmail.com',19,0,0),('702200631','carlos ','aguirre','acevedo',1,89659153,89659153,'c.aguirre75@yahoo.com',18,0,11),('702230111','Yerke','Díaz','Villalobos',1,24336496,89226686,'di.yerke@gmail.com',19,0,0),('702240762','karls Andres ','Perez ','Rojas ',1,86872097,62078245,'karlsandresperezrojas@hotmail.com',24,0,8),('702240945','Sonia','Vega','López',0,60912438,60912438,'soniavl90@gmail.com',13,0,0),('702260140','Jovel','Ruiz','Ramos',0,86321827,86321827,'juvelr209@gmail.com',18,0,0),('702260856','cristhian','chavarria','brenes',1,89130674,89130674,'cristhianchb@gmail.com',11,0,0),('702280075','Dunnia','Mora','Valverde',0,84035595,84035595,'leonelamrz@gmail.com',22,0,0),('702280600','Marilyn','Villalobos','Sanchez',2,88854703,88854703,'marilyn.v.s@hotmail.com',57,0,0),('702290124','Bryan','Zúñiga','Villalobos',1,27100445,87638249,'bryanz.v12@hotmail.com',20,0,0),('702290822','Gaby','Vargas','Aguero',0,87765623,87765623,'gabyvaa5@gmail.com',3,0,11),('702300076','Bairon ','Perez','Bonilla',0,61809523,61809523,'baironpb@gmail.com',21,0,11),('702300581','Maybea','Otarola ','Meoño',2,89579442,89579442,'maybea_05@hotmail.com',4,0,11),('702300612','Yamaly','Baldi','Porras',2,27500064,50075125,'yambaldi@gmail.com',7,0,11),('702310001','Kassandra Maria','Navarro','Salas',2,86083068,86083068,'kassavilla@gmail.com',19,0,11),('702310587','Randy','Alfaro','Villalobos',1,27166342,86257206,'randyalfaro@outlook.com',50,0,11),('702320179','JULIETTE ','MORALES','JIMENEZ',2,84305453,87975478,'JULIETTE2911@HOTMAIL.COM',15,0,11),('702320203','Katherine','Granados','Wing',0,84834180,84834180,'kattywing@gmail.com',17,0,11),('702320257','Leonardo','Rodriguez','Quirós',1,87762865,87762865,'leo.chaparro-13@hotmail.com',25,0,0),('702320289','Joseline Karina','Obando','González',2,87707772,87707772,'karioba.go@hotmail.com',7,0,0),('702320500','Cristian','Cabrera','Umaña',0,89681311,89681311,'Cabreracristian264@gmail.com',21,0,0),('702320620','Angélica','Ramírez','Sandí',0,83979140,83979140,'angelicamrs201294@hotmail.com',14,0,10),('702320715','Glenda','Guzmán','Cerdas',2,85857014,85857014,'glenda32@hotmail.es',15,0,11),('702340305','Karol Vanessa','Grijalba','Camacho',2,85439487,85439487,'karol.grijalba.camacho@gmail.com',17,0,3),('702350257','Leonardo','Rodríguez','Quirós',0,87762865,87762865,'leo.chaparro-13@hotmail.com',25,0,0),('702350565','David','Romero','zambrano',1,85735780,85735780,'david-romero95@hotmail.com',22,0,11),('702360322','Junior','Barquero','Aguirre',1,0,84724436,'juniorbar95@hotmail.com',22,0,11),('702360675','Junior','muñoz','vega',1,84827052,84827052,'munozvegajunior@gmail.com',15,0,11),('702370272','joselyne','Abarca','Arias',0,61096238,61096238,'fjoselyn1095@hotmail.com',15,0,0),('702370539','Isabel ','Torres','Mayorga',0,86414208,86414208,'misakitorres16@gmail.com',25,0,0),('702380026','Derman','Zamora','Mora',1,27165247,83094990,'dermanj26@hotmail.com',21,0,11),('702380374','Raquel','Vega','Fonseca',2,83188042,83188042,'raquel95f@hotmail.com',57,0,0),('702380595','Luz Mery ','Mora ','Miranda',2,87924852,87924852,'m-erymora@hotmail.com',15,0,11),('702380596','milenes','hernandez','aguero',2,87602581,87602581,'amilehernandez94@hotmail.com',17,0,11),('702390713','HILLARY','MONGE','GARCÌA',2,22620922,50105541,'hillarymg95@hotmail.com',18,0,11),('702400550','Nathalie Maria','Mata','Rodríguez',2,85140389,85140389,'nathalie-2810@hotmail.com',25,0,0),('702430742','Meribeth','Zúñiga','Zúñiga',0,83311995,83311995,'meribet296zz@gmail.com',22,0,0),('702430830','Sharon','Guzmán','Solís',0,88055152,88055152,'sharongs16@hotmail.com',57,0,0),('702440940','Yoselyn','Rodríguez','Villegas',0,86726180,86726180,'Nar-0199-@hotmail.com',21,0,0),('702450804','Gerson','Granados','Peraza',0,85348487,85348487,'gersongranados28@gmail.com',22,0,7),('702460619','Alexander','Ramírez','Rodríguez',0,87545611,87545611,'alexramirez2696@gmail.com',25,0,0),('702470234','Jafet','Ríos','Mesén',0,61175217,61175217,'jafetcastromesn@rocketmail.com',23,0,10),('702470482','Joseline','Chacon','Vargas',2,84253602,84253602,'joselinechv96@gmail.com',24,0,10),('702470662','Daniela ','Abrego ','Ramirez',2,86098343,86098343,'dani.a.r_96@hotmail.com',24,0,0),('702470775','Gabriela de los Angeles','Cabezas','Umaña',2,86702712,86702712,'gabicu0909@hotmail.com',8,0,0),('702470817','Joseline','Bogantes','Sanches',2,89098082,89098082,'josybogantes2310@gmail.com',18,0,10),('800780187','Yaoska','Esquivel','Zabala',2,60043841,60043841,'yahoskaez@hotmail.com',22,0,10),('800790772','jorge luis','calderon','rodriguez',1,88306659,61305468,'calderon0883@hotmail.com',24,0,0),('800930378','Cheng Cheng','Chen','Shir',2,71099299,71099299,'jnnchsh158@gmail.com',50,0,0),('800960712','Lucila','González ','Martínez',2,40806624,40806624,'madremafa@gmail.com',17,0,10),('800970112','lian','rodrìguez','ramos',1,22380905,87229900,'lian_rr@hotmail.com',22,0,0),('800990264','douglas ','ORTEZ','ORTEZ',1,87907906,87907906,'douglas_ortez@hotmail.com',8,0,11),('801020702','Rosa','Chica ','Hernández',2,22483030,87901784,'rozu2091@gmail.com',7,0,11),('801030130','Flaviop','Mejía ','Aragón',0,85604898,85604898,'ces2616@gmail.com',22,0,0),('801030734','Johanna','Rugama','Vargas',2,86761489,86761489,'johana21sep@hotmail.com',8,0,0),('801030902','Idania ','Bastidas','palomo',2,22636625,83391540,'idaniabas@gmail.com',53,0,0),('80103902','IDANIA','BASTIDAS','PALOMO',2,22636625,83391540,'idaniabas@gmail.com',53,0,0),('804138774','Jordy','Cerdas','Arias',0,84138774,84138774,'Jceradasa19@yahoo.com',25,0,0),('805358845','Tania Arline ','Fernández ','Suarez',0,85358845,85358845,'arline90@hotmail.com',23,0,0),('807850448','Nata','Amores','Gamboa',0,86751069,86751069,'couturenata@gmail.com',50,0,0),('900530686','MARIAAUXILIADORA ','DIAZ ','SOLIS',2,88361310,88361310,'mariauxdiaz@gmail.com',11,0,11),('901090719','Braulio','Rostran','Saballos',1,0,70772794,'brostran94@hotmail.com',27,0,11),('901130658','Cesar','Gamboa','Montero',1,22626529,85261594,'cesaragm95@gmail.com',19,0,0),('901130668','Christian','Gutierrez','Rodriguez',1,22194425,87871607,'chris.manudo.27@hotmail.com',8,0,0),('901190958','Margarita','Vargas','Ramos',2,24734518,85841937,'maga56@hotmail.cl',14,0,0),('901230488','Hayser','Davila','Abarca',0,86659185,86659185,'hayserdavila@gmail.com',22,0,0),('901250088','kevin','navarro','salas',1,24304630,88898469,'kevin14995alajuela@hotmail.com',8,0,0),('901270246','Esteban','Campos ','Jiménez',1,88727468,88727468,'campos1203@gmail.com',22,0,0),('95344','Dania','Obando','Sánchez',2,83378545,83378545,'dobando.una@gmail.com',13,0,10),('97315','Kerlin ','Vilchez','Castellón',1,85815893,85815893,'kvilchez2008@gmail.com',50,0,11),('99887','Jennifer','Murillo','Hercúles',0,84949836,84949836,'jenny_brig12@hotmail.com',20,0,0);
/*!40000 ALTER TABLE `ESTUDIANTE` ENABLE KEYS */;
UNLOCK TABLES;
--
-- Table structure for table `TUTOR`
--
DROP TABLE IF EXISTS `TUTOR`;
/*!40101 SET @saved_cs_client     = @@character_set_client */;
/*!40101 SET character_set_client = utf8 */;
CREATE TABLE `TUTOR` (
  `ID` varchar(15) NOT NULL,
  `NOM` varchar(30) NOT NULL,
  `PAPE` varchar(30) NOT NULL,
  `SAPE` varchar(30) NOT NULL,
  `GENERO` decimal(2,0) NOT NULL,
  `TEL` decimal(15,0) NOT NULL,
  `EMAIL` varchar(256) NOT NULL,
  PRIMARY KEY (`ID`)
) ENGINE=InnoDB DEFAULT CHARSET=utf8;
/*!40101 SET character_set_client = @saved_cs_client */;
--
-- Dumping data for table `TUTOR`
--
LOCK TABLES `TUTOR` WRITE;
/*!40000 ALTER TABLE `TUTOR` DISABLE KEYS */;
INSERT INTO `TUTOR` VALUES ('1000000','Carlos','Carlos','Carlos',1,22222222,'carlos.sachez@hotmail.com'),('102377','JEARSON','NARVAEZ','ROJAS',1,85555275,'jearson10@gmail.com'),('102694','Eliel','López','Peralta',3,1,'83154361'),('109720463','Cleydie','Castro','Allen',3,2,'87144155'),('113040370','Alejandro','Villalobos','Ulate',1,85456053,'ale0707@hotmail.com'),('113460040','LUIS ','BADILLA','CÈSPEDES',1,88974319,'halterofilia88@gmail.com'),('113470843','Rodrigo','Montenegro','Jimènez',3,83163741,'rodrigoamj@gmail.com'),('113820510','Nohelia','Hernàndez','Campos',2,83268031,'noehc187@hotmail.com'),('114030287','Grettel','Azofeifa','Lizano',2,84913324,'grettelazofeifa@gmail.com'),('114180395','Adriana ','Còrdoba','Chaves',2,88402264,'adri21_15@hotmail.com'),('114280735','Fabián','Chacón ','Benavidez',1,87677890,'edachabe@hotmail.com'),('114350960','David','Sequeira','Castro',1,86501053,'deavisse21@gmail.com'),('114360217','IGNACIO','ARIAS','GÒMEZ',1,86235736,'arias.i.30@hotmail.com'),('114510503','DICK','BARRANTES','AGUILAR',1,86165635,'dickba16@hotmail.com'),('114540940','María del Rocío','Barboza','Valverde',3,2,'85168786'),('114620057','Fernando ','Zaldìvar','C',1,88599567,'repo2203@gmail.com'),('114640246','Esteban','Fonseca','Mora',1,83277331,'fnesteban@gmail.com'),('114730969','Raquel','Cantillo','Azofeifa',2,83160450,'raque_cantillano@hotmail.com'),('114930726','Julio','Romero','Villegas',3,1,'89459367'),('114950846','David','Carranza','Marchena',1,87718487,'dcarranza92@gmail.com'),('115140622','Ariel','Fernández','Naranjo',3,1,'88921699'),('115170701','STEVEN','QUESADA','S',1,89499220,'steven0911@hotmail.com'),('115280521','David','Castillo','Cambronero',3,1,'85364096'),('115300225','José René','López','Gómez',3,1,'22153170'),('115420397','Victor','Arce','Cubillo',3,87370875,'esteban1661@gmail.com'),('115490165','Juan Carlos','Miles','husa',1,85186821,'juankmiles@gmail.com'),('115520402','Geykel','Hodgson','ch',1,115520402,'geykelhodgsonch@gmail.com'),('115710576','Leonardo','Araya','Jiménez',3,1,'85706223'),('119580082','Jeisson','Umaña','Castellón',1,86991895,'scooby-doo19@hotmail.com'),('206510300','Katherine','Ugalde','Arguedas',2,85080545,'kugaldearg@gmail.com'),('206590667','Stephanie','Sibaja','Hernàndez',2,88044585,'etepha189@gmail.com'),('206640456','Hider','Rojas','Moya',1,85697993,'hiderrojas@gmail.com'),('206730488','Rodrigo','Muñoz','Arrieta',3,1,'85691669'),('207070013','Nícida','Rojas','Esquivel',2,89893550,'nrjss_@hotmail.com'),('207070586','RUDY','RODRÌGUEZ','ARROYO',1,86965767,'rudyra2@hotmail.com'),('207090597','Tatiana','Arrieta','Villalobos',3,2,'85409257'),('304240317','Junior Alonso','Calderòn','Guzmàn',1,86632113,'alonso1448@gmail.com'),('304300801','Mario','Rojas','Cubero',3,83210680,'83210680'),('401940293','Claudia','Oviedo','Melèndez',2,86068037,'claudiaoviedo@gmail.com'),('402030947','Maggaly','Caballero','Delgado',2,83289198,'maggaly.caballero@gmail.com'),('402050792','Michael','Hernàndez','Miranda',1,83163272,'michaelhtm@gmail.com'),('40208597','Manuel','Salazar','Morales',1,85421833,'manuelsalm@hotmail.com'),('402110330','Gabriela','Villalobos','Marín',3,1,'86235736'),('402120059','Lucía ','Ugalde','Barrantes',2,83295459,'lucy.91@gmail.com'),('402120864','REBECA','CALDERÒN','TORRES',2,88935126,'rbk0811@hotmail.com'),('402130509','Bryan','Umaña','Gonzàlez',1,87204037,'brayan182008@hotmail.com'),('402130668','TUTOR prueba','prueba','prueba',1,86830066,'minorandres@gmail.com'),('402150164',' Teresa','López','Maietta',3,85706709,'tersalop@gmail.com'),('402170817','Mariela','Vargas','Barrantes',2,84172036,'marivarbar@hotmail.com'),('402190347','Johan','Salas ','Nuñez',1,88023910,'johan_salas_n@htmail.com'),('402190351','Daniela','Camacho','Cordero',2,85026677,'danycc1306@gmail.com'),('402200156','Óscar','Vega','Jiménez',3,1,'86989930'),('402200895','GILBERTH','ARCE','QUIRÒS',1,86234203,'gil235@hotmail.com'),('402210910','Andrés','Arguedas','León',3,1,'60172863'),('402330053','Alexis','Andino','Barea',3,1,'87432484'),('444390230','Erick','Cubero','Romàn',1,88847784,'ecubero90@hotmail.com'),('50362690','LUIS DIEGO','HERNÀNDEZ','ROJAS',1,89961600,'diegohr88@yahoo.es'),('503650260','David','Osorno','Fallas',1,85415774,'dosfall@hotmail.com'),('503690550','LEONEL','NAVARRO','CASTILLO',1,89764127,'idnavarroc@hotmail.com'),('503800997','Dennia','Fernàndez','Acuña',2,86052921,'dfenandez010@hotmail.es'),('503840633','Yosenith','González','Flores',3,2,'84105387'),('503890087','Mary Carmen','Méndez','Jiménez',3,2,'84411855'),('604200019','José Enrique','Gil','Chaves',3,1,'83851689'),('702020850','Deyber','Alvarado','Fernández',3,1,'86971346'),('702150366','GERARDO','CÒRDOBA','HERNÀNDEZ',1,86431541,'gerardoc18@hotmail.com'),('702200380','JOSÈ LUIS','MORALES','REYES',1,71098608,'josemore93@hotmail.com'),('901090311','Brenda','Salazar','Lòpez',2,89973892,'bren_09@hotmail.com'),('901100343','David','Herdoìza','hgog',1,88644241,'esteban1661@gmail.com'),('901230235','Emanuel','Parrra','Rodríguez',3,1,'87889018');
/*!40000 ALTER TABLE `TUTOR` ENABLE KEYS */;
UNLOCK TABLES;
--
-- Table structure for table `TUTORIA`
--
DROP TABLE IF EXISTS `TUTORIA`;
/*!40101 SET @saved_cs_client     = @@character_set_client */;
/*!40101 SET character_set_client = utf8 */;
CREATE TABLE `TUTORIA` (
  `COD` varchar(15) NOT NULL,
  `NOM` varchar(30) NOT NULL,
  PRIMARY KEY (`COD`)
) ENGINE=InnoDB DEFAULT CHARSET=utf8;
/*!40101 SET character_set_client = @saved_cs_client */;
--
-- Dumping data for table `TUTORIA`
--
LOCK TABLES `TUTORIA` WRITE;
/*!40000 ALTER TABLE `TUTORIA` DISABLE KEYS */;
INSERT INTO `TUTORIA` VALUES ('AME404',' Agentes Conta'),('ECY415','Estadística General'),('EIF200','Funda Info'),('EIF201','Programación I'),('EIF204','Programción II'),('FIX 410','Física I topo quì'),('FIX-411','FÍSICA II QUÍ TOPO'),('FIX310','Física I Enseñanza'),('FIY-410-01','Física Biól I'),('FIY303','Física Ge II'),('FIY31301','Física II Enseñanza'),('FIY411','Fìsica Bio 2'),('LIX101','Inglés Instr1'),('LIX103','InglésIns1y2'),('LIX410','InglésInte I'),('LIX411','InglésInte2'),('MAB300','MateFund 1'),('MAB303','Geom Euclí2'),('MAB304','LógicaTeoConj'),('MAX084','Mate General'),('MAX085','Cálculo Dife int'),('MAY223','Probabilidad y Estadìstica'),('MAY230','Mate Info 1'),('MAY231','Mate Inf2'),('MAY232','MateInf 3'),('MAY431','MATE TOPO II'),('MAY432','Mate Eco 2'),('MAY433','Mate 3 Econo'),('MAY436','Cálc IQuìmica'),('MAY437','Càlculo II QUÌ'),('MAY440','Mate Top1'),('MAY441','MateEcono1'),('MAY442','MATE TOPO 3'),('MAY445','Mate Econ y neg'),('MAY446','CÁLCULO SUPERIOR'),('MAY452','MateFinan'),('MAY453','Mate 1Geo'),('MCC401','LENGUAJE MUSICAL I'),('MCC408','ARMONÍA'),('PRUEBA','CURSO PRUEBA'),('QU406','FÍSICO QUI II'),('QUC400','QuìmicaOr I (Quì'),('QUC402','Físico Química'),('QUC403','Quimica Analìtica'),('QUC404','Quìmica OrgII'),('QUC450','QuimiG I(QUIMICOS)'),('QUD400','BIOPROCESOS'),('QUD401','ORGÁNICA I Y II'),('QUD402','FUNDA ANALITICA'),('QUX101','QuìGene ISER'),('QUX102','Quimica II servicios'),('QUX103','Fund Qui'),('QUX104','Biorgànica'),('QUX106O','Orgànica Ense'),('QUY414','Quimica Organica y Ambiental'),('QUY515','IntroducQui'),('QUY516','FUNDA QUI VET'),('SPJ202','INGLÈS1COMERCIAL');
/*!40000 ALTER TABLE `TUTORIA` ENABLE KEYS */;
UNLOCK TABLES;
/*!40103 SET TIME_ZONE=@OLD_TIME_ZONE */;
--
-- Table structure for table `GRUPO`
--
DROP TABLE IF EXISTS `GRUPO`;
/*!40101 SET @saved_cs_client     = @@character_set_client */;
/*!40101 SET character_set_client = utf8 */;
CREATE TABLE `GRUPO` (
  `NUM` varchar(25) NOT NULL,
  `TID` varchar(15) NOT NULL,
  `TCOD` varchar(15) NOT NULL,
  `LUGAR` varchar(35) NOT NULL,
  `ANIO` smallint(6) NOT NULL,
  `CICLO` tinyint(4) NOT NULL,
  `HORARIO` varchar(5) NOT NULL,
  `ESTADO` varchar(15) NOT NULL,
  PRIMARY KEY (`NUM`),
  KEY `TID` (`TID`),
  KEY `TCOD` (`TCOD`),
  CONSTRAINT `GRUPO_ibfk_1` FOREIGN KEY (`TID`) REFERENCES `TUTOR` (`ID`),
  CONSTRAINT `GRUPO_ibfk_2` FOREIGN KEY (`TCOD`) REFERENCES `TUTORIA` (`COD`)
) ENGINE=InnoDB DEFAULT CHARSET=utf8;
/*!40101 SET character_set_client = @saved_cs_client */;
--
-- Dumping data for table `GRUPO`
--
LOCK TABLES `GRUPO` WRITE;
/*!40000 ALTER TABLE `GRUPO` DISABLE KEYS */;
INSERT INTO `GRUPO` VALUES ('AME404-I13-01','402030947','AME404','Aula 710 Tierra Y Mar',2013,0,'V9','Finalizado'),('AME404-II13-02','402130668','AME404','Aula Ambientales',2013,1,'I8','Finalizado'),('AME404-II13-03','402130668','AME404','Aula Ambientales',2013,1,'I10','Sin Cupo'),('ECY415-II13-01','1000000','ECY415','Aula 3 Casa Exito Académico',2013,1,'J13','Abierto'),('EIF200-I13-01','115520402','EIF200','Aula Casa Èxito Acadèmico',2013,0,'L9','Suspendido'),('EIF200-I13-02','901100343','EIF200','Laboratorio 3 Informàtica',2013,0,'L15','Finalizado'),('EIF200-I13-03','114620057','EIF200','Casa Èxito Acadèmico',2013,0,'J13','Sin Cupo'),('EIF200-I13-04','115490165','EIF200','Aula Casa Èxito Acadèmico',2013,0,'V9','Sin Cupo'),('EIF200-I13-05','402190347','EIF200','Aula Casa Èxito Acadèmico',2013,0,'V13','Sin Cupo'),('EIF200-I13-06','901100343','EIF200','laboratorio info 3',2013,0,'L15','Finalizado'),('EIF200-I14-010','402190347','EIF200','Laboratorio 1003 Informática',2014,0,'M9','Sin Cupo'),('EIF200-I14-011','115520402','EIF200','Laboratorio 1005 Informática',2014,0,'M13','Sin Cupo'),('EIF200-I14-012','1000000','EIF200','Laboratorio 1005 Informática',2014,0,'J12','Sin Cupo'),('EIF200-I14-013','1000000','EIF200','Laboratorio 1002 Informática',2014,0,'V13','Abierto'),('EIF200-II13-07','402190347','EIF200','Escuela Informática',2013,1,'V13','Abierto'),('EIF200-II13-08','115520402','EIF200','Escuela Informática',2013,1,'I10','Abierto'),('EIF200-II13-09','1000000','EIF200','Escuela Informática',2013,1,'V10','Sin Cupo'),('EIF201-II13-01','114620057','EIF201','Escuela Informática',2013,1,'V13','Finalizado'),('EIF201-II13-02','115420397','EIF201','Escuela Informática',2013,1,'I10','Sin Cupo'),('EIF201-II13-03','901100343','EIF201','Aula 4 Exito Académico',2013,1,'J15','Finalizado'),('EIF201-II13-04','1000000','EIF201','Escuela Informática',2013,1,'I13','Finalizado'),('EIF201-III13-05','114620057','EIF201','Aula Escuela Informática',2013,2,'L13','Abierto'),('EIF201-III13-06','114620057','EIF201','Aula Escuela Informática',2013,2,'L9','Abierto'),('EIF204-I14-01','114620057','EIF204','Laboratorio 1004 Informática',2014,0,'M9','Abierto'),('EIF204-I14-02','901100343','EIF204','Laboratorio 1004 Informática',2014,0,'M15','Abierto'),('FIX 410-I14-03','1000000','FIX 410','Aula 1Éxito Académico',2014,0,'M10','Abierto'),('FIX 410-I14-04','702020850','FIX 410','Aula 1 Éxito Académico',2014,0,'M13','Abierto'),('FIX 410-I14-05','702020850','FIX 410','Aula 1 Éxito Académico',2014,0,'J15','Abierto'),('FIX 410-II13-01','114030287','FIX 410','Aula 1 Èxito Académico',2013,1,'L15','Abierto'),('FIX 410-II13-02','402130668','FIX 410','Aula 3 Èxito Acadèmico',2013,1,'J8','Suspendido'),('FIX-411-I14-01','114280735','FIX-411','Aula 1 Éxito Académico',2014,0,'V8','Abierto'),('FIX310-I14-02','114280735','FIX310','Aula  3 Éxito Académico',2014,0,'M10','Abierto'),('FIX310-II13-01','114350960','FIX310','Aula 4 Casa Exito Académico',2013,1,'V10','Abierto'),('FIY-410-01-I14-02','206510300','FIY-410-01','Aula 1 éXITO aCADÉMICO',2014,0,'J13','Sin Cupo'),('FIY-410-01-II13-01','114280735','FIY-410-01','Aula 2 Éxito Académico',2013,1,'M13','Abierto'),('FIY303-II13-01','114280735','FIY303','Aula3 Èxito Acadèmico',2013,1,'L13','Suspendido'),('FIY31301-I14-02','1000000','FIY31301','Aula 4 Exito Académico',2014,0,'I17','Abierto'),('FIY31301-II13-01','206510300','FIY31301','Aula 4 Exito',2013,1,'L10','Abierto'),('FIY411-II13-01','206510300','FIY411','Sala 1Èxito',2013,1,'I10','Abierto'),('FIY411-II13-02','206510300','FIY411','Aula 4 Èxito Acadèmico',2013,1,'I13','Suspendido'),('LIX101-I13-01','1000000','LIX101','Aula 4 Casa Exito Académico',2013,0,'V10','Finalizado'),('LIX101-I14-02','402120059','LIX101','AULA 4 ÉXITO ACADÉMICO',2014,0,'I13','Suspendido'),('LIX103-I13-01','1000000','LIX103','Aula 4 Casa Éxito Académico',2013,0,'J17','Suspendido'),('LIX410-I13-01','401940293','LIX410','Aula 4 Casa Éxito Académico',2013,0,'L13','Finalizado'),('LIX410-I13-02','114640246','LIX410','Aula 4 Casa Éxito Académico',2013,0,'M8','Finalizado'),('LIX410-I13-03','401940293','LIX410','Aula 4 Casa Èxito Académico',2013,0,'I15','Finalizado'),('LIX410-I13-04','114730969','LIX410','Aula 4 Casa Èxito Acadèmico',2013,0,'J10','Finalizado'),('LIX410-I13-05','114730969','LIX410','Aula Casa Èxito Acadèmico',2013,0,'I10','Finalizado'),('LIX410-I13-06','402170817','LIX410','Aula 2 Casa Exito Acadèmico',2013,0,'J13','Finalizado'),('LIX410-I13-07','402190351','LIX410','Aula Casa Exito Acadèmico',2013,0,'L16','Finalizado'),('LIX410-I14-010','304240317','LIX410','AULA 4 ÉXITO ACADÉMICO',2014,0,'L10','Sin Cupo'),('LIX410-I14-011','1000000','LIX410','AULA 3 ÉXITO ACADÉMICO',2014,0,'L13','Sin Cupo'),('LIX410-I14-012','401940293','LIX410','AULA 4 ÉXITO ACADÉMICO',2014,0,'M15','Sin Cupo'),('LIX410-I14-013','402170817','LIX410','AULA 4 ÉXITO ACADÉMICO',2014,0,'J17','Sin Cupo'),('LIX410-I14-014','402170817','LIX410','Aula 1 Éxito Académico',2014,0,'I10','Sin Cupo'),('LIX410-I14-015','1000000','LIX410','Aula 4 Éxito Académico',2014,0,'V8','Abierto'),('LIX410-II13-08','114640246','LIX410','Aula 2 Casa Éxito Académico',2013,1,'M15','Sin Cupo'),('LIX410-II13-09','304240317','LIX410','Aula 4 Casa Éxito Académico',2013,1,'J10','Abierto'),('LIX411-I13-01','114640246','LIX411','Aula 4 Casa Èxito Acadèmico',2013,0,'M13','Finalizado'),('LIX411-I13-02','1000000','LIX411','Aula 4 Casa Èxito Acadèmico',2013,0,'I10','Suspendido'),('LIX411-I14-06','1000000','LIX411','AULA 3 ÉXITO ACADÉMICO',2014,0,'V13','Abierto'),('LIX411-II13-03','401940293','LIX411','Aula 3 Casa Éxito Académico',2013,1,'L10','Abierto'),('LIX411-II13-04','402190351','LIX411','Aula 4 Casa Éxito Académico',2013,1,'M13','Abierto'),('LIX411-II13-06','402120059','LIX411','Aula 2 Casa Éxito Académico',2013,1,'I15','Abierto'),('MAB300-I13-01','113460040','MAB300','Aula 4 Casa Èxito Acadèmico',2013,0,'V13','Finalizado'),('MAB300-I14-02','702200380','MAB300','AULA 2 ÉXITO ACADÉMICO',2014,0,'V10','Suspendido'),('MAB300-I14-03','702150366','MAB300','Aula 1 Éxito Académico',2014,0,'M15','Abierto'),('MAB304-I13-01','113460040','MAB304','Aula Casa Èxito Acadèmico',2013,0,'J13','Finalizado'),('MAB304-I14-02','702200380','MAB304','Aula Éxito Académico',2014,0,'L13','Sin Cupo'),('MAB304-I14-03','702200380','MAB304','Aula  3 Éxito Académico',2014,0,'M13','Sin Cupo'),('MAX084-I13-01','102377','MAX084','Aula 2 Casa Èxito Acadèmico',2013,0,'L15','Finalizado'),('MAX084-I13-010','402120864','MAX084','Aula 3 Casa Èxito Acadèmico',2013,0,'L10','Finalizado'),('MAX084-I13-011','702150366','MAX084','Aula Casa Èxito Acadèmico',2013,0,'M10','Finalizado'),('MAX084-I13-012','402120864','MAX084','Aula Casa Exito Acadèmico',2013,0,'L13','Finalizado'),('MAX084-I13-02','114360217','MAX084','Aula 2 Casa Èxito Acadèmico',2013,0,'M8','Abierto'),('MAX084-I13-03','207070586','MAX084','Aula 2 Casa Èxito Acadèmico',2013,0,'M13','Finalizado'),('MAX084-I13-04','102377','MAX084','Aula 2 Casa Èxito Acadèmico',2013,0,'I8','Finalizado'),('MAX084-I13-05','503690550','MAX084','Aula 2 Casa Èxito Acadèmico',2013,0,'I13','Finalizado'),('MAX084-I13-06','402200895','MAX084','Aula 2 Casa Èxito Acadèmico',2013,0,'I17','Finalizado'),('MAX084-I13-07','115170701','MAX084','Aula 2 Casa Èxito Acadèmico',2013,0,'J8','Finalizado'),('MAX084-I13-08','402120864','MAX084','Aula 2 Casa Èxito Acadèmico',2013,0,'J15','Finalizado'),('MAX084-I13-09','702200380','MAX084','Aula 2 Casa Èxito Acadèmico',2013,0,'V10','Finalizado'),('MAX084-I14-023','207090597','MAX084','AULA 2 ÉXITO ACADÉMICO',2014,0,'L13','Abierto'),('MAX084-I14-024','402110330','MAX084','AULA 2 EXITO ACADÉMICO ',2014,0,'M8','Sin Cupo'),('MAX084-I14-025','115710576','MAX084','AULA 2 ÉXITO ACADÉMICO',2014,0,'M15','Sin Cupo'),('MAX084-I14-026','503840633','MAX084','AULA 2 ÉXITO ACDÉMICO',2014,0,'I10','Sin Cupo'),('MAX084-I14-027','503840633','MAX084','AULA 2 ÉXITO ACADÉMICO',2014,0,'I13','Sin Cupo'),('MAX084-I14-028','402200156','MAX084','AULA 3 ÉXITO ACDÉMICO',2014,0,'I17','Sin Cupo'),('MAX084-I14-029','503890087','MAX084','AUYLA 2 ÉXITO ACADÉMICO',2014,0,'J8','Sin Cupo'),('MAX084-I14-030','115170701','MAX084','AULA 4 ÉXITO ACADÉMICO',2014,0,'J15','Sin Cupo'),('MAX084-I14-031','901230235','MAX084','AULA 4 ÉXITO ACADÉMICO',2014,0,'V13','Sin Cupo'),('MAX084-I14-032','207070013','MAX084','Aula1 Éxito Académico',2014,0,'L15','Sin Cupo'),('MAX084-I14-033','702150366','MAX084','Aula 2 Éxito Académico',2014,0,'M10','Sin Cupo'),('MAX084-I14-034','1000000','MAX084','Aula 2 Éxito Académico',2014,0,'J13','Abierto'),('MAX084-I14-035','114930726','MAX084','Aula 1 Éxito Académico',2014,0,'L8','Sin Cupo'),('MAX084-I14-036','702150366','MAX084','Aula 3 Éxito Académico',2014,0,'L8','Sin Cupo'),('MAX084-II13-013','702200380','MAX084','casa Exito',2013,1,'L10','Finalizado'),('MAX084-II13-014','102377','MAX084','Aula Éxito',2013,1,'L15','Finalizado'),('MAX084-II13-015','702150366','MAX084','Casa Éxito Académico',2013,1,'M8','Finalizado'),('MAX084-II13-016','207070586','MAX084','Casa Éxito',2013,1,'M15','Finalizado'),('MAX084-II13-017','115170701','MAX084','Casa Éxito',2013,1,'I10','Finalizado'),('MAX084-II13-018','207070586','MAX084','Casa Éxito',2013,1,'I17','Finalizado'),('MAX084-II13-019','503800997','MAX084','Casa Éxito',2013,1,'J13','Finalizado'),('MAX084-II13-020','207070013','MAX084','Aula 2 Èxito Acadèmico',2013,1,'V8','Suspendido'),('MAX084-III13-021','114360217','MAX084','Aula 2 Programa Éxito Académico',2013,2,'I9','Abierto'),('MAX084-III13-022','503690550','MAX084','Aula 2 Programa Éxito Académico',2013,2,'J13','Abierto'),('MAX085-I13-01','402120864','MAX085','Aula 2 Casa Èxito Acadèmico',2013,0,'L13','Suspendido'),('MAX085-I13-02','402120864','MAX085','Aula 1 Casa Èxito Acadèmico',2013,0,'M15','Finalizado'),('MAX085-I14-06','113470843','MAX085','AULA 2 ÉXITO ACADÉMICO',2014,0,'J15','Sin Cupo'),('MAX085-I14-07','402120864','MAX085','Aula 3 Éxito Académico',2014,0,'L15','Sin Cupo'),('MAX085-II13-03','402120864','MAX085','Casa Éxito',2013,1,'L10','Sin Cupo'),('MAX085-II13-04','113460040','MAX085','Aula Exito Académico',2013,1,'M15','Sin Cupo'),('MAX085-III13-05','1000000','MAX085','Aula 3 Programa Éxito Académico',2013,2,'I9','Sin Cupo'),('MAY223-II13-01','114510503','MAY223','Casa Exito Acadèmico',2013,1,'L15','Abierto'),('MAY230-I13-01','102377','MAY230','Aula 2 Casa Èxito Acadèmico',2013,0,'L10','Sin Cupo'),('MAY230-I13-02','113460040','MAY230','Aula 1 Casa Èxito Acadèmico',2013,0,'M8','Sin Cupo'),('MAY230-I13-03','114510503','MAY230','Aula 2 Casa Èxito Acadèmico',2013,0,'M15','Sin Cupo'),('MAY230-I13-04','114510503','MAY230','Aula 2 Casa Èxito Acadèmico',2013,0,'I15','Sin Cupo'),('MAY230-I13-05','113460040','MAY230','Aula 2 Casa Èxito Acadèmico',2013,0,'V8','Sin Cupo'),('MAY230-I13-06','50362690','MAY230','Aula 3 Casa Èxito Acadèmico',2013,0,'L16','Sin Cupo'),('MAY230-I14-010','114360217','MAY230','AULA 4 ÉXITO ACADÉMICO',2014,0,'M8','Sin Cupo'),('MAY230-I14-011','702150366','MAY230','AULA 2 ÉXITO ACDÉMICO',2014,0,'M13','Sin Cupo'),('MAY230-I14-012','114360217','MAY230','AULA 2 ÉXITO ACADÉMICO',2014,0,'I8','Sin Cupo'),('MAY230-I14-013','702150366','MAY230','AULA 1 ÉXITO ACDÉMICO',2014,0,'I13','Suspendido'),('MAY230-I14-014','702150366','MAY230','AULA 3 ÉXITO ACDÉMICO',2014,0,'J10','Sin Cupo'),('MAY230-I14-09','114360217','MAY230','AULA 2 ÉXITO ACADÉMICO',2014,0,'L10','Sin Cupo'),('MAY230-II13-07','102377','MAY230','Casa Éxito',2013,1,'L10','Sin Cupo'),('MAY230-II13-08','114360217','MAY230','Casa Éxito',2013,1,'I13','Abierto'),('MAY231-II13-01','114510503','MAY231','Casa Éxito',2013,1,'M10','Finalizado'),('MAY231-II13-02','114510503','MAY231','Casa Éxito',2013,1,'I8','Finalizado'),('MAY231-II13-03','114510503','MAY231','Aula 4 Casa Éxito Académico',2013,1,'L13','Finalizado'),('MAY231-II13-04','114510503','MAY231','Aula 2 Éxito Académico',2013,1,'J8','Finalizado'),('MAY231-III13-05','113460040','MAY231','Aula 3 Programa Éxito Académico',2013,2,'J13','Abierto'),('MAY232-I13-01','503690550','MAY232','Aula 1 Casa Èxito Acadèmico',2013,0,'I8','Suspendido'),('MAY431-II13-01','114360217','MAY431','Sala Exdirectores Topografía',2013,1,'M13','Abierto'),('MAY432-I13-01','503800997','MAY432','Aula Casa Èxito Acadèmico',2013,0,'J10','Sin Cupo'),('MAY432-I13-02','503800997','MAY432','aula',2013,1,'L13','Suspendido'),('MAY432-II13-03','503800997','MAY432','Casa Éxito',2013,1,'J10','Finalizado'),('MAY432-III13-04','113460040','MAY432','Aula 2 Progarama Éxito Académico',2013,2,'I13','Abierto'),('MAY433-II13-01','1000000','MAY433','Aula 1 Éxito',2013,1,'M15','Sin Cupo'),('MAY436-I13-01','114360217','MAY436','Aula 2 Casa Èxito Acadèmico',2013,0,'V13','Suspendido'),('MAY436-I13-02','114360217','MAY436','Aula 4 Casa Èxito Acadèmico',2013,0,'M10','Finalizado'),('MAY436-I14-03','113470843','MAY436','AULA 2 ÉXITO ACADÉMICO',2014,0,'J15','Abierto'),('MAY437-I13-01','113460040','MAY437','Aula 3 Casa Èxito Acadèmico',2013,0,'M10','Finalizado'),('MAY437-II13-02','113460040','MAY437','Casa Éxito',2013,1,'M10','Suspendido'),('MAY440-I13-01','40208597','MAY440','Aula 1 Casa Èxito Acadèmico',2013,0,'M13','Finalizado'),('MAY440-I13-02','702150366','MAY440','Aula 2 Casa Exito Acadèmioco',2013,0,'M17','Finalizado'),('MAY440-I14-04','402120864','MAY440','AULA 3 ÉXITO ACADÉMICO',2014,0,'M13','Abierto'),('MAY440-II13-03','702150366','MAY440','Casa Éxito',2013,1,'L10','Suspendido'),('MAY441-I13-01','114510503','MAY441','Aula 1 Casa Èxito Acadèmico',2013,0,'L15','Finalizado'),('MAY441-I13-02','50362690','MAY441','Aula 3 Casa Èxito Acadèmico',2013,0,'I15','Finalizado'),('MAY441-I14-04','503800997','MAY441','AULA 3 ÉXITO ACADÉMICO',2014,0,'M8','Sin Cupo'),('MAY441-I14-05','304300801','MAY441','AULA 2 ÉXITO ACDÉMICO',2014,0,'J13','Sin Cupo'),('MAY441-II13-03','503690550','MAY441','Casa Éxito',2013,1,'J10','Abierto'),('MAY442-II13-01','113460040','MAY442','AULA TOPOGRAFÍA',2013,1,'M15','Abierto'),('MAY445-II13-01','402120864','MAY445','Aula 3Èxito Académico',2013,1,'J15','Finalizado'),('MAY445-II13-02','119580082','MAY445','Aula 2 Éxito Académico',2013,1,'V13','Abierto'),('MAY445-II13-03','102377','MAY445','Aula 2 Éxito Académico',2013,1,'M10','Sin Cupo'),('MAY446-II13-01','113460040','MAY446','Aula 2 Èxito Académico',2013,1,'J15','Abierto'),('MAY452-I13-01','119580082','MAY452','Aula Casa Èxito Acadèmico',2013,0,'V15','Finalizado'),('MAY452-I14-03','119580082','MAY452','AULA 1 ÉXITO ACADÉMICO',2014,0,'V10','Sin Cupo'),('MAY452-I14-04','119580082','MAY452','Aula 4 Exito Académico',2014,0,'M10','Sin Cupo'),('MAY452-II13-02','503690550','MAY452','Casa Éxito',2013,1,'J15','Abierto'),('MAY453-I13-01','702150366','MAY453','Aula 2 Casa Exito Academìco',2013,0,'M10','Suspendido'),('MCC401-I14-01','114540940','MCC401','Aula música',2014,0,'M13','Abierto'),('MCC408-I14-01','604200019','MCC408','Auditorio de Música',2014,0,'I8','Abierto'),('QU406-I14-01','206730488','QU406','Aula 4 Éxito Académico',2014,0,'I8','Abierto'),('QUC400-I13-01','402050792','QUC400','Aula Casa Èxito Acadèmico',2013,0,'V13','Finalizado'),('QUC400-I13-02','113040370','QUC400','Aula Casa Èxito Acadèmico',2013,0,'J17','Finalizado'),('QUC400-I13-03','114950846','QUC400','Aula 3 Casa èxito Acadèmico',2013,0,'J8','Finalizado'),('QUC400-I14-05','114950846','QUC400','Aula Escuela Química',2014,0,'I10','Abierto'),('QUC400-I14-06','114950846','QUC400','Aula 3 Éxito Académico',2014,0,'V13','Suspendido'),('QUC400-II13-04','1000000','QUC400','Aula 3 Éxito Académico',2013,1,'I10','Suspendido'),('QUC402-II13-01','1000000','QUC402','Aula 1 Éxito Académico',2013,1,'V15','Abierto'),('QUC403-II13-02','402130668','QUC403','Casa Exito Acadèmico',2013,1,'I17','Sin Cupo'),('QUC403-II13-03','402130668','QUC403','Casa Éxito Académico',2013,1,'L17','Sin Cupo'),('QUC404-I13-02','113040370','QUC404','Aula Casa Èxito Acadèmico',2013,0,'J17','Suspendido'),('QUC404-I14-04','114950846','QUC404','Aula Química',2014,0,'I8','Abierto'),('QUC404-II13-02','114950846','QUC404','Aula 3 Èxito',2013,1,'I13','Sin Cupo'),('QUC404-II13-03','114950846','QUC404','Aula 1 Èxito',2013,1,'V13','Sin Cupo'),('QUC450-I13-01','113820510','QUC450','Aula Casa Èxito Acadèmico',2013,0,'M10','Suspendido'),('QUC450-I13-02','503650260','QUC450','Casa Èxito Acadèmico',2013,0,'I10','Finalizado'),('QUC450-I14-04','206730488','QUC450','Aula 1 Éxito Académico',2014,0,'M8','Abierto'),('QUC450-II13-03','444390230','QUC450','Aula 1 Èxito',2013,1,'I10','Abierto'),('QUD400-I13-01','901090311','QUD400','Aula Casa È xito Acadèmico',2013,0,'M13','Finalizado'),('QUD400-I14-02','115140622','QUD400','Aula 3 Exito Académico',2014,0,'L10','Abierto'),('QUD401-II13-01','402130509','QUD401','Aula I Casa Éxito Académico',2013,1,'I13','Abierto'),('QUD402-I14-01','402150164','QUD402','Aula 4 Éxito Académico',2014,0,'I10','Abierto'),('QUX101-I13-01','444390230','QUX101','Aula Casa Èxito Acadèmico',2013,0,'L13','Suspendido'),('QUX101-I13-02','206640456','QUX101','Aula Casa Èxito Acadèmico',2013,0,'J15','Finalizado'),('QUX101-I13-03','901090311','QUX101','Aula Casa Èxito Acadèmico',2013,0,'J15','Finalizado'),('QUX101-I14-07','402330053','QUX101','Aula 1Éxito Académico',2014,0,'L13','Sin Cupo'),('QUX101-I14-08','109720463','QUX101','Aula1 Éxito Académico',2014,0,'I8','Sin Cupo'),('QUX101-II13-05','901090311','QUX101','Aula I Èxito',2013,1,'M10','Finalizado'),('QUX101-II13-06','444390230','QUX101','Aula I Èxito',2013,1,'I10','Suspendido'),('QUX101-II13-07','503650260','QUX101','Aula 4 Exito Académico',2013,1,'L10','Finalizado'),('QUX102-II13-01','113820510','QUX102','Aula 1 Casa Exito',2013,1,'M13','Finalizado'),('QUX102-II13-02','206640456','QUX102','Aula 3',2013,1,'J10','Finalizado'),('QUX102-II13-03','206640456','QUX102','Aula 1',2013,1,'J15','Suspendido'),('QUX102-II13-04','113820510','QUX102','Aula Casa Exito',2013,1,'V10','Suspendido'),('QUX102-III13-05','402130509','QUX102','Aula 3 Éxito Académico',2013,2,'L13','Abierto'),('QUX103-I13-01','206640456','QUX103','Casa Èxito Acadèmico',2013,0,'I10','Sin Cupo'),('QUX103-I13-02','206640456','QUX103','Casa Èxito Acadèmico',2013,0,'V10','Finalizado'),('QUX103-I13-03','206640456','QUX103','Aula Casa  Èxito Acadèmico',2013,0,'I15','Finalizado'),('QUX103-I14-04','402210910','QUX103','Aula 1Éxito Académico',2014,0,'L10','Sin Cupo'),('QUX103-I14-05','115280521','QUX103','Aula 1 Éxito Académico',2014,0,'J8','Abierto'),('QUX103-I14-06','503650260','QUX103','Aula 1 Éxito Académico',2014,0,'M15','Sin Cupo'),('QUX103-I14-07','402130509','QUX103','Aula 3 Éxito Académico',2014,0,'V10','Sin Cupo'),('QUX104-I13-01','402050792','QUX104','Aula Casa Èxito Acadèmico',2013,0,'V15','Suspendido'),('QUX104-II13-02','402130509','QUX104','Aula 1 Casa Exito Académico',2013,1,'J13','Sin Cupo'),('QUX104-II13-03','402130509','QUX104','Aula 3 Casa Èxito Acadèmico',2013,1,'V10','Abierto'),('QUX104-II13-04','444390230','QUX104','Aula 4 Casa Exito Acadèmico',2013,1,'I15','Abierto'),('QUX106O-I13-01','402050792','QUX106O','Aula 1 Casa Exito Acadèmico',2013,0,'L10','Finalizado'),('QUX106O-I14-02','402130509','QUX106O','Aula 3 Éxito Académico',2014,0,'L10','Suspendido'),('QUY414-II13-01','206640456','QUY414','Aula 3 Exito Academico',2013,1,'M10','Abierto'),('QUY414-II13-02','206640456','QUY414','Por definir',2013,1,'I13','Abierto'),('QUY515-I13-01','113820510','QUY515','Aula Casa ÈXITO ACADÈMICO',2013,0,'M15','Finalizado'),('QUY516-I14-04','115300225','QUY516','Aula 4 Éxito Académico',2014,0,'I16','Sin Cupo'),('QUY516-II13-01','503650260','QUY516','Aula 3 Èxito',2013,1,'L13','Abierto'),('QUY516-II13-02','503650260','QUY516','Sala 2 Éxito Académico',2013,1,'L10','Suspendido'),('QUY516-III13-03','402130509','QUY516','Aula 3 Programa Éxito Académico',2013,2,'I13','Abierto'),('SPJ202-I13-01','402170817','SPJ202','Aula 4 Casa Exito Acadèmico',2013,0,'L15','Finalizado'),('SPJ202-I13-02','304240317','SPJ202','Aula 4 Casa Èxito Acadèmico',2013,0,'I13','Finalizado');
/*!40000 ALTER TABLE `GRUPO` ENABLE KEYS */;
UNLOCK TABLES;
--
-- Table structure for table `CLASE`
--
DROP TABLE IF EXISTS `CLASE`;
/*!40101 SET @saved_cs_client     = @@character_set_client */;
/*!40101 SET character_set_client = utf8 */;
CREATE TABLE `CLASE` (
  `CLID` int(11) NOT NULL AUTO_INCREMENT,
  `GNUM` varchar(25) NOT NULL,
  `FECHA` date NOT NULL,
  `OBSRV` text,
  PRIMARY KEY (`CLID`),
  KEY `GNUM` (`GNUM`),
  CONSTRAINT `CLASE_ibfk_1` FOREIGN KEY (`GNUM`) REFERENCES `GRUPO` (`NUM`)
) ENGINE=InnoDB DEFAULT CHARSET=utf8;
/*!40101 SET character_set_client = @saved_cs_client */;
--
-- Dumping data for table `CLASE`
--
LOCK TABLES `CLASE` WRITE;
/*!40000 ALTER TABLE `CLASE` DISABLE KEYS */;
/*!40000 ALTER TABLE `CLASE` ENABLE KEYS */;
UNLOCK TABLES;
--
-- Table structure for table `MATRICULA`
--
DROP TABLE IF EXISTS `MATRICULA`;
/*!40101 SET @saved_cs_client     = @@character_set_client */;
/*!40101 SET character_set_client = utf8 */;
CREATE TABLE `MATRICULA` (
  `EID` varchar(15) NOT NULL,
  `GNUM` varchar(25) NOT NULL,
  `FECHA` date NOT NULL,
  `ESTADO` varchar(25) NOT NULL,
  `NOTA` decimal(2,2) NOT NULL,
  `NRC` int(11) NOT NULL,
  `VECES` tinyint(4) NOT NULL,
  PRIMARY KEY (`EID`,`GNUM`),
  KEY `GNUM` (`GNUM`),
  CONSTRAINT `MATRICULA_ibfk_1` FOREIGN KEY (`EID`) REFERENCES `ESTUDIANTE` (`ID`),
  CONSTRAINT `MATRICULA_ibfk_2` FOREIGN KEY (`GNUM`) REFERENCES `GRUPO` (`NUM`)
) ENGINE=InnoDB DEFAULT CHARSET=utf8;
/*!40101 SET character_set_client = @saved_cs_client */;
--
-- Dumping data for table `MATRICULA`
--
LOCK TABLES `MATRICULA` WRITE;
/*!40000 ALTER TABLE `MATRICULA` DISABLE KEYS */;
INSERT INTO `MATRICULA` VALUES ('101418868','MAX084-I14-029','2014-02-12','Activo',0.00,40450,1),('101590842','LIX410-I13-07','2013-03-18','Activo',0.00,41188,1),('102305','MAY232-I13-01','2013-03-15','Activo',0.00,40931,1),('102820685','MAY230-II13-08','2013-08-09','Activo',0.00,5000,1),('105080334','LIX103-I13-01','2013-02-20','Activo',0.00,40517,3),('105090245','LIX411-I13-01','2013-04-15','Activo',0.00,41250,1),('105640030','EIF200-I13-03','2013-03-06','Activo',0.00,41178,1),('105950355','MAB304-I14-02','2014-02-13','Activo',0.00,43167,1),('106090417','LIX103-I13-01','2013-02-20','Activo',0.00,40513,1),('106200816','LIX410-I13-04','2013-02-25','Activo',0.00,40546,1),('106390304','MAX084-I14-032','2014-02-13','Activo',0.00,40428,1),('108510285','MAX084-I14-023','2014-02-12','Activo',0.00,40450,1),('108530113','EIF200-I13-02','2013-03-13','Activo',0.00,41833,1),('108530113','EIF200-II13-09','2013-08-29','Activo',0.00,50254,1),('108710109','EIF200-II13-07','2013-08-19','Activo',0.00,50255,1),('108710109','MAY230-I13-01','2013-02-15','Activo',0.00,40886,1),('109030','MAY441-I13-01','2013-02-20','Activo',0.00,40916,1),('109190649','MAB300-I14-02','2014-02-12','Activo',0.00,40470,1),('109190649','MAB304-I14-02','2014-02-12','Activo',0.00,40471,1),('109255','FIX 410-I14-05','2014-03-27','Activo',0.00,42258,1),('109255','QUC400-I13-03','2013-03-14','Activo',0.00,41852,1),('109737','MAX084-I13-010','2013-02-19','Activo',0.00,40853,1),('109737','MAX084-I14-034','2014-02-20','Activo',0.00,40431,1),('109993','EIF201-II13-04','2013-08-29','Activo',0.00,50269,1),('110306','LIX410-I13-01','2013-02-18','Activo',0.00,40530,1),('110410852','MCC401-I14-01','2014-02-25','Activo',0.00,40693,1),('110478','MAY230-I13-03','2013-03-06','Activo',0.00,40917,1),('110490929','MAX084-II13-014','2013-10-14','Activo',0.00,50744,1),('110890644','EIF200-II13-07','2013-08-19','Activo',0.00,50262,1),('110890644','EIF201-III13-06','2013-12-11','Activo',0.00,90020,1),('111220831','MAX084-I13-012','2013-03-11','Activo',0.00,40843,1),('111420572','EIF200-I13-05','2013-03-01','Activo',0.00,41164,1),('111420572','MAY230-I13-03','2013-02-18','Activo',0.00,40903,1),('111420572','MAY231-III13-05','2013-12-12','Activo',0.00,90039,1),('111680440','MAX084-I13-06','2013-02-15','Activo',0.00,40844,1),('111680440','MAX085-II13-04','2013-07-26','Activo',0.00,50756,1),('111680440','QUX103-I13-02','2013-05-06','Activo',0.00,42336,1),('111680440','QUX103-I14-04','2014-02-19','Activo',0.00,40014,1),('112070293','MAX084-I13-05','2013-02-14','Activo',0.00,40857,1),('112250115','MAB300-I13-01','2013-02-21','Activo',0.00,40419,1),('112270698','MAB300-I13-01','2013-02-21','Activo',0.00,40419,1),('112470043','MAX084-I13-06','2013-02-18','Activo',0.00,40859,1),('112580729','MAY436-I13-01','2013-02-20','Activo',0.00,42528,1),('112580729','QUC450-I13-02','2013-02-20','Activo',0.00,41908,1),('112800545','MAX085-I13-02','2013-02-19','Activo',0.00,40861,1),('112810338','QUC404-II13-02','2013-07-31','Activo',0.00,50510,3),('112820685','EIF200-II13-07','2013-08-19','Activo',0.00,50254,1),('112890031','MAX084-I13-03','2013-02-18','Activo',0.00,40830,1),('112980275','MAB304-I14-02','2014-02-13','Activo',0.00,43167,1),('113000826','MAY232-I13-01','2013-02-18','Activo',0.00,40910,1),('113110874','LIX410-I14-014','2014-02-18','Activo',0.00,41390,1),('113110874','MAX084-I14-025','2014-02-17','Activo',0.00,40450,1),('113110874','QUX101-I13-03','2013-04-15','Activo',0.00,41831,1),('113120334','MAX084-I14-025','2014-04-21','Activo',0.00,40430,1),('113190994','QUX101-II13-05','2013-08-08','Activo',0.00,51953,1),('113220850','EIF200-II13-07','2013-08-19','Activo',0.00,50262,1),('113390967','MAY445-II13-03','2013-08-14','Activo',0.00,50812,1),('113460809','QUY516-II13-02','2013-08-19','Activo',0.00,50536,1),('113490881','MAB300-I13-01','2013-02-22','Activo',0.00,40416,1),('113530705','MAY230-I13-03','2013-02-14','Activo',0.00,40886,1),('113530706','EIF200-I13-02','2013-04-01','Activo',0.00,41164,1),('113530706','EIF201-II13-04','2013-08-29','Activo',0.00,50269,1),('113530706','EIF204-I14-02','2014-04-28','Activo',0.00,41916,1),('113530706','MAY231-II13-04','2013-08-08','Activo',0.00,20791,1),('113540573','EIF200-I13-02','2013-03-15','Activo',0.00,41101,1),('113540573','EIF201-II13-01','2013-08-19','Activo',0.00,50269,1),('113540573','MAY230-I13-05','2013-02-22','Activo',0.00,41101,1),('113540573','MAY231-II13-04','2013-08-14','Activo',0.00,50791,1),('113540591','LIX411-II13-03','2013-07-29','Activo',0.00,50216,1),('113550478','FIY411-II13-01','2013-08-06','Activo',0.00,51798,1),('113600336','MAX084-I14-032','2014-03-14','Activo',0.00,40431,1),('113600336','MAX084-II13-018','2013-08-05','Activo',0.00,50737,1),('113600336','QUX103-I13-03','2013-02-25','Activo',0.00,42577,1),('113600336','QUX103-I14-04','2014-02-17','Activo',0.00,40010,1),('113603','LIX411-I13-01','2013-03-05','Activo',0.00,41243,1),('113650136','QUY515-I13-01','2013-03-06','Activo',0.00,43089,1),('113650136','QUY516-II13-02','2013-08-19','Activo',0.00,50536,1),('113720067','MAY231-II13-01','2013-07-23','Activo',0.00,50790,1),('113720673','QU406-I14-01','2014-02-13','Activo',0.00,40064,1),('113720673','QUC402-II13-01','2013-08-19','Activo',0.00,50517,1),('113720964','QUX103-I14-06','2014-02-18','Activo',0.00,40010,1),('113730372','LIX410-I14-011','2014-02-11','Activo',0.00,41364,2),('113750029','MAY445-II13-03','2013-08-14','Activo',0.00,50812,1),('113790732','MAY440-I13-02','2013-03-05','Activo',0.00,42859,1),('113810207','MAY231-II13-03','2013-08-16','Activo',0.00,50793,1),('113850124','MAY230-I13-06','2013-03-13','Activo',0.00,40892,1),('113860196','LIX410-I13-05','2013-02-25','Activo',0.00,40446,1),('113860196','MAX084-III13-022','2013-12-09','Activo',0.00,90036,1),('113870666','LIX411-II13-04','2013-07-30','Activo',0.00,50367,1),('113890126','MAX085-II13-04','2013-08-13','Activo',0.00,50770,1),('113890547','AME404-II13-03','2013-07-30','Activo',0.00,51223,1),('113960536','MAX085-II13-03','2013-08-05','Activo',0.00,50756,1),('113980814','MAX084-I13-010','2013-02-19','Activo',0.00,40144,1),('114000795','LIX411-II13-04','2013-07-22','Activo',0.00,50216,1),('114010070','MAY445-II13-01','2013-07-23','Activo',0.00,50813,1),('114010070','MAY445-II13-02','2013-08-23','Activo',0.00,50813,1),('114010339','FIX 410-II13-01','2013-07-26','Activo',0.00,51846,1),('114010339','FIX-411-I14-01','2014-03-24','Activo',0.00,42282,1),('114010339','QUX101-I13-03','2013-02-19','Activo',0.00,42582,1),('114040393','AME404-II13-03','2013-07-29','Activo',0.00,51223,1),('114060317','EIF201-III13-05','2013-12-11','Activo',0.00,90020,1),('114060317','MAY230-I13-05','2013-02-21','Activo',0.00,40890,1),('114060317','MAY231-II13-02','2013-07-23','Activo',0.00,50793,1),('114060733','FIY303-II13-01','2013-07-29','Activo',0.00,51809,1),('114060733','QUX106O-I13-01','2013-05-06','Activo',0.00,42410,1),('114070568','MAX084-I13-08','2013-02-14','Activo',0.00,40848,1),('114070568','MAX084-II13-013','2013-07-26','Activo',0.00,50744,1),('114070568','QUX103-I13-03','2013-02-21','Activo',0.00,42577,1),('114110937','MAX084-I13-01','2013-02-19','Activo',0.00,40857,1),('114120919','MAY436-I13-02','2013-02-18','Activo',0.00,42627,1),('114120919','QUC450-I13-02','2013-02-21','Activo',0.00,41832,1),('114130060','MAX084-I13-012','2013-02-26','Activo',0.00,43016,1),('114130060','QUX101-I13-03','2013-02-20','Activo',0.00,41831,1),('114130060','QUX101-II13-05','2013-07-30','Activo',0.00,50835,1),('114130060','QUX101-II13-06','2013-07-31','Activo',0.00,50835,1),('114140359','EIF201-II13-03','2013-08-29','Activo',0.00,50274,1),('114140359','MAY230-I13-01','2013-02-14','Activo',0.00,40880,1),('114150788','FIY-410-01-I14-02','2014-02-24','Activo',0.00,42229,1),('114160431','QUC404-II13-03','2013-07-26','Activo',0.00,50531,1),('114160559','MAX085-II13-04','2013-07-26','Activo',0.00,50770,1),('114160559','QUX102-II13-03','2013-08-14','Activo',0.00,51359,1),('114160559','QUX104-II13-03','2013-07-26','Activo',0.00,50837,1),('114170696','MAY442-II13-01','2013-09-27','Activo',0.00,50818,1),('114180736','EIF201-II13-02','2013-08-19','Activo',0.00,50275,1),('114180736','MAY231-II13-01','2013-07-23','Activo',0.00,50790,1),('114180736','MAY231-III13-05','2013-12-12','Activo',0.00,90039,1),('114200326','MAY440-I13-01','2013-02-20','Activo',0.00,42859,1),('114200553','SPJ202-I13-01','2013-03-11','Activo',0.00,42164,1),('114200744','MAX084-I13-06','2013-02-15','Activo',0.00,40849,1),('114200966','QUC404-II13-03','2013-08-05','Activo',0.00,50510,1),('114260138','LIX410-I13-03','2013-02-15','Activo',0.00,41190,1),('114290055','QUY516-II13-02','2013-08-19','Activo',0.00,50536,1),('114290352','MAY433-II13-01','2013-08-26','Activo',0.00,51976,1),('114290670','QUC400-I13-01','2013-02-21','Activo',0.00,41851,1),('114300178','MAY445-II13-03','2013-08-14','Activo',0.00,50812,1),('114360003','MAY432-I13-01','2013-02-21','Activo',0.00,42966,1),('114430706','MAX085-I14-07','2014-02-18','Activo',0.00,40521,1),('114430706','QUD400-I14-02','2014-02-25','Activo',0.00,40353,1),('114440580','LIX410-I13-01','2013-03-04','Activo',0.00,43027,2),('114440580','LIX411-II13-06','2013-08-28','Activo',0.00,50431,1),('114480244','QUC402-II13-01','2013-08-19','Activo',0.00,50517,1),('114490672','QUC400-I13-01','2013-02-20','Activo',0.00,41852,1),('114490672','QUC400-I14-05','2014-02-20','Activo',0.00,40045,1),('114490672','QUC403-II13-03','2013-08-14','Activo',0.00,50505,1),('114500347','QUC400-I13-03','2013-03-14','Activo',0.00,41851,1),('114500665','MAY452-I13-01','2013-03-01','Activo',0.00,42919,1),('114530894','AME404-II13-02','2013-08-07','Activo',0.00,51223,1),('114540672','AME404-II13-03','2013-08-05','Activo',0.00,51223,1),('114540672','MAY446-II13-01','2013-08-08','Activo',0.00,52870,1),('114550605','MAX084-I14-025','2014-02-12','Activo',0.00,40441,1),('114550605','QUX103-I14-04','2014-02-14','Activo',0.00,40415,1),('114550620','MAX084-II13-017','2013-07-24','Activo',0.00,52933,1),('114560900','MAX084-I13-09','2013-02-28','Activo',0.00,43016,1),('114580294','FIX 410-I14-05','2014-03-27','Activo',0.00,42258,1),('114590415','LIX410-I13-01','2013-02-18','Activo',0.00,40330,1),('114590646','MAY445-II13-03','2013-08-20','Activo',0.00,50812,1),('114590649','MAX084-I13-01','2013-02-19','Activo',0.00,40853,1),('114600231','EIF200-I14-013','2014-04-28','Activo',0.00,40981,1),('114600231','MAY230-I14-09','2014-02-12','Activo',0.00,40503,1),('114600642','FIX310-II13-01','2013-10-11','Activo',0.00,52986,1),('114630397','EIF200-I13-03','2013-03-22','Activo',0.00,41093,1),('114630397','MAY230-I13-04','2013-04-26','Activo',0.00,40904,1),('114630397','MAY230-II13-07','2013-07-26','Activo',0.00,50788,1),('114640425','LIX410-I13-06','2013-03-05','Activo',0.00,41184,1),('114640439','EIF200-I13-04','2013-03-12','Activo',0.00,41178,1),('114640439','MAY230-I13-02','2013-02-14','Activo',0.00,40895,1),('114640517','MAX084-I13-07','2013-02-18','Activo',0.00,40826,1),('114650847','MAB300-I13-01','2013-02-21','Activo',0.00,40419,1),('114650847','MAB300-I14-03','2014-03-17','Activo',0.00,43166,1),('114650847','MAB304-I13-01','2013-02-21','Activo',0.00,40427,1),('114650847','MAB304-I14-03','2014-02-21','Activo',0.00,43167,1),('114670159','LIX410-I13-05','2013-02-25','Activo',0.00,40560,2),('114690865','MAY442-II13-01','2013-09-27','Activo',0.00,50818,1),('114700291','MAY452-I14-03','2014-02-25','Activo',0.00,40457,1),('114700805','MAX084-I13-04','2013-02-15','Activo',0.00,40845,1),('114700805','QUX102-III13-05','2013-12-10','Activo',0.00,90002,1),('114710058','LIX411-I13-01','2013-04-09','Activo',0.00,41284,1),('114740444','QUX104-II13-02','2013-07-22','Activo',0.00,51352,1),('114740657','MAY441-I13-02','2013-02-14','Activo',0.00,41916,1),('114740657','MAY441-I14-04','2014-02-17','Activo',0.00,40540,1),('114740810','MAY441-I13-02','2013-02-18','Activo',0.00,41906,1),('114750304','MAX084-I13-05','2013-04-25','Activo',0.00,40846,1),('114750304','QUX103-I13-01','2013-04-25','Activo',0.00,42344,1),('114750449','MAX084-I14-035','2014-02-24','Activo',0.00,40433,1),('114750449','QUX103-I14-05','2014-02-17','Activo',0.00,40014,1),('114760128','AME404-II13-02','2013-08-07','Activo',0.00,51223,1),('114760406','MAB300-I14-03','2014-03-03','Activo',0.00,40470,1),('114760406','MAB304-I14-03','2014-02-20','Activo',0.00,43167,1),('114780298','QUC403-II13-03','2013-08-01','Activo',0.00,50499,1),('114790022','MAX084-I13-02','2013-02-15','Activo',0.00,42620,1),('114790022','MAX085-I14-06','2014-02-14','Activo',0.00,40453,1),('114790022','QUX101-I13-01','2013-04-09','Activo',0.00,42375,1),('114790022','QUX102-II13-02','2013-09-20','Activo',0.00,51361,1),('114790022','QUX102-II13-03','2013-08-14','Activo',0.00,51359,1),('114790022','QUX102-II13-04','2013-08-22','Activo',0.00,51361,1),('114790022','QUX106O-I14-02','2014-02-14','Activo',0.00,40056,1),('114810370','MAX084-I13-06','2013-02-15','Activo',0.00,40853,1),('114830038','MAY432-I13-01','2013-02-21','Activo',0.00,42966,1),('114830038','MAY433-II13-01','2013-08-13','Activo',0.00,51977,1),('114850984','MAY436-I13-02','2013-02-15','Activo',0.00,42627,1),('114870475','MAX084-I13-07','2013-02-19','Activo',0.00,40846,1),('114870475','QUX101-I13-01','2013-02-19','Activo',0.00,42451,1),('114870512','MAY452-I13-01','2013-02-25','Activo',0.00,42419,1),('114890310','FIX310-I14-02','2014-02-25','Activo',0.00,42410,1),('114890310','FIX310-II13-01','2013-09-18','Activo',0.00,5180,1),('114890310','QUX106O-I13-01','2013-03-11','Activo',0.00,42410,1),('114890995','QUC400-I13-02','2013-02-26','Activo',0.00,41851,1),('114900505','FIY31301-II13-01','2013-08-12','Activo',0.00,51809,1),('114900589','MAY441-I14-04','2014-03-20','Activo',0.00,43111,1),('114900832','LIX410-I13-05','2013-02-25','Activo',0.00,40560,1),('114900920','QUX104-II13-03','2013-08-22','Activo',0.00,50837,1),('114900990','MAX084-II13-018','2013-07-22','Activo',0.00,50744,1),('114910958','LIX410-I14-011','2014-02-14','Activo',0.00,41370,1),('114920116','EIF200-I14-010','2014-04-28','Activo',0.00,40411,1),('114920116','LIX410-I14-012','2014-02-11','Activo',0.00,41244,1),('114920116','MAY230-I14-011','2014-02-11','Activo',0.00,40503,1),('114920752','MAY436-I13-01','2013-02-15','Activo',0.00,42627,1),('114920752','QUC450-I13-02','2013-02-21','Activo',0.00,41832,1),('114930130','MAX084-I14-032','2014-02-13','Activo',0.00,40444,1),('114930130','QUX103-I14-04','2014-02-17','Activo',0.00,40014,1),('114930355','MAY440-I14-04','2014-02-28','Activo',0.00,40558,1),('114930355','QUX101-I13-02','2013-02-22','Activo',0.00,42582,1),('114930858','MAX085-II13-04','2013-07-22','Activo',0.00,50760,1),('114930858','QUX102-II13-01','2013-08-22','Activo',0.00,51359,1),('114930858','QUX102-II13-03','2013-08-14','Activo',0.00,51359,1),('114950199','MAX084-I14-033','2014-02-18','Activo',0.00,40446,1),('114950203','MAX084-II13-018','2013-08-06','Activo',0.00,50734,1),('114950203','MAX085-I14-06','2014-02-18','Activo',0.00,40522,1),('114950203','MAY436-I14-03','2014-02-12','Activo',0.00,40522,1),('114950309','QUC400-I13-02','2013-02-21','Activo',0.00,41832,1),('114950309','QUC403-II13-02','2013-08-05','Activo',0.00,50503,1),('114950869','MAY441-I13-01','2013-02-26','Activo',0.00,41906,1),('114960016','MAX084-I13-010','2013-02-19','Activo',0.00,48842,1),('114960016','MAX084-I13-02','2013-02-14','Activo',0.00,40842,1),('114960992','MAY441-I13-01','2013-02-19','Activo',0.00,41916,1),('114970047','EIF200-I13-04','2013-03-13','Activo',0.00,41833,1),('114970242','FIX310-I14-02','2014-02-24','Activo',0.00,42238,1),('114970242','MAX085-II13-03','2013-07-31','Activo',0.00,50770,1),('114970242','QUX102-II13-02','2013-08-14','Activo',0.00,51359,1),('114980172','AME404-I13-01','2013-02-20','Activo',0.00,40590,1),('114980492','QUY515-I13-01','2013-03-06','Activo',0.00,43089,1),('114980492','QUY516-II13-01','2013-08-05','Activo',0.00,50536,1),('114980588','MAX084-II13-016','2013-08-01','Activo',0.00,50729,1),('114980588','QUX102-III13-05','2013-12-10','Activo',0.00,90002,1),('114980588','QUX103-I13-02','2013-04-26','Activo',0.00,42344,1),('114980703','QUX106O-I13-01','2013-03-04','Activo',0.00,42410,3),('114980859','LIX410-II13-08','2013-08-12','Activo',0.00,50277,1),('114990507','MAY230-I14-014','2014-02-12','Activo',0.00,40503,1),('115000568','LIX410-I13-02','2013-02-27','Activo',0.00,42185,1),('115000935','MAX085-II13-03','2013-09-06','Activo',0.00,50770,1),('115010372','QUC400-I13-02','2013-03-01','Activo',0.00,41852,1),('115010372','QUC404-I14-04','2014-02-19','Activo',0.00,40151,1),('115010372','QUC404-II13-02','2013-07-24','Activo',0.00,50513,1),('115010682','QUC404-I14-04','2014-02-19','Activo',0.00,40151,1),('115010973','AME404-II13-03','2013-07-30','Activo',0.00,51223,1),('115020843','FIY-410-01-I14-02','2014-02-21','Activo',0.00,42227,1),('115020903','EIF201-II13-02','2013-08-29','Activo',0.00,50275,1),('115020919','EIF200-I13-04','2013-04-16','Activo',0.00,41160,1),('115020919','EIF200-II13-07','2013-08-19','Activo',0.00,50262,1),('115030426','MAY452-I13-01','2013-02-26','Activo',0.00,42919,1),('115030542','QUY516-I14-04','2014-03-19','Activo',0.00,40080,1),('115030755','LIX410-I14-011','2014-02-11','Activo',0.00,41391,1),('115040016','EIF200-II13-09','2013-08-29','Activo',0.00,50254,1),('115040016','MAY230-II13-08','2013-07-24','Activo',0.00,50789,1),('115040779','LIX411-I14-06','2014-02-17','Activo',0.00,41987,1),('115050099','MAX084-I13-03','2013-02-14','Activo',0.00,40845,1),('115050099','MAX084-II13-014','2013-07-23','Activo',0.00,50746,1),('115050099','QUX101-I13-01','2013-02-22','Activo',0.00,42451,1),('115050099','QUX104-II13-03','2013-07-23','Activo',0.00,50839,1),('115050099','QUY516-III13-03','2013-12-11','Activo',0.00,90002,1),('115050344','FIY-410-01-I14-02','2014-02-25','Activo',0.00,42222,1),('115050344','QUD402-I14-01','2014-02-14','Activo',0.00,40358,1),('115060359','MAY432-I13-01','2013-02-21','Activo',0.00,42966,1),('115060528','EIF200-I13-05','2013-02-28','Activo',0.00,41164,1),('115060528','EIF201-II13-01','2013-08-19','Activo',0.00,50275,1),('115060528','MAY230-I13-01','2013-02-14','Activo',0.00,40888,1),('115060528','MAY231-II13-01','2013-07-22','Activo',0.00,50790,1),('115070320','MAX084-II13-014','2013-07-26','Activo',0.00,50730,1),('115070320','QUX101-I13-03','2013-03-19','Activo',0.00,42582,1),('115070320','QUX104-II13-04','2013-07-29','Activo',0.00,50829,1),('115070937','QUX104-II13-03','2013-08-05','Activo',0.00,51352,1),('115080420','MAX084-I13-05','2013-02-15','Activo',0.00,40848,1),('115080762','MAY441-I14-04','2014-03-06','Activo',0.00,43111,1),('115080812','MAY223-II13-01','2013-08-26','Activo',0.00,50800,1),('115090047','QU406-I14-01','2014-02-13','Activo',0.00,40064,1),('115090047','QUC400-I13-01','2013-02-21','Activo',0.00,41851,1),('115090047','QUC404-II13-02','2013-07-24','Activo',0.00,50510,1),('115090276','FIY411-II13-01','2013-08-16','Activo',0.00,51797,1),('115090331','LIX410-I13-05','2013-02-25','Activo',0.00,40546,1),('115090331','LIX411-II13-04','2013-07-30','Activo',0.00,50367,1),('115100465','MAY231-II13-02','2013-08-05','Activo',0.00,50793,1),('115110122','MAY436-I13-02','2013-02-15','Activo',0.00,42626,1),('115110566','MAY433-II13-01','2013-08-12','Activo',0.00,51977,1),('115110684','MAY452-I13-01','2013-02-22','Activo',0.00,42919,1),('115110750','MAY453-I13-01','2013-02-14','Activo',0.00,42955,1),('115120177','MAY452-I14-04','2014-03-03','Activo',0.00,40457,1),('115120286','MAX085-II13-03','2013-08-19','Activo',0.00,50756,1),('115120286','QUX101-II13-05','2013-08-19','Activo',0.00,50756,1),('115120545','MAX084-I13-03','2013-02-14','Activo',0.00,40845,1),('115120545','QUX101-I13-01','2013-02-25','Activo',0.00,42375,1),('115120723','LIX410-I14-013','2014-02-12','Activo',0.00,41389,1),('115120723','MAY452-I13-01','2013-02-20','Activo',0.00,42920,1),('115130176','MAX084-I13-05','2013-02-14','Activo',0.00,40849,1),('115130260','MAX084-I14-032','2014-03-13','Activo',0.00,40431,1),('115130415','EIF200-I13-02','2013-03-19','Activo',0.00,42062,1),('115130415','MAY230-II13-08','2013-08-05','Activo',0.00,50785,2),('115140271','QUX101-II13-07','2013-09-17','Activo',0.00,51953,1),('115140373','MAX084-I14-028','2014-02-12','Activo',0.00,40435,1),('115150092','QUX106O-I13-01','2013-04-08','Activo',0.00,42410,1),('115150103','MAY223-II13-01','2013-08-26','Activo',0.00,50800,1),('115160026','MAX084-II13-017','2013-08-13','Activo',0.00,50732,1),('115160429','FIY411-II13-01','2013-08-14','Activo',0.00,51798,1),('115160806','LIX410-I13-01','2013-02-20','Activo',0.00,40558,1),('115160977','FIX310-I14-02','2014-02-21','Activo',0.00,42238,1),('115160977','MAX085-I13-02','2013-03-01','Activo',0.00,40864,1),('115160977','MAX085-II13-03','2013-07-31','Activo',0.00,50772,1),('115160977','MAX085-III13-05','2013-12-04','Activo',0.00,90038,1),('115170310','FIY411-II13-01','2013-08-21','Activo',0.00,51798,1),('115180487','MAX085-I13-02','2013-04-02','Activo',0.00,40861,1),('115180501','MAX084-I14-023','2014-02-11','Activo',0.00,40438,1),('115180501','QUX101-I14-08','2014-02-14','Activo',0.00,40023,1),('115180721','MAY452-I13-01','2013-02-22','Activo',0.00,42919,1),('115200030','QUX101-I13-02','2013-03-01','Activo',0.00,42582,1),('115200469','MAY436-I13-02','2013-02-15','Activo',0.00,42627,1),('115200481','QUY516-I14-04','2014-02-19','Activo',0.00,40080,1),('115200822','EIF200-I13-03','2013-03-13','Activo',0.00,41178,1),('115200822','EIF201-II13-03','2013-08-29','Activo',0.00,50274,1),('115200822','MAY231-II13-04','2013-10-10','Activo',0.00,50791,1),('115200912','QUC400-I13-01','2013-02-21','Activo',0.00,41852,1),('115200912','QUC404-II13-03','2013-07-26','Activo',0.00,50486,1),('115210127','MAX084-I13-010','2013-02-19','Activo',0.00,40849,1),('115210290','MAY231-II13-03','2013-08-13','Activo',0.00,50792,1),('115210290','MAY231-III13-05','2013-12-12','Activo',0.00,90039,1),('115210694','QUC400-I13-03','2013-03-14','Activo',0.00,41852,1),('115210694','QUC403-II13-02','2013-08-23','Activo',0.00,50499,1),('115210694','QUC404-II13-03','2013-07-26','Activo',0.00,50486,1),('115210895','MAY440-I13-02','2013-03-05','Activo',0.00,42859,1),('115210984','QUC404-II13-03','2013-07-30','Activo',0.00,50486,1),('115220021','QUC400-I13-02','2013-02-26','Activo',0.00,41851,1),('115220288','MAX084-I14-034','2014-02-20','Activo',0.00,40445,1),('115220919','MAX084-II13-013','2013-07-23','Activo',0.00,50744,1),('115220919','QUX103-I13-03','2013-02-21','Activo',0.00,42577,1),('115230089','LIX410-I13-02','2013-02-28','Activo',0.00,42164,1),('115230089','SPJ202-I13-02','2013-04-02','Activo',0.00,42164,1),('115230284','MAX084-I13-02','2013-04-18','Activo',0.00,40843,1),('115230284','MAX084-II13-014','2013-08-01','Activo',0.00,50723,1),('115230501','FIY31301-II13-01','2013-08-19','Activo',0.00,51809,1),('115230501','QUX106O-I13-01','2013-03-01','Activo',0.00,42410,1),('115230666','MAY452-II13-02','2013-08-07','Activo',0.00,50811,1),('115230673','QUX101-I13-03','2013-02-20','Activo',0.00,42582,1),('115240234','EIF201-II13-01','2013-08-19','Activo',0.00,50269,1),('115240493','MAX084-II13-013','2013-07-29','Activo',0.00,50744,1),('115240787','FIX310-I14-02','2014-02-24','Activo',0.00,42215,1),('115250086','AME404-II13-03','2013-07-30','Activo',0.00,51223,1),('115250086','MAX085-I13-02','2013-02-26','Activo',0.00,40863,1),('115250159','EIF200-II13-08','2013-08-19','Activo',0.00,50262,1),('115250159','EIF201-III13-05','2013-12-11','Activo',0.00,90020,1),('115250661','MAX085-II13-04','2013-08-19','Activo',0.00,50772,1),('115250681','FIY-410-01-I14-02','2014-02-21','Activo',0.00,42229,1),('115250865','MAY445-II13-02','2013-08-16','Activo',0.00,50813,1),('115260808','EIF200-I14-012','2014-04-28','Activo',0.00,41411,1),('115270347','MAY230-I13-02','2013-02-19','Activo',0.00,40903,1),('115280145','MAX084-II13-015','2013-07-22','Activo',0.00,50725,1),('115280295','MAX084-I14-027','2014-02-11','Activo',0.00,40443,1),('115280295','QUX101-I14-08','2014-02-17','Activo',0.00,40034,1),('115280409','LIX410-I13-02','2013-02-27','Activo',0.00,42185,1),('115280726','QUD400-I14-02','2014-02-19','Activo',0.00,40353,1),('115280912','AME404-I13-01','2013-02-20','Activo',0.00,40590,1),('115290445','LIX410-I13-01','2013-02-14','Activo',0.00,41188,1),('115290445','MAY230-I13-03','2013-02-14','Activo',0.00,40894,1),('115290727','MAY432-I13-01','2013-02-21','Activo',0.00,42966,1),('115300423','QUX101-II13-05','2013-07-23','Activo',0.00,50835,1),('115300454','MAX085-II13-04','2013-08-22','Activo',0.00,50772,1),('115300531','EIF200-II13-09','2013-08-29','Activo',0.00,50254,1),('115300748','MAX084-I13-05','2013-02-15','Activo',0.00,40845,1),('115310002','MAY230-I14-09','2014-02-14','Activo',0.00,404912,1),('115310570','MAX084-II13-013','2013-07-22','Activo',0.00,50746,1),('115310570','QUX102-II13-01','2013-08-14','Activo',0.00,51361,1),('115310827','LIX410-I13-05','2013-02-26','Activo',0.00,40560,1),('115310880','QUC400-I13-01','2013-02-21','Activo',0.00,41852,1),('115310880','QUC400-I13-02','2013-03-22','Activo',0.00,41852,1),('115310880','QUC402-II13-01','2013-08-16','Activo',0.00,50517,1),('115310880','QUC403-II13-02','2013-07-29','Activo',0.00,50499,1),('115310880','QUC404-II13-02','2013-07-22','Activo',0.00,50486,1),('115320014','QUX102-II13-01','2013-09-03','Activo',0.00,51361,1),('115320318','FIY411-II13-01','2013-07-29','Activo',0.00,52880,1),('115320651','MAX084-II13-015','2013-07-29','Activo',0.00,50725,2),('115320822','MAX084-I14-026','2014-02-12','Activo',0.00,40435,1),('115330194','MAB300-I13-01','2013-04-12','Activo',0.00,40416,1),('115330194','MAB304-I13-01','2013-04-12','Activo',0.00,40426,1),('115330271','QUY516-I14-04','2014-02-13','Activo',0.00,40080,1),('115330333','LIX410-I13-05','2013-03-05','Activo',0.00,40560,1),('115330707','EIF201-II13-02','2013-08-19','Activo',0.00,50265,1),('115330707','MAY231-II13-03','2013-08-13','Activo',0.00,50792,1),('115340452','MAX084-I14-030','2014-02-11','Activo',0.00,40449,1),('115340566','EIF200-I14-011','2014-04-28','Activo',0.00,40981,1),('115350135','MAX085-II13-03','2013-08-19','Activo',0.00,50756,1),('115350416','AME404-I13-01','2013-02-20','Activo',0.00,40590,1),('115350439','MAY230-I14-012','2014-02-12','Activo',0.00,40489,1),('115350971','FIX 410-I14-04','2014-02-26','Activo',0.00,42263,1),('115350971','MAY436-I13-02','2013-02-15','Activo',0.00,42627,1),('115350971','QUC400-I13-01','2013-02-21','Activo',0.00,41852,1),('115350971','QUC400-I13-03','2013-03-15','Activo',0.00,41852,1),('115350971','QUC403-II13-03','2013-07-29','Activo',0.00,50503,1),('115350971','QUC404-I14-04','2014-02-19','Activo',0.00,40151,1),('115360299','MAY230-I14-013','2014-02-14','Activo',0.00,40489,1),('115360560','MAX085-III13-05','2013-12-04','Activo',0.00,90038,1),('115370308','MAX084-II13-019','2013-07-23','Activo',0.00,50739,1),('115370308','QUX101-II13-05','2013-07-23','Activo',0.00,50835,1),('115370625','MAY431-II13-01','2013-08-08','Activo',0.00,50816,1),('115380441','LIX410-I14-010','2014-02-12','Activo',0.00,41386,1),('115380588','LIX410-I13-04','2013-04-04','Activo',0.00,42164,1),('115380622','QUC400-I13-02','2013-02-21','Activo',0.00,41852,1),('115380622','QUC403-II13-03','2013-07-29','Activo',0.00,50503,1),('115380662','EIF200-I13-05','2013-03-07','Activo',0.00,41875,1),('115380662','EIF201-II13-01','2013-08-19','Activo',0.00,50275,1),('115380662','MAY230-I13-01','2013-02-19','Activo',0.00,40902,1),('115380662','MAY231-II13-04','2013-08-08','Activo',0.00,50791,1),('115380742','QUX101-I13-02','2013-02-27','Activo',0.00,42451,1),('115380874','EIF200-I13-03','2013-02-28','Activo',0.00,41176,1),('115380874','EIF200-II13-07','2013-08-19','Activo',0.00,50262,1),('115380874','EIF201-III13-06','2013-12-11','Activo',0.00,90020,1),('115380874','MAY230-I13-01','2013-02-14','Activo',0.00,40898,1),('115380874','MAY231-II13-01','2013-07-26','Activo',0.00,50790,1),('115390516','QUC400-I14-05','2014-02-20','Activo',0.00,40001,1),('115390516','QUC450-II13-03','2013-08-05','Activo',0.00,50491,1),('115390855','AME404-II13-03','2013-08-01','Activo',0.00,51224,1),('115390855','MAX085-I13-02','2013-02-26','Activo',0.00,40863,1),('115390855','MAY446-II13-01','2013-08-08','Activo',0.00,52870,1),('115400121','MAY440-I13-02','2013-03-11','Activo',0.00,42860,1),('115400352','MAX084-II13-016','2013-07-30','Activo',0.00,50742,1),('115400440','MAY437-I13-01','2013-04-09','Activo',0.00,42629,1),('115400440','QUC403-II13-02','2013-08-08','Activo',0.00,50499,1),('115400594','QUC404-II13-03','2013-07-30','Activo',0.00,50486,1),('115400667','QUC400-I14-05','2014-02-18','Activo',0.00,40045,1),('115400667','QUC403-II13-02','2013-08-06','Activo',0.00,50499,1),('115400812','MAY452-I14-04','2014-03-03','Activo',0.00,40457,1),('115410409','QUY515-I13-01','2013-02-27','Activo',0.00,42509,1),('115410544','MAY232-I13-01','2013-02-15','Activo',0.00,40916,1),('115410704','QUY516-II13-02','2013-08-19','Activo',0.00,50536,1),('115420048','MAY445-II13-02','2013-08-16','Activo',0.00,50813,1),('115420325','EIF200-I13-03','2013-03-11','Activo',0.00,41160,1),('115420325','LIX410-I13-05','2013-04-25','Activo',0.00,41188,1),('115420325','MAY230-I13-06','2013-03-11','Activo',0.00,40904,1),('115420325','MAY230-II13-07','2013-08-08','Activo',0.00,50788,1),('115420712','MAY432-I13-01','2013-02-21','Activo',0.00,42966,1),('115420808','EIF201-II13-02','2013-08-19','Activo',0.00,50265,1),('115420808','LIX410-I13-07','2013-03-13','Activo',0.00,41187,1),('115420962','QUX103-I13-02','2013-02-19','Activo',0.00,42339,1),('115420962','QUX104-II13-02','2013-07-23','Activo',0.00,51350,1),('115430125','MAY230-I13-04','2013-04-29','Activo',0.00,40894,1),('115430125','MAY231-II13-03','2013-08-13','Activo',0.00,50792,1),('115430153','MAY432-II13-03','2013-08-08','Activo',0.00,51759,1),('115430440','QUY414-II13-01','2013-08-05','Activo',0.00,51965,1),('115430844','AME404-II13-02','2013-07-30','Activo',0.00,51223,1),('115430867','FIY-410-01-I14-02','2014-02-24','Activo',0.00,42222,1),('115430867','LIX410-II13-09','2013-07-29','Activo',0.00,50241,1),('115430867','LIX411-I14-06','2014-02-20','Activo',0.00,41990,1),('115430974','MAY436-I13-02','2013-05-20','Activo',0.00,40594,1),('115430974','QUC403-II13-03','2013-08-05','Activo',0.00,50503,1),('115430993','LIX410-I14-010','2014-02-12','Activo',0.00,41386,1),('115440313','MAX084-II13-016','2013-08-23','Activo',0.00,50727,1),('115440313','QUX101-I14-07','2014-02-13','Activo',0.00,40013,3),('115440528','MAX084-II13-016','2013-08-08','Activo',0.00,50730,1),('115440528','QUX101-I13-02','2013-02-20','Activo',0.00,42451,1),('115440571','LIX410-I13-06','2013-03-05','Activo',0.00,40546,1),('115450114','MAY432-III13-04','2013-12-05','Activo',0.00,90066,1),('115450114','MAY441-I13-02','2013-02-26','Activo',0.00,41916,1),('115450114','MAY441-II13-03','2013-07-22','Activo',0.00,51757,1),('115450181','EIF201-II13-04','2013-08-29','Activo',0.00,50269,1),('115450357','EIF200-I13-02','2013-03-18','Activo',0.00,41158,1),('115450357','MAY230-II13-07','2013-07-22','Activo',0.00,50788,1),('115450470','LIX410-I14-010','2014-02-11','Activo',0.00,41388,1),('115460275','QUX101-I13-03','2013-02-20','Activo',0.00,42582,1),('115460912','MAY445-II13-02','2013-08-16','Activo',0.00,50813,1),('115470028','MAX085-I13-02','2013-02-19','Activo',0.00,40864,1),('115470028','QUX103-I13-02','2013-02-19','Activo',0.00,42339,1),('115470028','QUX103-I14-06','2014-02-17','Activo',0.00,40010,1),('115470447','QUX101-I13-03','2013-03-15','Activo',0.00,42410,1),('115470735','MAY231-II13-02','2013-08-01','Activo',0.00,50793,1),('115470903','MAX084-I14-024','2014-02-13','Activo',0.00,40442,1),('115470911','MAX084-I13-09','2013-02-14','Activo',0.00,40844,1),('115470911','QUX101-I13-01','2013-02-22','Activo',0.00,42375,1),('115480042','LIX410-I13-06','2013-03-04','Activo',0.00,41235,1),('115480072','QUY515-I13-01','2013-02-27','Activo',0.00,43089,1),('115480194','FIY31301-II13-01','2013-08-12','Activo',0.00,51809,1),('115480194','QUX101-I14-07','2014-02-18','Activo',0.00,40025,1),('115480479','MAY437-I13-01','2013-04-16','Activo',0.00,42629,1),('115480479','QUC400-I13-01','2013-02-21','Activo',0.00,41852,1),('115480479','QUC400-I14-05','2014-02-24','Activo',0.00,40049,1),('115480479','QUC403-II13-03','2013-07-29','Activo',0.00,50499,1),('115480826','MAX085-I14-06','2014-02-18','Activo',0.00,40521,1),('115480826','MAY436-I14-03','2014-02-11','Activo',0.00,40521,1),('115480866','MAY441-I13-02','2013-02-27','Activo',0.00,41916,2),('115490085','LIX410-I13-06','2013-03-05','Activo',0.00,40563,1),('115490087','AME404-II13-02','2013-07-30','Activo',0.00,51223,1),('115490167','AME404-II13-03','2013-08-01','Activo',0.00,51223,1),('115490167','LIX410-I14-011','2014-02-11','Activo',0.00,41374,1),('115490167','MAX085-I13-02','2013-02-18','Activo',0.00,40863,1),('115490527','QUC400-I13-02','2013-03-22','Activo',0.00,42282,1),('115490527','QUC404-II13-02','2013-07-22','Activo',0.00,50510,1),('115500044','ECY415-II13-01','2013-09-19','Activo',0.00,51592,1),('115500406','FIY411-II13-01','2013-08-08','Activo',0.00,51798,1),('115500422','QUX102-II13-02','2013-08-14','Activo',0.00,51359,1),('115500731','QUC400-I13-03','2013-04-26','Activo',0.00,41852,1),('115510466','QUX101-I13-01','2013-02-20','Activo',0.00,42493,1),('115510567','MAX084-II13-015','2013-07-29','Activo',0.00,50746,1),('115510567','QUX104-I13-01','2013-02-22','Activo',0.00,42500,2),('115510879','QUC400-I13-01','2013-03-01','Activo',0.00,41851,1),('115510886','LIX410-I14-013','2014-03-05','Activo',0.00,41250,1),('115520214','MAX084-I14-025','2014-02-12','Activo',0.00,40450,1),('115520241','EIF200-I13-03','2013-03-13','Activo',0.00,41178,1),('115520799','MAB304-I14-03','2014-02-20','Activo',0.00,43167,1),('115530052','QUX102-II13-02','2013-08-14','Activo',0.00,51359,1),('115530052','QUX102-III13-05','2013-12-16','Activo',0.00,9005,1),('115530347','MAY232-I13-01','2013-02-19','Activo',0.00,40912,1),('115530351','MAY230-I13-01','2013-02-19','Activo',0.00,40890,1),('115530482','QUC404-I14-04','2014-02-26','Activo',0.00,40151,1),('115530574','MAX084-I14-025','2014-02-11','Activo',0.00,40435,1),('115530936','MAX084-I13-02','2013-02-20','Activo',0.00,40842,1),('115540223','MAY436-I13-01','2013-02-20','Activo',0.00,42954,1),('115540223','QUD400-I13-01','2013-02-20','Activo',0.00,42904,1),('115540534','EIF201-II13-02','2013-08-19','Activo',0.00,50274,1),('115540534','MAY232-I13-01','2013-03-13','Activo',0.00,40910,1),('115540689','LIX410-I13-01','2013-02-14','Activo',0.00,42988,1),('115540689','MAX084-I13-02','2013-02-14','Activo',0.00,40852,1),('115540717','FIY-410-01-I14-02','2014-02-24','Activo',0.00,41002,1),('115540717','MAX084-II13-017','2013-07-22','Activo',0.00,50734,1),('115540717','QUX104-II13-04','2013-07-22','Activo',0.00,51350,1),('115540828','EIF200-I13-05','2013-03-07','Activo',0.00,41875,1),('115540828','EIF201-II13-04','2013-08-29','Activo',0.00,50269,1),('115540828','MAY230-I13-03','2013-02-14','Activo',0.00,40880,1),('115550511','LIX410-I14-014','2014-02-19','Activo',0.00,41390,1),('115550998','MAX085-I14-06','2014-02-18','Activo',0.00,40455,1),('115560033','EIF201-III13-06','2013-12-11','Activo',0.00,90020,1),('115560033','MAY231-II13-03','2013-08-13','Activo',0.00,50792,1),('115560135','MAY441-I13-02','2013-02-18','Activo',0.00,41925,1),('115560434','MAY436-I13-01','2013-02-15','Activo',0.00,42626,1),('115560444','LIX410-I13-03','2013-02-25','Activo',0.00,40546,1),('115560535','MAY432-II13-03','2013-07-23','Activo',0.00,51766,1),('115560551','LIX410-I14-010','2014-02-11','Activo',0.00,41388,1),('115560655','MAB300-I13-01','2013-02-22','Activo',0.00,40426,1),('115560655','MAB304-I13-01','2013-02-22','Activo',0.00,40416,1),('115560988','MAX084-I14-030','2014-02-12','Activo',0.00,40429,4),('115570041','MAX084-II13-016','2013-07-24','Activo',0.00,50732,1),('115570041','QUX103-I13-01','2013-02-20','Activo',0.00,42339,1),('115570070','FIY31301-II13-01','2013-08-12','Activo',0.00,51809,1),('115570070','QUX106O-I13-01','2013-03-04','Activo',0.00,42410,1),('115570378','LIX410-I14-010','2014-02-14','Activo',0.00,41388,1),('115570378','MAX084-I13-010','2013-02-18','Activo',0.00,40830,1),('115570378','MAX084-II13-013','2013-07-22','Activo',0.00,50723,1),('115570415','QUC400-I14-05','2014-02-24','Activo',0.00,40044,1),('115570978','MAX084-II13-013','2013-07-31','Activo',0.00,50750,1),('115580131','FIX 410-II13-01','2013-07-26','Activo',0.00,51846,1),('115580131','FIX-411-I14-01','2014-03-21','Activo',0.00,42282,1),('115580161','EIF200-II13-09','2013-08-29','Activo',0.00,50254,1),('115580161','MAY230-I14-09','2014-02-24','Activo',0.00,40490,1),('115580201','MAX084-I13-02','2013-02-14','Activo',0.00,40848,1),('115580201','MAX085-III13-05','2013-12-03','Activo',0.00,90038,1),('115580201','QUX103-I13-03','2013-02-21','Activo',0.00,42577,1),('115580201','QUY414-II13-01','2013-08-13','Activo',0.00,51965,1),('115580593','MAX084-I14-025','2014-02-12','Activo',0.00,40434,1),('115580644','EIF200-I13-02','2013-03-18','Activo',0.00,41158,1),('115580644','EIF201-II13-02','2013-08-29','Activo',0.00,50276,1),('115580644','EIF201-III13-06','2013-12-11','Activo',0.00,90020,1),('115580644','MAY230-I13-03','2013-02-18','Activo',0.00,40890,1),('115580644','MAY231-II13-01','2013-07-23','Activo',0.00,50793,1),('115580723','QUX103-I13-03','2013-03-05','Activo',0.00,42577,1),('115580723','QUX103-I14-04','2014-02-17','Activo',0.00,40010,1),('115580727','MAY452-I13-01','2013-02-25','Activo',0.00,42919,1),('115580742','EIF200-II13-09','2013-08-29','Activo',0.00,50254,1),('115580742','MAY230-I13-02','2013-02-25','Activo',0.00,40892,1),('115580754','QUX101-II13-07','2013-08-26','Activo',0.00,51953,1),('115580947','MAX084-I13-010','2013-02-19','Activo',0.00,40826,1),('115580978','MAY432-I13-01','2013-02-21','Activo',0.00,42966,1),('115590680','MAB304-I13-01','2013-02-26','Activo',0.00,40427,1),('115590857','MAX084-I13-02','2013-02-14','Activo',0.00,40838,1),('115600223','MAX084-I13-011','2013-02-21','Activo',0.00,40826,1),('115600439','QUY515-I13-01','2013-02-27','Activo',0.00,42509,1),('115600470','MAX084-I13-09','2013-04-10','Activo',0.00,43032,1),('115600470','MAX084-II13-013','2013-07-23','Activo',0.00,50729,1),('115600470','QUX102-II13-02','2013-08-14','Activo',0.00,50361,1),('115600535','EIF201-II13-02','2013-08-29','Activo',0.00,50274,1),('115600535','MAY230-I13-05','2013-02-21','Activo',0.00,40886,1),('115600560','MAX084-I14-032','2014-02-13','Activo',0.00,40431,1),('115600725','AME404-I13-01','2013-02-20','Activo',0.00,40590,1),('115600755','LIX410-I14-014','2014-02-18','Activo',0.00,41374,1),('115600755','MAX084-I13-02','2013-02-15','Activo',0.00,40852,1),('115600755','QUX101-I13-01','2013-04-16','Activo',0.00,42493,1),('115600755','QUX104-II13-02','2013-07-22','Activo',0.00,50837,1),('115600927','FIY31301-II13-01','2013-08-12','Activo',0.00,5189,1),('115600927','QUX106O-I13-01','2013-03-04','Activo',0.00,42410,1),('115610297','MAY441-I13-01','2013-02-18','Activo',0.00,41937,1),('115610617','LIX410-I14-013','2014-02-17','Activo',0.00,41362,1),('115610617','MAY441-I14-05','2014-02-17','Activo',0.00,40532,1),('115610655','EIF204-I14-01','2014-04-28','Activo',0.00,41903,1),('115610859','EIF200-I13-05','2013-03-06','Activo',0.00,40890,1),('115610859','MAY230-I13-01','2013-02-15','Activo',0.00,40890,1),('115620366','MAX084-I13-05','2013-02-14','Activo',0.00,43032,1),('115620764','MAX084-I14-031','2014-02-11','Activo',0.00,40444,1),('115620764','QUX103-I14-04','2014-02-17','Activo',0.00,40014,1),('115620911','EIF201-II13-01','2013-08-19','Activo',0.00,50269,1),('115630417','QUX104-II13-02','2013-07-22','Activo',0.00,51352,1),('115630571','MAY441-I13-01','2013-02-25','Activo',0.00,41906,1),('115630614','FIY31301-II13-01','2013-08-12','Activo',0.00,51809,1),('115630739','QUY516-II13-01','2013-07-26','Activo',0.00,50536,1),('115630857','MAY436-I13-01','2013-02-14','Activo',0.00,42954,1),('115630857','QUD400-I13-01','2013-02-20','Activo',0.00,42904,1),('115640339','MAY433-II13-01','2013-08-20','Activo',0.00,51977,1),('115640340','MAY433-II13-01','2013-08-20','Activo',0.00,51977,1),('115640490','MAY441-I14-05','2014-02-12','Activo',0.00,40535,1),('115640490','MAY441-II13-03','2013-07-22','Activo',0.00,51756,1),('115640698','MAX084-I13-011','2013-02-22','Activo',0.00,40844,1),('115640942','MAX084-I14-025','2014-02-11','Activo',0.00,40441,1),('115650081','MAY437-I13-01','2013-03-19','Activo',0.00,42629,1),('115650081','QUC400-I13-02','2013-02-21','Activo',0.00,41852,1),('115650081','QUC400-I14-05','2014-02-20','Activo',0.00,40045,1),('115650081','QUC400-I14-06','2014-02-13','Activo',0.00,40045,1),('115650081','QUC403-II13-03','2013-07-29','Activo',0.00,50499,1),('115650177','MAY432-I13-01','2013-02-21','Activo',0.00,42966,1),('115650408','FIX 410-II13-01','2013-07-23','Activo',0.00,51846,1),('115650408','MAY442-II13-01','2013-09-27','Activo',0.00,50818,1),('115650461','AME404-II13-03','2013-08-01','Activo',0.00,51224,1),('115650461','MAX085-I13-02','2013-02-26','Activo',0.00,40863,1),('115650461','MAY446-II13-01','2013-08-08','Activo',0.00,52870,1),('115650479','MAY441-I14-04','2014-04-08','Activo',0.00,40535,1),('115650642','MAY230-I14-09','2014-02-14','Activo',0.00,40488,1),('115660156','QUX103-I13-03','2013-02-21','Activo',0.00,42336,1),('115660169','QUX103-I13-01','2013-03-22','Activo',0.00,42339,1),('115660437','MAX084-I14-036','2014-02-24','Activo',0.00,40447,1),('115660438','MAX084-I13-08','2013-02-18','Activo',0.00,40847,1),('115660438','MAX084-II13-019','2013-10-11','Activo',0.00,50744,1),('115660438','MAX084-III13-021','2013-12-09','Activo',0.00,90036,1),('115660598','FIX 410-I14-03','2014-02-20','Activo',0.00,42258,1),('115660672','MAY452-I13-01','2013-02-25','Activo',0.00,42919,1),('115660878','MAX084-II13-020','2013-07-26','Activo',0.00,50739,1),('115670275','MAX084-II13-016','2013-08-01','Activo',0.00,50732,1),('115670690','EIF201-II13-03','2013-08-29','Activo',0.00,53007,1),('115670690','MAY230-I13-01','2013-02-14','Activo',0.00,40902,1),('115680641','MAY441-I14-04','2014-04-03','Activo',0.00,43111,1),('115680788','QUY516-I14-04','2014-02-13','Activo',0.00,40080,1),('115690031','LIX410-I13-07','2013-03-05','Activo',0.00,41238,1),('115690031','LIX411-II13-04','2013-07-23','Activo',0.00,50302,1),('115690031','MAY440-I13-01','2013-02-14','Activo',0.00,42860,1),('115690136','ECY415-II13-01','2013-09-19','Activo',0.00,51592,1),('115690559','EIF200-I13-05','2013-03-07','Activo',0.00,41875,1),('115690559','MAY231-III13-05','2013-12-04','Activo',0.00,90039,1),('115690622','AME404-I13-01','2013-02-20','Activo',0.00,40590,1),('115700077','MAX084-I14-032','2014-02-13','Activo',0.00,40432,1),('115700081','FIY411-II13-01','2013-08-07','Activo',0.00,51799,1),('115700110','MAY230-I13-02','2013-02-14','Activo',0.00,40890,1),('115700862','EIF200-I13-03','2013-03-13','Activo',0.00,40892,1),('115710049','LIX410-I13-03','2013-02-15','Activo',0.00,41572,1),('115710086','EIF200-I13-05','2013-03-06','Activo',0.00,41164,1),('115710356','MAX084-I13-07','2013-04-22','Activo',0.00,40843,1),('115710356','QUX101-I13-01','2013-04-22','Activo',0.00,42451,1),('115710881','MAY436-I13-02','2013-02-26','Activo',0.00,42627,1),('115720098','AME404-II13-03','2013-07-29','Activo',0.00,51223,1),('115720098','MAY446-II13-01','2013-08-08','Activo',0.00,52870,1),('115720231','QUX103-I14-04','2014-02-13','Activo',0.00,40013,1),('115720650','MAX084-II13-013','2013-07-26','Activo',0.00,50729,1),('115720650','MAX085-III13-05','2013-12-09','Activo',0.00,90037,1),('115720691','MAX084-I14-031','2014-02-11','Activo',0.00,40444,1),('115720923','EIF200-II13-08','2013-08-19','Activo',0.00,50262,1),('115720923','MAY230-II13-07','2013-09-05','Activo',0.00,50785,1),('115730219','EIF200-I13-04','2013-03-04','Activo',0.00,41838,1),('115730219','MAY230-I13-01','2013-02-14','Activo',0.00,40884,1),('115730219','MAY231-II13-01','2013-07-22','Activo',0.00,50795,1),('115730846','QUX101-I13-02','2013-03-01','Activo',0.00,42582,1),('115730982','QUY516-II13-01','2013-08-05','Activo',0.00,50536,1),('115740145','EIF201-II13-04','2013-08-29','Activo',0.00,50269,1),('115740267','EIF200-I13-04','2013-03-19','Activo',0.00,41838,1),('115740267','EIF201-III13-05','2013-12-11','Activo',0.00,90020,1),('115740267','MAY230-I13-03','2013-02-18','Activo',0.00,40904,1),('115740466','EIF200-I13-04','2013-03-20','Activo',0.00,41101,1),('115740466','LIX410-I13-05','2013-02-26','Activo',0.00,41181,1),('115740466','MAY230-I13-03','2013-03-06','Activo',0.00,40886,1),('115740614','EIF200-I13-04','2013-03-14','Activo',0.00,41093,1),('115740614','MAY231-II13-03','2013-08-08','Activo',0.00,50795,1),('115740939','EIF201-II13-03','2013-08-29','Activo',0.00,50274,1),('115750112','MAY230-I14-010','2014-02-14','Activo',0.00,40504,1),('115750155','MAB300-I13-01','2013-02-18','Activo',0.00,40416,1),('115750220','MAX085-I14-06','2014-02-18','Activo',0.00,40454,1),('115750391','MAX084-I13-08','2013-02-18','Activo',0.00,40842,1),('115750414','MAX084-I13-09','2013-02-14','Activo',0.00,40857,1),('115750414','MAX084-II13-019','2013-08-07','Activo',0.00,50744,1),('115750499','MAX084-I14-034','2014-02-19','Activo',0.00,40445,1),('115750499','QUX103-I14-04','2014-02-14','Activo',0.00,40415,1),('115750665','MAY441-I13-01','2013-04-10','Activo',0.00,41937,1),('115750850','MAY431-II13-01','2013-10-03','Activo',0.00,50817,1),('115750922','MAY452-II13-02','2013-08-06','Activo',0.00,50811,1),('115760488','LIX410-I13-05','2013-02-26','Activo',0.00,43027,1),('115760508','QU406-I14-01','2014-02-14','Activo',0.00,4005,1),('115760508','QUC400-I13-02','2013-02-21','Activo',0.00,41852,1),('115760508','QUC402-II13-01','2013-08-16','Activo',0.00,50517,1),('115760508','QUC403-II13-02','2013-07-29','Activo',0.00,50499,1),('115760508','QUC404-II13-02','2013-07-23','Activo',0.00,50486,1),('115760531','LIX410-I13-04','2013-02-14','Activo',0.00,41238,1),('115760531','LIX411-II13-04','2013-07-23','Activo',0.00,50321,1),('115760612','FIY31301-II13-01','2013-08-22','Activo',0.00,51809,1),('115760612','QUX102-II13-02','2013-08-14','Activo',0.00,51359,1),('115770095','MAX084-I14-029','2014-02-12','Activo',0.00,40435,1),('115770237','MAY441-I14-05','2014-02-20','Activo',0.00,40532,1),('115770531','QUX103-I13-02','2013-04-26','Activo',0.00,42344,1),('115770830','QUX101-I13-02','2013-02-22','Activo',0.00,42582,1),('115770978','LIX410-I13-07','2013-05-13','Activo',0.00,41179,1),('115770978','LIX411-II13-03','2013-07-22','Activo',0.00,50433,1),('115770978','MAY432-II13-03','2013-08-05','Activo',0.00,51776,1),('115780009','MAX084-I13-02','2013-04-18','Activo',0.00,40839,1),('115780009','MAX084-II13-015','2013-07-22','Activo',0.00,50725,1),('115780106','QUX101-I13-03','2013-02-20','Activo',0.00,41831,1),('115780483','FIY-410-01-II13-01','2013-08-13','Activo',0.00,52880,1),('115780971','EIF200-I13-04','2013-03-22','Activo',0.00,41093,1),('115780971','EIF201-II13-01','2013-08-29','Activo',0.00,50264,1),('115780971','EIF204-I14-02','2014-04-28','Activo',0.00,41903,1),('115780971','MAY231-II13-02','2013-07-23','Activo',0.00,50793,1),('115780991','MAY432-I13-01','2013-02-21','Activo',0.00,42906,2),('115790398','EIF200-I13-03','2013-03-21','Activo',0.00,41977,1),('115790444','EIF200-II13-09','2013-08-29','Activo',0.00,50254,1),('115790444','MAY230-I14-09','2014-04-28','Activo',0.00,40508,1),('115790611','LIX410-I13-07','2013-03-05','Activo',0.00,40563,1),('115790861','MAX085-I13-02','2013-03-01','Activo',0.00,40864,1),('115790861','MAX085-II13-03','2013-07-31','Activo',0.00,50772,1),('115790861','QUX102-II13-04','2013-08-14','Activo',0.00,51359,1),('115790861','QUX102-III13-05','2013-12-16','Activo',0.00,9005,1),('115790957','MAX084-I13-03','2013-02-14','Activo',0.00,40846,1),('115790957','MAX084-II13-013','2013-07-23','Activo',0.00,50729,1),('115790957','QUX103-I13-02','2013-02-27','Activo',0.00,42336,1),('115790957','QUX104-II13-04','2013-07-23','Activo',0.00,51352,1),('115800539','MAY432-II13-03','2013-07-29','Activo',0.00,51759,1),('115800539','MAY432-III13-04','2013-12-11','Activo',0.00,90066,1),('115800781','MAY445-II13-02','2013-08-16','Activo',0.00,50813,1),('115800858','MAY432-II13-03','2013-07-29','Activo',0.00,51766,1),('115800858','MAY441-I13-02','2013-02-18','Activo',0.00,41925,1),('115810013','QUX101-I14-08','2014-02-13','Activo',0.00,40023,1),('115810195','MAY436-I13-02','2013-02-19','Activo',0.00,42627,1),('115810361','SPJ202-I13-01','2013-03-11','Activo',0.00,42164,1),('115810427','MAY445-II13-02','2013-08-23','Activo',0.00,51689,1),('115810636','QUX101-I13-02','2013-02-22','Activo',0.00,42582,1),('115810732','MAY441-II13-03','2013-07-22','Activo',0.00,51757,1),('115820165','MAX084-I14-034','2014-02-20','Activo',0.00,40446,1),('115820225','MAX084-I14-035','2014-02-24','Activo',0.00,40432,1),('115820298','MAX084-I14-032','2014-03-14','Activo',0.00,40440,1),('115820298','QUX103-I14-07','2014-03-07','Activo',0.00,40015,1),('115820402','EIF200-I13-04','2013-04-02','Activo',0.00,41838,1),('115820402','LIX410-I13-03','2013-02-19','Activo',0.00,40530,1),('115820402','MAY230-I13-03','2013-02-19','Activo',0.00,40884,1),('115820594','MAY452-I14-03','2014-02-12','Activo',0.00,40458,1),('115820686','MAX084-I14-026','2014-02-11','Activo',0.00,40434,1),('115820686','QUX101-I14-08','2014-02-14','Activo',0.00,40034,1),('115820771','LIX410-I14-011','2014-02-12','Activo',0.00,41392,1),('115830508','MAY432-II13-03','2013-08-08','Activo',0.00,51759,1),('115830525','MAX084-I13-09','2013-02-15','Activo',0.00,40844,1),('115830525','QUX103-I13-01','2013-04-19','Activo',0.00,42339,1),('115830525','QUX104-II13-02','2013-07-23','Activo',0.00,51352,1),('115830557','MAX084-II13-015','2013-07-26','Activo',0.00,50746,1),('115830928','EIF201-II13-02','2013-08-19','Activo',0.00,50265,1),('115830928','EIF204-I14-01','2014-04-28','Activo',0.00,41917,1),('115840113','MAX084-II13-015','2013-10-08','Activo',0.00,50727,1),('115840539','ECY415-II13-01','2013-10-03','Activo',0.00,51594,1),('115840690','MAY230-I14-09','2014-02-11','Activo',0.00,40508,2),('115840690','MAY230-II13-07','2013-09-05','Activo',0.00,50785,1),('115850106','LIX410-I14-012','2014-02-11','Activo',0.00,41234,1),('115850246','MAY452-I13-01','2013-02-25','Activo',0.00,42919,1),('115850400','AME404-II13-02','2013-07-29','Activo',0.00,51223,1),('115850400','MAX085-I13-02','2013-02-15','Activo',0.00,40864,1),('115850400','MAY446-II13-01','2013-08-08','Activo',0.00,52870,1),('115850529','LIX410-I13-01','2013-02-14','Activo',0.00,40558,1),('115850529','MAY230-I13-05','2013-02-14','Activo',0.00,40904,1),('115850529','MAY231-III13-05','2013-12-12','Activo',0.00,90039,1),('115860422','FIY-410-01-I14-02','2014-02-27','Activo',0.00,42227,1),('115860716','EIF201-II13-01','2013-08-19','Activo',0.00,50269,1),('115860716','MAY230-I13-06','2013-03-11','Activo',0.00,40808,1),('115870090','EIF201-II13-02','2013-08-19','Activo',0.00,50265,1),('115870090','MAY231-II13-03','2013-08-13','Activo',0.00,50792,1),('115870137','LIX410-II13-08','2013-07-26','Activo',0.00,50297,1),('115870323','LIX410-I13-01','2013-02-18','Activo',0.00,41572,1),('115870401','MAY230-I13-02','2013-02-15','Activo',0.00,40895,1),('115870775','ECY415-II13-01','2013-09-19','Activo',0.00,51594,1),('115870926','MCC408-I14-01','2014-03-19','Activo',0.00,40737,1),('115870927','LIX410-I13-01','2013-02-20','Activo',0.00,41189,1),('115870927','MAY230-I13-05','2013-02-20','Activo',0.00,40903,1),('115880371','MAX084-I14-026','2014-02-12','Activo',0.00,40440,1),('115890316','MAY230-I14-010','2014-02-18','Activo',0.00,40507,1),('115890524','AME404-II13-02','2013-07-30','Activo',0.00,51223,1),('115894','LIX410-I13-06','2013-03-05','Activo',0.00,41188,1),('115900218','MAY436-I13-01','2013-02-20','Activo',0.00,42954,1),('115900218','QUD400-I13-01','2013-02-20','Activo',0.00,42904,1),('115900218','QUD401-II13-01','2013-08-01','Activo',0.00,52373,1),('115900218','QUD402-I14-01','2014-02-26','Activo',0.00,40358,1),('115900677','FIY-410-01-II13-01','2013-08-12','Activo',0.00,52880,1),('115900723','MAX084-I13-012','2013-03-04','Activo',0.00,40838,1),('115910757','MAY452-I14-03','2014-02-20','Activo',0.00,43105,1),('115910968','MAX085-I14-06','2014-02-18','Activo',0.00,40454,1),('115920337','MAB300-I14-03','2014-03-04','Activo',0.00,43166,1),('115920337','MAB304-I14-03','2014-02-21','Activo',0.00,43167,1),('115920564','FIY-410-01-I14-02','2014-02-24','Activo',0.00,42227,1),('115920564','MAX084-I13-03','2013-02-15','Activo',0.00,40820,1),('115920564','MAX085-II13-03','2013-07-31','Activo',0.00,50772,1),('115920564','QUX103-I13-01','2013-03-22','Activo',0.00,42339,1),('115920564','QUX104-II13-02','2013-07-22','Activo',0.00,51352,1),('115920602','EIF200-I13-02','2013-03-04','Activo',0.00,41176,1),('115920602','EIF201-II13-03','2013-08-29','Activo',0.00,50265,1),('115920602','MAY230-I13-01','2013-02-14','Activo',0.00,40890,1),('115920602','MAY231-II13-04','2013-08-07','Activo',0.00,50791,1),('115920802','EIF201-II13-01','2013-08-19','Activo',0.00,50275,1),('115930416','ECY415-II13-01','2013-09-19','Activo',0.00,51594,1),('115930669','LIX410-I14-013','2014-02-14','Activo',0.00,41388,1),('115930699','MAX084-I14-035','2014-02-24','Activo',0.00,40539,1),('115940074','LIX410-II13-09','2013-07-23','Activo',0.00,50286,1),('115940074','MAX084-I13-011','2013-02-21','Activo',0.00,40844,1),('115940074','MAX084-II13-015','2013-07-23','Activo',0.00,50746,1),('115940074','MAX085-I14-07','2014-02-18','Activo',0.00,40452,1),('115940074','QUX104-II13-03','2013-07-23','Activo',0.00,51350,1),('115940164','EIF200-I14-011','2014-04-28','Activo',0.00,40414,1),('115940164','MAY230-I14-010','2014-02-24','Activo',0.00,40503,1),('115940200','EIF201-III13-06','2013-12-11','Activo',0.00,90020,1),('115940200','MAY230-II13-07','2013-07-22','Activo',0.00,50785,1),('115940286','MAY440-I13-01','2013-02-22','Activo',0.00,42860,1),('115940887','MAY436-I13-01','2013-02-20','Activo',0.00,42954,1),('115940887','QUD400-I13-01','2013-02-20','Activo',0.00,42904,1),('115950093','MAX084-I14-030','2014-02-11','Activo',0.00,40443,1),('115950093','QUX103-I14-07','2014-02-27','Activo',0.00,40015,1),('115950228','MAX084-I14-036','2014-02-25','Activo',0.00,40440,1),('115950304','LIX101-I13-01','2013-02-14','Activo',0.00,41188,1),('115950689','MAX084-I13-010','2013-02-18','Activo',0.00,40847,1),('115950718','MAX085-III13-05','2013-11-28','Activo',0.00,90038,1),('115950718','QUY414-II13-01','2013-07-31','Activo',0.00,51965,1),('115950843','QUY516-I14-04','2014-02-19','Activo',0.00,40080,1),('115960091','MAX084-I13-010','2013-02-19','Activo',0.00,40830,1),('115960329','MAY436-I13-01','2013-02-20','Activo',0.00,42954,1),('115960329','QUD400-I13-01','2013-02-20','Activo',0.00,42904,1),('115960329','QUD401-II13-01','2013-08-01','Activo',0.00,52373,1),('115960503','MAX084-I13-07','2013-02-14','Activo',0.00,40846,1),('115960503','MAX084-II13-019','2013-09-12','Activo',0.00,50725,1),('115960503','QUX102-III13-05','2013-12-16','Activo',0.00,9003,2),('115960503','QUX103-I13-01','2013-02-19','Activo',0.00,42344,1),('115960702','MAX084-I13-012','2013-03-13','Activo',0.00,40820,1),('115960702','MAX085-II13-03','2013-08-01','Activo',0.00,50756,1),('115960702','QUX103-I13-03','2013-02-21','Activo',0.00,42344,1),('115960702','QUX104-II13-02','2013-07-22','Activo',0.00,51350,1),('115960792','QUX101-I13-02','2013-02-26','Activo',0.00,42584,1),('115970020','MAX084-I13-04','2013-04-08','Activo',0.00,40837,1),('115970182','MAX084-I13-06','2013-02-14','Activo',0.00,40843,1),('115970182','MAX084-II13-014','2013-07-23','Activo',0.00,50746,1),('115970182','QUX104-II13-04','2013-07-23','Activo',0.00,50839,1),('115970489','MAY230-I13-03','2013-02-18','Activo',0.00,40530,1),('115970576','MAY441-I14-05','2014-02-24','Activo',0.00,40532,1),('115970895','MAY230-I13-01','2013-02-18','Activo',0.00,40884,1),('115980042','LIX411-II13-06','2013-07-23','Activo',0.00,50440,1),('115980118','MAY453-I13-01','2013-02-14','Activo',0.00,42956,1),('115980449','MAX084-I14-025','2014-02-11','Activo',0.00,40440,1),('115980449','QUX103-I14-04','2014-03-10','Activo',0.00,40010,1),('115980831','MAY441-I14-04','2014-02-18','Activo',0.00,40539,1),('115980860','MAX084-I14-025','2014-02-13','Activo',0.00,40434,1),('115980860','QUX101-I14-07','2014-02-13','Activo',0.00,40025,1),('115980954','QUY516-II13-01','2013-08-19','Activo',0.00,50536,1),('115990115','MAX084-I14-031','2014-03-21','Activo',0.00,40443,1),('115990115','QUX101-I14-07','2014-03-21','Activo',0.00,40034,1),('115990142','LIX410-I13-03','2013-02-19','Activo',0.00,42185,1),('115990319','MAY436-I13-02','2013-02-14','Activo',0.00,42626,1),('115990376','MCC408-I14-01','2014-03-19','Activo',0.00,40737,1),('115990458','EIF200-I14-011','2014-04-28','Activo',0.00,40414,1),('115990458','MAY230-I14-010','2014-02-24','Activo',0.00,40503,1),('115990676','QUX102-II13-01','2013-08-14','Activo',0.00,51359,1),('116000002','EIF200-I13-01','2013-03-13','Activo',0.00,41875,1),('116000002','MAY230-I13-06','2013-03-14','Activo',0.00,40895,1),('116000094','MAX084-I14-030','2014-03-12','Activo',0.00,40432,1),('116000096','MCC401-I14-01','2014-02-20','Activo',0.00,40693,1),('116000340','SPJ202-I13-01','2013-04-08','Activo',0.00,42164,1),('116000525','QUX103-I14-07','2014-02-26','Activo',0.00,40014,1),('116000642','MAX084-I14-029','2014-02-12','Activo',0.00,40449,1),('116000696','QUD401-II13-01','2013-08-01','Activo',0.00,52373,1),('116000696','QUD402-I14-01','2014-02-19','Activo',0.00,40358,1),('116000730','LIX410-I14-014','2014-02-18','Activo',0.00,41390,1),('116000730','MAX084-I13-010','2013-02-19','Activo',0.00,40847,1),('116000970','MAY441-I13-01','2013-02-19','Activo',0.00,41906,1),('116005','LIX410-II13-08','2013-07-23','Activo',0.00,52948,1),('116010019','MAX084-I13-09','2013-02-15','Activo',0.00,40846,1),('116010019','MAX085-II13-03','2013-08-01','Activo',0.00,50756,1),('116010019','QUX103-I13-01','2013-02-20','Activo',0.00,42344,1),('116010019','QUX104-II13-02','2013-07-22','Activo',0.00,51350,1),('116010070','MAX084-I14-033','2014-02-18','Activo',0.00,40627,1),('116010152','MAY445-II13-02','2013-08-14','Activo',0.00,50813,1),('116010205','MAB300-I13-01','2013-02-14','Activo',0.00,40416,1),('116010205','MAB304-I13-01','2013-02-20','Activo',0.00,400416,1),('116010236','MAY440-I13-02','2013-03-08','Activo',0.00,42859,1),('116010303','MAY436-I13-01','2013-02-25','Activo',0.00,42954,1),('116010303','QUD400-I13-01','2013-02-26','Activo',0.00,42904,1),('116010303','QUD400-I14-02','2014-02-24','Activo',0.00,40353,1),('116010345','MAX084-I14-024','2014-02-17','Activo',0.00,40449,1),('116010345','QUX101-I14-08','2014-02-17','Activo',0.00,40026,1),('116010405','MAY441-I13-02','2013-02-25','Activo',0.00,41906,1),('116010405','MAY441-II13-03','2013-09-05','Activo',0.00,51756,1),('116010440','MAY452-I14-03','2014-02-28','Activo',0.00,40457,1),('116010914','MAX084-I13-08','2013-02-15','Activo',0.00,40847,1),('116010914','QUY414-II13-02','2013-08-01','Activo',0.00,51965,1),('116020204','MCC408-I14-01','2014-03-19','Activo',0.00,40737,1),('116020612','QUX103-I13-03','2013-03-08','Activo',0.00,42339,1),('116020612','QUX104-II13-02','2013-07-22','Activo',0.00,51352,1),('116030303','MAX084-I14-027','2014-02-11','Activo',0.00,40441,1),('116030616','MAX084-I14-035','2014-02-24','Activo',0.00,40433,1),('116040045','EIF200-I13-03','2013-03-06','Activo',0.00,41833,1),('116040045','MAY230-I13-05','2013-02-19','Activo',0.00,40884,1),('116040045','MAY231-II13-01','2013-07-23','Activo',0.00,50792,1),('116040135','EIF200-II13-07','2013-08-19','Activo',0.00,50254,1),('116040144','EIF200-I13-05','2013-03-01','Activo',0.00,41164,1),('116040144','EIF201-III13-06','2013-12-11','Activo',0.00,90020,1),('116040144','MAY230-I13-04','2013-02-15','Activo',0.00,40880,1),('116040144','MAY230-II13-08','2013-07-22','Activo',0.00,50785,1),('116040259','MAX084-I13-012','2013-02-28','Activo',0.00,40846,1),('116040259','MAX084-II13-019','2013-07-23','Activo',0.00,50723,1),('116040259','QUX103-I13-01','2013-02-28','Activo',0.00,42344,1),('116040323','EIF200-I14-010','2014-05-12','Activo',0.00,41108,1),('116040710','EIF200-I13-04','2013-03-21','Activo',0.00,41058,1),('116040710','MAY230-I13-04','2013-02-19','Activo',0.00,40884,1),('116040710','MAY231-II13-02','2013-08-07','Activo',0.00,50795,1),('116040710','MAY231-II13-03','2013-08-08','Activo',0.00,50795,1),('116040722','MAY452-II13-02','2013-08-06','Activo',0.00,50811,1),('116050021','MAY230-I13-04','2013-04-01','Activo',0.00,40890,1),('116050073','EIF200-I13-05','2013-03-07','Activo',0.00,41875,1),('116050073','EIF201-II13-02','2013-08-19','Activo',0.00,50265,1),('116050073','MAY230-I13-05','2013-02-19','Activo',0.00,40902,1),('116050102','MAX084-I13-011','2013-02-26','Activo',0.00,40340,1),('116050193','MAX084-I14-026','2014-02-12','Activo',0.00,40435,1),('116050427','MAY441-I13-02','2013-02-18','Activo',0.00,41930,1),('116050859','MAY230-I13-05','2013-04-03','Activo',0.00,40902,1),('116060002','MAX084-I14-028','2014-02-12','Activo',0.00,40437,1),('116060343','MAY452-I14-04','2014-03-04','Activo',0.00,40457,1),('116060373','MAX084-II13-019','2013-07-23','Activo',0.00,50737,1),('116060474','MAX084-I14-025','2014-02-11','Activo',0.00,40440,1),('116060623','FIX 410-I14-04','2014-02-24','Activo',0.00,42311,1),('116060623','QUD400-I13-01','2013-02-25','Activo',0.00,42904,1),('116060735','MAY452-I14-04','2014-03-04','Activo',0.00,40457,1),('116060785','LIX410-I14-014','2014-02-18','Activo',0.00,41390,1),('116060816','MAY230-I13-04','2013-04-24','Activo',0.00,40884,1),('116060948','MAX084-I14-031','2014-03-26','Activo',0.00,40434,1),('116070134','QUC450-I13-02','2013-02-20','Activo',0.00,41908,1),('116070173','EIF200-II13-08','2013-08-19','Activo',0.00,50262,1),('116070188','MAX084-I13-07','2013-02-18','Activo',0.00,40845,1),('116070188','QUX101-I13-02','2013-03-01','Activo',0.00,42375,1),('116070330','MAX084-I14-026','2014-02-12','Activo',0.00,40084,1),('116070338','MAX084-I13-011','2013-02-21','Activo',0.00,40846,1),('116070338','QUX103-I13-01','2013-02-21','Activo',0.00,42344,1),('116070385','MAX085-III13-05','2013-11-29','Activo',0.00,90037,1),('116070659','QUX101-I13-01','2013-05-06','Activo',0.00,42493,1),('116070767','MAX085-III13-05','2013-11-29','Activo',0.00,90038,1),('116070767','QUY414-II13-01','2013-08-01','Activo',0.00,51965,1),('116070822','SPJ202-I13-01','2013-03-13','Activo',0.00,42164,1),('116070964','EIF204-I14-02','2014-04-28','Activo',0.00,41916,1),('116070969','EIF200-I13-02','2013-04-01','Activo',0.00,41164,1),('116070969','EIF201-II13-01','2013-08-19','Activo',0.00,50269,1),('116070969','MAY230-I13-02','2013-02-15','Activo',0.00,40886,1),('116070969','MAY231-II13-04','2013-08-08','Activo',0.00,50791,1),('116080023','EIF200-I13-05','2013-03-06','Activo',0.00,41164,1),('116080097','QUY516-II13-01','2013-07-26','Activo',0.00,50536,1),('116080208','MAY230-I13-04','2013-02-19','Activo',0.00,40888,1),('116080880','EIF200-I14-013','2014-05-05','Activo',0.00,41014,1),('116080887','MAX084-I14-027','2014-02-11','Activo',0.00,40441,1),('116090040','MAX084-I13-06','2013-02-20','Activo',0.00,40842,1),('116090082','MAY440-I13-01','2013-02-14','Activo',0.00,42860,1),('116090199','SPJ202-I13-01','2013-03-11','Activo',0.00,42164,1),('116090456','MAB304-I13-01','2013-03-06','Activo',0.00,40426,1),('116090583','QUY516-I14-04','2014-02-18','Activo',0.00,40080,1),('116090851','MAY441-I14-05','2014-02-24','Activo',0.00,40532,1),('116090949','MAB300-I13-01','2013-02-14','Activo',0.00,40416,1),('116090949','MAB304-I13-01','2013-02-19','Activo',0.00,40416,1),('116090994','MAX084-I14-034','2014-02-20','Activo',0.00,40450,1),('116100151','MAX084-I14-025','2014-02-13','Activo',0.00,40434,1),('116100151','QUX101-I14-07','2014-02-13','Activo',0.00,40025,1),('116100495','LIX410-I14-011','2014-02-12','Activo',0.00,41382,1),('116100495','MAX084-I14-028','2014-02-12','Activo',0.00,40428,1),('116110139','MAY452-II13-02','2013-08-01','Activo',0.00,50811,1),('116110201','MAY440-I14-04','2014-02-11','Activo',0.00,40558,1),('116110206','MAX084-I14-034','2014-02-19','Activo',0.00,40446,1),('116110206','QUX103-I14-05','2014-02-19','Activo',0.00,40015,1),('116110853','MAX084-I13-07','2013-02-18','Activo',0.00,40847,1),('116110921','MAY445-II13-03','2013-08-14','Activo',0.00,50812,1),('116110963','MAX084-I13-012','2013-04-01','Activo',0.00,40838,1),('116110963','MAX084-II13-015','2013-08-01','Activo',0.00,50723,1),('116120245','QU406-I14-01','2014-02-14','Activo',0.00,4006,1),('116120245','QUC400-I13-02','2013-02-21','Activo',0.00,41852,1),('116120245','QUC402-II13-01','2013-08-16','Activo',0.00,50517,1),('116120245','QUC403-II13-02','2013-07-29','Activo',0.00,50499,1),('116120245','QUC404-II13-02','2013-07-23','Activo',0.00,50486,1),('116120364','MAY452-I14-04','2014-03-04','Activo',0.00,40457,1),('116120534','MAX084-II13-019','2013-07-29','Activo',0.00,50734,2),('116120618','MAY230-I14-09','2014-02-17','Activo',0.00,40490,1),('116120748','MAY230-I14-010','2014-02-13','Activo',0.00,40507,1),('116120974','MAX084-I13-06','2013-02-15','Activo',0.00,40842,1),('116130203','EIF201-II13-03','2013-08-29','Activo',0.00,50274,1),('116130203','EIF204-I14-02','2014-04-28','Activo',0.00,41915,1),('116130203','MAY230-I13-01','2013-02-19','Activo',0.00,40886,1),('116130589','MAX084-I13-07','2013-02-15','Activo',0.00,40839,1),('116130589','MAX085-I14-07','2014-03-03','Activo',0.00,40452,1),('116130589','QUX101-II13-07','2013-08-29','Activo',0.00,51953,1),('116130604','MAX084-I14-028','2014-02-12','Activo',0.00,40447,1),('116130628','QUD402-I14-01','2014-03-10','Activo',0.00,40358,1),('116130666','MAY441-II13-03','2013-07-23','Activo',0.00,51756,1),('116130962','MAX084-II13-014','2013-07-29','Activo',0.00,50744,1),('116140104','MAX084-I14-033','2014-02-18','Activo',0.00,40441,1),('116140317','MAY230-I13-04','2013-04-17','Activo',0.00,41178,1),('116140317','MAY231-II13-01','2013-08-22','Activo',0.00,50792,1),('116140580','MAY230-I14-012','2014-02-24','Activo',0.00,40492,1),('116140989','EIF204-I14-01','2014-04-28','Activo',0.00,41916,1),('116140989','MAY230-I13-05','2013-04-02','Activo',0.00,40903,1),('116150045','MAX084-I14-024','2014-05-05','Activo',0.00,40428,1),('116150174','QUY414-II13-01','2013-08-01','Activo',0.00,51965,1),('116150414','MAX084-I14-028','2014-02-12','Activo',0.00,40445,1),('116150548','MAX084-I14-035','2014-02-24','Activo',0.00,40449,1),('116160525','MAY432-II13-03','2013-08-20','Activo',0.00,9411,1),('116160532','EIF200-I14-012','2014-04-28','Activo',0.00,40981,1),('116160617','QUC450-I13-02','2013-02-20','Activo',0.00,41908,1),('116160662','LIX410-I13-04','2013-02-15','Activo',0.00,41181,1),('116160975','MAX084-II13-016','2013-08-01','Activo',0.00,50729,1),('116170328','MAX084-I13-09','2013-02-15','Activo',0.00,40857,1),('116170525','MAY441-I13-01','2013-02-19','Activo',0.00,41937,1),('116170525','MAY441-II13-03','2013-09-05','Activo',0.00,51756,1),('116180023','MAX084-I14-031','2014-02-14','Activo',0.00,40445,1),('116180023','QUX103-I14-04','2014-02-14','Activo',0.00,40013,1),('116180090','MAX084-I14-035','2014-02-21','Activo',0.00,40449,1),('116180157','MAY432-II13-03','2013-08-22','Activo',0.00,51759,1),('116180158','EIF200-I13-03','2013-04-15','Activo',0.00,41172,1),('116180158','EIF201-II13-03','2013-08-29','Activo',0.00,50274,1),('116180158','EIF204-I14-01','2014-04-28','Activo',0.00,41915,1),('116180158','MAY230-I13-02','2013-02-14','Activo',0.00,40903,1),('116180158','MAY231-II13-04','2013-08-08','Activo',0.00,50791,1),('116180357','MAX084-I14-036','2014-02-24','Activo',0.00,40437,1),('116180937','QUX103-I14-07','2014-03-04','Activo',0.00,40010,1),('116190083','MAY436-I13-01','2013-02-26','Activo',0.00,42627,1),('116190083','QUC450-I13-01','2013-02-26','Activo',0.00,41832,1),('116190205','MAX084-I14-030','2014-02-11','Activo',0.00,40449,1),('116190391','MAY452-I13-01','2013-04-08','Activo',0.00,45202,1),('116190391','MAY452-II13-02','2013-08-06','Activo',0.00,50811,1),('116190555','MAX084-I13-09','2013-02-19','Activo',0.00,40853,1),('116190695','FIY-410-01-I14-02','2014-02-24','Activo',0.00,42227,1),('116190725','MAY230-I13-06','2013-03-08','Activo',0.00,40895,1),('116190725','MAY230-II13-08','2013-07-22','Activo',0.00,50785,1),('116190914','QUY515-I13-01','2013-02-27','Activo',0.00,42509,1),('116190914','QUY516-II13-01','2013-07-26','Activo',0.00,50536,1),('116192','MAY432-II13-03','2013-07-31','Activo',0.00,51766,1),('116192','MAY441-I13-02','2013-02-21','Activo',0.00,41916,1),('116200071','MAY441-I13-01','2013-02-19','Activo',0.00,41906,1),('116200200','MAY230-I14-011','2014-02-11','Activo',0.00,40490,1),('116200241','LIX411-II13-06','2013-08-09','Activo',0.00,52286,1),('116200453','MAY441-I14-05','2014-02-13','Activo',0.00,40535,1),('116200501','MAY436-I14-03','2014-02-21','Activo',0.00,40521,1),('116200501','QUD400-I14-02','2014-02-13','Activo',0.00,40353,1),('116200600','QUX103-I14-07','2014-02-25','Activo',0.00,40015,1),('116200743','MAX084-I13-05','2013-02-14','Activo',0.00,40845,1),('116210310','MAX084-I14-036','2014-02-24','Activo',0.00,40436,1),('116210312','FIX 410-I14-03','2014-02-24','Activo',0.00,42311,1),('116210312','FIX 410-II13-01','2013-07-24','Activo',0.00,51832,1),('116210312','MAY436-I13-01','2013-02-20','Activo',0.00,42954,1),('116210312','QUD400-I13-01','2013-02-20','Activo',0.00,42904,1),('116210312','QUD401-II13-01','2013-08-01','Activo',0.00,52373,1),('116210312','QUD402-I14-01','2014-02-17','Activo',0.00,40358,1),('116210329','EIF201-II13-03','2013-09-19','Activo',0.00,50274,1),('116210329','MAY230-I13-04','2013-02-14','Activo',0.00,40888,1),('116210329','MAY231-II13-02','2013-07-26','Activo',0.00,50792,1),('116210469','ECY415-II13-01','2013-10-03','Activo',0.00,51594,1),('116210602','MAY436-I13-02','2013-02-20','Activo',0.00,42627,1),('116210602','MAY437-II13-02','2013-08-08','Activo',0.00,50807,1),('116210650','EIF200-I13-05','2013-03-04','Activo',0.00,41875,1),('116210650','EIF200-II13-09','2013-08-29','Activo',0.00,50254,1),('116210650','MAY230-I13-02','2013-02-20','Activo',0.00,40880,1),('116210650','MAY230-II13-08','2013-07-22','Activo',0.00,50789,1),('116210926','MAY436-I13-02','2013-02-14','Activo',0.00,42954,1),('116220841','MAX084-I14-031','2014-02-11','Activo',0.00,40435,1),('116220866','SPJ202-I13-01','2013-03-11','Activo',0.00,42164,1),('116220887','MAY452-I13-01','2013-02-22','Activo',0.00,42919,1),('116220919','MAX084-I14-028','2014-02-12','Activo',0.00,40449,1),('116220919','QUX101-I14-07','2014-02-19','Activo',0.00,40026,1),('116230113','SPJ202-I13-02','2013-03-20','Activo',0.00,41101,1),('116230188','EIF200-I14-012','2014-04-28','Activo',0.00,40981,1),('116230188','MAY230-I14-011','2014-02-11','Activo',0.00,40503,1),('116230228','MAY441-I13-01','2013-02-19','Activo',0.00,41930,1),('116230522','SPJ202-I13-01','2013-03-04','Activo',0.00,42164,1),('116230833','EIF200-II13-08','2013-08-29','Activo',0.00,50262,1),('116230833','LIX411-II13-06','2013-09-05','Activo',0.00,51210,1),('116230833','MAY230-II13-07','2013-07-22','Activo',0.00,50785,1),('116240217','EIF200-I13-05','2013-03-12','Activo',0.00,41164,1),('116240217','MAY230-I13-02','2013-02-26','Activo',0.00,40895,1),('116240341','QUX101-I13-02','2013-02-21','Activo',0.00,42584,1),('116240357','MAY230-I14-010','2014-02-18','Activo',0.00,40489,1),('116240632','QUY516-I14-04','2014-02-18','Activo',0.00,40080,1),('116240837','MAX084-I14-029','2014-02-12','Activo',0.00,40445,1),('116250176','EIF200-I14-010','2014-04-28','Activo',0.00,40411,1),('116250182','SPJ202-I13-01','2013-03-11','Activo',0.00,42164,1),('116250647','LIX410-I13-03','2013-02-26','Activo',0.00,41177,1),('116250647','LIX411-II13-06','2013-09-25','Activo',0.00,50440,1),('116250707','MAX084-I14-030','2014-02-11','Activo',0.00,40428,1),('116250785','EIF200-I14-012','2014-04-28','Activo',0.00,40120,1),('116250788','MAX084-I14-036','2014-02-25','Activo',0.00,40440,1),('116250788','QUX103-I14-06','2014-02-25','Activo',0.00,40010,1),('116260377','QUX103-I14-04','2014-02-21','Activo',0.00,40353,1),('116260861','QUX104-II13-02','2013-07-24','Activo',0.00,51352,1),('116260955','LIX410-I14-012','2014-02-13','Activo',0.00,40386,1),('116270140','MAX084-I14-034','2014-02-21','Activo',0.00,404046,1),('116270231','QUD401-II13-01','2013-08-01','Activo',0.00,52373,1),('116270231','QUD402-I14-01','2014-02-19','Activo',0.00,40358,1),('116270635','LIX101-I14-02','2014-02-13','Activo',0.00,41226,1),('116270635','MAB304-I14-02','2014-02-13','Activo',0.00,43167,1),('116270782','MAX084-I14-024','2014-02-11','Activo',0.00,40435,1),('116270830','MAY230-I14-014','2014-02-12','Activo',0.00,40493,1),('116270896','MCC401-I14-01','2014-02-24','Activo',0.00,40693,1),('116280503','MAY441-I14-05','2014-02-20','Activo',0.00,40532,1),('116280554','LIX410-I14-013','2014-02-14','Activo',0.00,41389,1),('116280554','MAY440-I14-04','2014-02-14','Activo',0.00,40555,1),('116280859','MAX084-I14-028','2014-02-12','Activo',0.00,40428,1),('116290351','MAX084-I14-024','2014-02-12','Activo',0.00,40435,1),('116300027','MAB304-I14-03','2014-02-26','Activo',0.00,40472,1),('116300384','MAB304-I14-03','2014-02-24','Activo',0.00,40471,1),('116300393','EIF200-I14-011','2014-04-28','Activo',0.00,40414,1),('116300415','EIF200-I14-013','2014-04-28','Activo',0.00,41020,1),('116300416','EIF200-I14-013','2014-04-28','Activo',0.00,41020,1),('116300491','MAX084-I14-025','2014-02-20','Activo',0.00,40430,1),('116300491','QUX103-I14-06','2014-02-14','Activo',0.00,40430,1),('116300491','QUX103-I14-07','2014-02-21','Activo',0.00,40014,1),('116300940','MAX084-I14-026','2014-02-11','Activo',0.00,40435,1),('116310252','EIF200-I14-011','2014-04-28','Activo',0.00,40414,1),('116310708','MAY232-I13-01','2013-02-18','Activo',0.00,40910,1),('116320003','MAX084-I14-024','2014-02-12','Activo',0.00,40428,1),('116320323','EIF200-I14-010','2014-04-28','Activo',0.00,41014,1),('116320337','MAX084-I14-030','2014-02-11','Activo',0.00,40449,1),('116320337','QUX101-I14-08','2014-02-18','Activo',0.00,40025,1),('116320402','MAB300-I14-02','2014-02-11','Activo',0.00,40467,1),('116320402','MAB304-I14-03','2014-02-28','Activo',0.00,40471,1),('116320756','MAX084-I14-025','2014-02-11','Activo',0.00,40436,1),('116330379','MAX084-I14-035','2014-02-24','Activo',0.00,40432,1),('116330698','MAY230-I14-010','2014-02-14','Activo',0.00,40507,1),('116330865','EIF200-I14-011','2014-04-28','Activo',0.00,40414,1),('116330915','MAY436-I13-01','2013-02-20','Activo',0.00,42954,1),('116330915','QUD400-I13-01','2013-02-20','Activo',0.00,42904,1),('116330915','QUD400-I14-02','2014-03-03','Activo',0.00,40353,1),('116340084','MAX084-I14-029','2014-02-11','Activo',0.00,40446,1),('116340300','QUY516-I14-04','2014-02-18','Activo',0.00,40080,1),('116340775','MAB304-I14-02','2014-02-12','Activo',0.00,40471,1),('116340814','EIF200-I14-012','2014-04-28','Activo',0.00,41020,1),('116340814','MAY230-I14-011','2014-02-18','Activo',0.00,40503,1),('116340903','MAX084-I14-029','2014-02-12','Activo',0.00,40439,1),('116340968','MAY230-I13-05','2013-04-30','Activo',0.00,40895,1),('116350565','EIF200-I14-013','2014-04-28','Activo',0.00,40981,1),('116350834','MAX084-I14-035','2014-02-24','Activo',0.00,40445,1),('116380210','MAX084-I14-033','2014-02-18','Activo',0.00,40434,1),('116380210','QUX101-I14-08','2014-02-13','Activo',0.00,40025,1),('116380339','MAB304-I14-03','2014-02-20','Activo',0.00,40472,1),('116390089','MAX084-I14-033','2014-04-04','Activo',0.00,40433,1),('116390089','QUX103-I14-05','2014-04-04','Activo',0.00,4003,1),('116390466','MAY230-I14-09','2014-02-12','Activo',0.00,41610,1),('116390504','MAX084-I14-029','2014-02-11','Activo',0.00,40434,1),('116390735','EIF200-I14-010','2014-04-28','Activo',0.00,41017,1),('116390735','MAY230-I14-011','2014-02-18','Activo',0.00,40488,1),('116390808','MAY452-I14-03','2014-02-28','Activo',0.00,40457,1),('116400359','EIF200-I14-011','2014-04-28','Activo',0.00,41108,1),('116400359','MAY230-I14-09','2014-02-14','Activo',0.00,40488,1),('116400383','MAB304-I14-02','2014-02-13','Activo',0.00,40472,1),('116400513','MAX084-I14-032','2014-02-14','Activo',0.00,40443,1),('116400513','QUX101-I14-07','2014-02-14','Activo',0.00,40025,1),('116400917','MAY230-I14-014','2014-02-13','Activo',0.00,40490,1),('116400928','QUY516-I14-04','2014-02-18','Activo',0.00,40080,1),('116410073','EIF200-I14-012','2014-04-28','Activo',0.00,40120,1),('116410073','MAY230-I14-012','2014-02-21','Activo',0.00,40503,1),('116410229','MAY441-I14-05','2014-02-11','Activo',0.00,40535,1),('116410359','MAX084-I14-030','2014-02-11','Activo',0.00,40437,1),('116410491','QUX103-I14-05','2014-02-19','Activo',0.00,40013,1),('116420146','MAB304-I14-02','2014-02-11','Activo',0.00,40471,1),('116420458','MAX084-I14-025','2014-02-11','Activo',0.00,40437,1),('116440018','EIF200-I14-012','2014-04-28','Activo',0.00,40981,1),('116440018','MAY230-I14-011','2014-02-11','Activo',0.00,40503,1),('116440097','MAY452-I14-04','2014-03-04','Activo',0.00,40457,1),('116440109','QUX103-I14-06','2014-02-17','Activo',0.00,40014,1),('116440310','EIF200-I14-010','2014-04-28','Activo',0.00,40411,1),('116440310','MAY230-I14-012','2014-02-17','Activo',0.00,40507,1),('116440453','MAX085-I14-06','2014-04-01','Activo',0.00,40521,1),('116440758','MAY230-I14-014','2014-02-13','Activo',0.00,40488,1),('116450177','MAX084-I14-032','2014-02-14','Activo',0.00,40433,1),('116450469','MAY230-I14-014','2014-02-14','Activo',0.00,40488,1),('116460199','MAY440-I14-04','2014-02-12','Activo',0.00,40558,1),('116470076','MAB304-I14-03','2014-02-20','Activo',0.00,40471,1),('116470286','MAX085-I14-06','2014-02-18','Activo',0.00,40521,1),('116470286','MAY436-I14-03','2014-02-14','Activo',0.00,40521,1),('116470286','QUD400-I14-02','2014-02-14','Activo',0.00,40353,1),('116470411','MAY436-I14-03','2014-02-21','Activo',0.00,40521,1),('116470664','MAX085-I14-07','2014-05-05','Activo',0.00,40521,1),('116470768','EIF200-I14-011','2014-04-28','Activo',0.00,40414,1),('116480200','MAX084-I14-029','2014-02-13','Activo',0.00,40434,1),('116480569','MAX084-I14-031','2014-02-11','Activo',0.00,40446,1),('116490429','MAY230-I14-014','2014-02-12','Activo',0.00,40507,1),('116490515','MAY230-I14-011','2014-02-11','Activo',0.00,40493,1),('116490706','LIX410-I14-012','2014-02-13','Activo',0.00,41391,1),('116490706','MAY441-I14-05','2014-02-13','Activo',0.00,40540,1),('116490773','MAX084-I14-032','2014-02-13','Activo',0.00,40447,1),('116500066','MAB304-I14-02','2014-02-13','Activo',0.00,40471,1),('116510134','MAX084-I14-035','2014-02-24','Activo',0.00,40433,1),('116510857','EIF200-I14-012','2014-04-28','Activo',0.00,41020,1),('116520228','MAX084-I14-035','2014-02-24','Activo',0.00,40437,1),('116520876','MAX084-I14-028','2014-02-12','Activo',0.00,40434,1),('116530404','EIF200-I14-012','2014-04-28','Activo',0.00,41020,1),('116530500','MAY436-I14-03','2014-02-21','Activo',0.00,40521,1),('116530500','QUD400-I14-02','2014-02-24','Activo',0.00,40353,1),('116530532','MAX084-I14-034','2014-02-19','Activo',0.00,40437,1),('116530738','MAX084-I14-025','2014-02-11','Activo',0.00,40430,1),('116540227','MAY230-I14-012','2014-02-17','Activo',0.00,40504,1),('116540507','MAX084-I14-023','2014-02-11','Activo',0.00,40441,1),('116540922','EIF200-I14-010','2014-04-28','Activo',0.00,41014,1),('116550095','EIF200-I14-012','2014-04-28','Activo',0.00,40981,1),('116550177','MAX084-I14-029','2014-02-11','Activo',0.00,40434,1),('116550840','MAX084-I14-034','2014-02-20','Activo',0.00,40445,1),('116550904','MAX084-I14-028','2014-02-13','Activo',0.00,40430,1),('116550922','MAY441-I14-04','2014-02-11','Activo',0.00,40539,1),('116570851','MAB304-I14-03','2014-02-25','Activo',0.00,40472,1),('116570886','EIF200-I14-012','2014-04-28','Activo',0.00,41019,1),('116570969','MAX084-I14-026','2014-02-11','Activo',0.00,40437,1),('116590375','MAX085-I14-07','2014-03-19','Activo',0.00,40521,1),('116590375','QUD400-I14-02','2014-03-19','Activo',0.00,40353,1),('116590447','EIF200-I14-013','2014-04-28','Activo',0.00,40981,1),('116610357','MAY230-I14-012','2014-02-24','Activo',0.00,40493,1),('116650796','MAY436-I14-03','2014-02-21','Activo',0.00,40521,1),('116650796','QUX103-I14-04','2014-02-21','Activo',0.00,40353,1),('116680978','EIF200-I14-012','2014-04-28','Activo',0.00,40981,1),('116960010','MAX084-I14-026','2014-02-12','Activo',0.00,40445,1),('118360722','QUC400-I13-02','2013-03-01','Activo',0.00,41852,1),('118360722','QUC404-II13-03','2013-07-29','Activo',0.00,50486,1),('118582','MAX084-I13-012','2013-03-21','Activo',0.00,40826,1),('118659','EIF200-I13-01','2013-03-12','Activo',0.00,41164,1),('118659','MAY230-I13-02','2013-02-26','Activo',0.00,40898,1),('118844','MAY445-II13-03','2013-08-20','Activo',0.00,20812,1),('119143','MAY436-I13-01','2013-02-14','Activo',0.00,42954,1),('119143','QUD400-I13-01','2013-02-20','Activo',0.00,42904,1),('119150','LIX410-I13-04','2013-02-18','Activo',0.00,41182,1),('119150','MAY441-I13-01','2013-02-21','Activo',0.00,41925,1),('119310002','EIF200-I14-012','2014-04-28','Activo',0.00,41019,1),('119592','MAY441-I14-05','2014-03-27','Activo',0.00,43111,1),('119993','LIX410-I14-011','2014-02-12','Activo',0.00,41392,1),('120440517','MAY436-I13-02','2013-02-14','Activo',0.00,42528,1),('120464','LIX410-I14-011','2014-02-12','Activo',0.00,41391,1),('120494','MAX084-I13-011','2013-02-19','Activo',0.00,40857,1),('120500','MAX084-I13-012','2013-03-11','Activo',0.00,40845,1),('120500','QUX101-I13-02','2013-03-11','Activo',0.00,40843,1),('120820','MAX084-I13-01','2013-02-15','Activo',0.00,40842,1),('120906','MAX084-II13-015','2013-07-24','Activo',0.00,50744,1),('121157','LIX410-I13-03','2013-02-20','Activo',0.00,41184,1),('121172','MAX085-II13-04','2013-07-23','Activo',0.00,50762,1),('121172','QUY414-II13-02','2013-07-31','Activo',0.00,51965,1),('121239','LIX410-I14-014','2014-02-18','Activo',0.00,41251,1),('121341','ECY415-II13-01','2013-09-19','Activo',0.00,51594,1),('121988','QUC450-I13-02','2013-02-20','Activo',0.00,41908,1),('122061','MAX084-II13-017','2013-07-23','Activo',0.00,50746,1),('122061','MAX085-I14-06','2014-02-21','Activo',0.00,40455,1),('122061','QUX101-II13-07','2013-09-02','Activo',0.00,51953,1),('122971','MAB300-I13-01','2013-02-14','Activo',0.00,40416,1),('122971','MAB300-I14-03','2014-03-14','Activo',0.00,40470,1),('122971','MAB304-I13-01','2013-02-19','Activo',0.00,40426,1),('122971','MAB304-I14-03','2014-03-25','Activo',0.00,43167,1),('124992','MAX084-I14-024','2014-02-12','Activo',0.00,40431,1),('124992','QUX101-I14-07','2014-02-12','Activo',0.00,40025,1),('125108','EIF200-I14-010','2014-04-28','Activo',0.00,41411,1),('125116','MAX084-I14-033','2014-02-18','Activo',0.00,40443,1),('125324','LIX410-I14-013','2014-02-25','Activo',0.00,41369,1),('125558','MAY230-I14-011','2014-02-11','Activo',0.00,40503,1),('126373','MAX084-I14-031','2014-02-12','Activo',0.00,40433,1),('126807','EIF200-I14-013','2014-04-28','Activo',0.00,411069,1),('127216','MAX084-I14-033','2014-02-21','Activo',0.00,40440,1),('127216','QUX103-I14-06','2014-03-04','Activo',0.00,40010,1),('127394','MAY230-I14-012','2014-03-04','Activo',0.00,40509,1),('127558','MAX084-I14-027','2014-02-27','Activo',0.00,40445,1),('127605','MAX084-I14-026','2014-02-11','Activo',0.00,40432,1),('127864','MAX084-I14-029','2014-02-12','Activo',0.00,40437,1),('128079','QUY516-I14-04','2014-02-18','Activo',0.00,40080,1),('155813748','QUC404-II13-03','2013-07-26','Activo',0.00,50531,1),('201730113','LIX410-I13-01','2013-02-14','Activo',0.00,41235,1),('205390169','MAB304-I14-02','2014-02-12','Activo',0.00,43167,1),('205770740','MAY442-II13-01','2013-09-27','Activo',0.00,50818,1),('205860973','MAY452-II13-02','2013-08-22','Activo',0.00,50811,1),('205950431','EIF200-II13-08','2013-08-19','Activo',0.00,50262,1),('205990722','MAX085-III13-05','2013-12-09','Activo',0.00,90037,1),('205990722','QUX101-II13-07','2013-08-26','Activo',0.00,51953,1),('206290587','FIX310-II13-01','2013-10-04','Activo',0.00,52986,1),('206300211','FIX310-I14-02','2014-02-21','Activo',0.00,42214,1),('206440622','FIX310-II13-01','2013-10-07','Activo',0.00,52986,1),('206440622','FIY31301-I14-02','2014-04-07','Activo',0.00,42569,1),('206440622','LIX410-II13-08','2013-08-09','Activo',0.00,50297,1),('206440622','QUX101-I13-01','2013-04-08','Activo',0.00,42375,1),('206440622','QUX102-II13-01','2013-09-13','Activo',0.00,51361,1),('206470688','LIX410-I13-04','2013-02-19','Activo',0.00,41191,1),('206470688','LIX410-II13-08','2013-07-23','Activo',0.00,50252,1),('206470688','MAY431-II13-01','2013-07-23','Activo',0.00,50816,1),('206540546','MCC408-I14-01','2014-03-19','Activo',0.00,40737,1),('206540917','LIX410-I14-012','2014-02-19','Activo',0.00,41244,1),('206590178','QUC400-I13-02','2013-02-28','Activo',0.00,41852,1),('206590178','QUC404-II13-02','2013-07-31','Activo',0.00,50486,1),('206590667','MAX084-II13-019','2013-08-13','Activo',0.00,50725,1),('206590667','MAX084-II13-020','2013-08-09','Activo',0.00,50725,1),('206610574','FIY411-II13-01','2013-08-21','Activo',0.00,51798,1),('206620103','MAX084-II13-018','2013-09-04','Activo',0.00,50742,1),('206620103','MAY230-II13-08','2013-09-04','Activo',0.00,50786,1),('206630126','MAX084-I13-011','2013-02-25','Activo',0.00,40849,1),('206630126','MAX084-II13-014','2013-07-23','Activo',0.00,50737,1),('206630126','QUX101-I13-03','2013-02-27','Activo',0.00,42584,1),('206630126','QUX104-II13-03','2013-07-23','Activo',0.00,50839,1),('206660150','MAX085-I13-02','2013-02-15','Activo',0.00,40864,1),('206660150','MAX085-II13-03','2013-07-30','Activo',0.00,50762,1),('206670098','FIX 410-I14-03','2014-02-25','Activo',0.00,42258,1),('206670921','LIX410-I13-05','2013-02-25','Activo',0.00,40560,1),('206690554','MAX084-I14-034','2014-02-26','Activo',0.00,40436,1),('206690554','MAX084-II13-016','2013-08-07','Activo',0.00,50744,1),('206690554','QUX101-I13-01','2013-02-20','Activo',0.00,42493,1),('206690554','QUX104-II13-04','2013-07-31','Activo',0.00,50837,1),('206690608','MAX084-I13-09','2013-02-14','Activo',0.00,40843,1),('206690962','MAX084-II13-017','2013-07-22','Activo',0.00,50732,1),('206690962','QUX102-II13-02','2013-08-14','Activo',0.00,51359,1),('206700463','MAX084-I13-03','2013-02-14','Activo',0.00,40826,1),('206700463','MAY445-II13-01','2013-07-23','Activo',0.00,50812,1),('206700463','MAY445-II13-03','2013-08-14','Activo',0.00,50812,1),('206710840','LIX410-I13-02','2013-03-05','Activo',0.00,40552,1),('206710840','LIX410-II13-08','2013-08-05','Activo',0.00,50277,1),('206720503','MAX084-I14-027','2014-02-11','Activo',0.00,40440,1),('206750698','QUX104-II13-02','2013-09-06','Activo',0.00,50837,1),('206770967','FIY-410-01-I14-02','2014-03-11','Activo',0.00,42229,1),('206780718','MCC408-I14-01','2014-03-19','Activo',0.00,40737,1),('206790299','AME404-I13-01','2013-02-20','Activo',0.00,40590,1),('206800892','MAY230-I13-03','2013-02-15','Activo',0.00,40904,1),('206810352','MAY433-II13-01','2013-08-27','Activo',0.00,51976,1),('206820308','QUC404-I14-04','2014-02-19','Activo',0.00,40151,1),('206820723','AME404-II13-02','2013-07-30','Activo',0.00,51223,1),('206840735','MAX084-I14-023','2014-02-11','Activo',0.00,40438,2),('206840735','QUX103-I13-03','2013-02-22','Activo',0.00,42344,1),('206840735','QUX104-II13-02','2013-07-22','Activo',0.00,51350,1),('206850253','FIX 410-I14-03','2014-03-03','Activo',0.00,42258,1),('206850253','MAY442-II13-01','2013-09-27','Activo',0.00,50818,1),('206850771','MAX085-II13-04','2013-08-13','Activo',0.00,50762,1),('206850800','QUC400-I13-02','2013-02-26','Activo',0.00,41852,1),('206850800','QUC404-II13-03','2013-07-29','Activo',0.00,50486,1),('206870150','MAY230-I14-012','2014-02-24','Activo',0.00,40504,1),('206870687','LIX410-II13-08','2013-07-26','Activo',0.00,50241,1),('206870687','MAX084-I13-02','2013-02-14','Activo',0.00,40837,1),('206870687','QUX102-II13-01','2013-08-14','Activo',0.00,51361,1),('206880362','QUX104-II13-02','2013-09-04','Activo',0.00,50837,1),('206890646','MAX085-I14-07','2014-02-18','Activo',0.00,40454,1),('206890646','MAX085-II13-04','2013-07-24','Activo',0.00,50762,1),('206890646','MAX085-III13-05','2013-12-11','Activo',0.00,90038,1),('206890646','QUY414-II13-02','2013-07-31','Activo',0.00,51965,1),('206890804','QU406-I14-01','2014-02-19','Activo',0.00,40064,1),('206890804','QUC400-I13-01','2013-02-21','Activo',0.00,41852,2),('206900075','QUX103-I13-02','2013-02-19','Activo',0.00,42344,1),('206900075','QUX104-II13-02','2013-07-23','Activo',0.00,51350,1),('206900311','LIX410-I13-06','2013-03-01','Activo',0.00,41180,1),('206900534','MAX084-I14-027','2014-02-11','Activo',0.00,40436,1),('206910221','AME404-II13-03','2013-07-29','Activo',0.00,51223,1),('206920002','FIX 410-I14-03','2014-02-20','Activo',0.00,42258,1),('206920129','EIF200-I14-013','2014-04-28','Activo',0.00,41106,1),('206920444','QUY516-II13-01','2013-08-05','Activo',0.00,50536,1),('206920460','LIX410-I13-05','2013-03-13','Activo',0.00,40560,1),('206920460','LIX410-II13-09','2013-08-05','Activo',0.00,52951,1),('206920712','QUX101-I14-07','2014-02-13','Activo',0.00,40013,1),('206930516','MAX085-I13-01','2013-02-14','Activo',0.00,40861,1),('206930516','MAX085-II13-04','2013-07-24','Activo',0.00,50762,1),('206930516','QUX102-II13-01','2013-08-14','Activo',0.00,51359,1),('206960396','MAX084-I14-027','2014-02-11','Activo',0.00,40440,1),('206970049','MCC408-I14-01','2014-03-19','Activo',0.00,40737,1),('206980266','MAY441-I13-01','2013-02-18','Activo',0.00,41916,1),('206980266','MAY441-I14-04','2014-02-24','Activo',0.00,43111,1),('206980619','LIX410-I13-06','2013-03-12','Activo',0.00,41184,1),('206990498','QUC400-I13-03','2013-03-14','Activo',0.00,41851,1),('206990901','FIX 410-II13-01','2013-07-26','Activo',0.00,51846,1),('206990901','MAY442-II13-01','2013-09-27','Activo',0.00,50818,1),('206990901','QUX101-I13-03','2013-02-25','Activo',0.00,42582,1),('207000054','MAX084-I13-08','2013-03-06','Activo',0.00,40848,1),('207000054','MAX084-II13-018','2013-07-26','Activo',0.00,50744,1),('207000054','QUX103-I13-01','2013-02-20','Activo',0.00,42577,1),('207010309','AME404-II13-03','2013-07-29','Activo',0.00,51223,1),('207010309','MAX085-I13-02','2013-02-18','Activo',0.00,40863,1),('207010309','MAY446-II13-01','2013-08-08','Activo',0.00,52870,1),('207020210','AME404-II13-03','2013-07-30','Activo',0.00,51223,1),('207020677','MAX084-I14-023','2014-03-24','Activo',0.00,40431,1),('207020744','FIX310-I14-02','2014-02-25','Activo',0.00,42410,1),('207020816','FIX 410-I14-03','2014-02-21','Activo',0.00,42258,3),('207030038','QUC404-I14-04','2014-02-19','Activo',0.00,40151,1),('207030038','QUC404-II13-03','2013-07-26','Activo',0.00,50510,1),('207030122','LIX410-I13-03','2013-02-14','Activo',0.00,41188,1),('207030122','LIX410-II13-09','2013-07-29','Activo',0.00,50243,1),('207030122','LIX411-I14-06','2014-02-17','Activo',0.00,42105,1),('207030296','AME404-II13-02','2013-07-31','Activo',0.00,51223,1),('207050163','MAB300-I13-01','2013-02-14','Activo',0.00,40416,1),('207060565','QU406-I14-01','2014-02-18','Activo',0.00,40064,1),('207060565','QUC400-I13-01','2013-02-21','Activo',0.00,41852,1),('207060565','QUC400-I14-05','2014-02-21','Activo',0.00,40044,1),('207060598','LIX410-I14-011','2014-02-12','Activo',0.00,41234,1),('207060598','MAX084-I14-027','2014-02-12','Activo',0.00,40446,1),('207070031','MAY433-II13-01','2013-08-20','Activo',0.00,51977,1),('207070442','MAX084-I13-05','2013-02-14','Activo',0.00,40848,1),('207080740','MAX084-I13-011','2013-02-25','Activo',0.00,40849,1),('207080740','QUX101-I13-03','2013-02-27','Activo',0.00,42584,1),('207080805','FIX 410-II13-01','2013-08-08','Activo',0.00,51846,1),('207080805','MAY442-II13-01','2013-09-27','Activo',0.00,50818,1),('207090394','QUC403-II13-03','2013-08-05','Activo',0.00,50503,1),('207090425','QUC400-I13-03','2013-04-26','Activo',0.00,41852,1),('207090565','LIX410-I14-011','2014-02-12','Activo',0.00,41391,1),('207090565','MAX084-I13-03','2013-02-14','Activo',0.00,40847,1),('207090776','MAY441-I13-02','2013-02-21','Activo',0.00,41930,1),('207090802','MAY231-II13-01','2013-07-23','Activo',0.00,50790,1),('207090955','MAX084-I13-06','2013-02-15','Activo',0.00,40847,1),('207100554','MAX084-I14-023','2014-02-11','Activo',0.00,40436,1),('207100569','LIX411-I13-01','2013-04-10','Activo',0.00,41250,1),('207110457','MAX084-I14-033','2014-02-18','Activo',0.00,40445,1),('207110630','LIX410-I13-07','2013-03-05','Activo',0.00,41183,1),('207110630','MAY440-I13-01','2013-02-20','Activo',0.00,42860,1),('207110814','MAX084-II13-014','2013-09-12','Activo',0.00,50750,1),('207110814','QUX101-II13-05','2013-07-22','Activo',0.00,51953,1),('207110814','QUX101-II13-07','2013-09-12','Activo',0.00,51953,1),('207110915','MAY433-II13-01','2013-08-13','Activo',0.00,51977,1),('207110929','LIX410-I14-013','2014-02-13','Activo',0.00,41383,1),('207120175','LIX410-I13-05','2013-02-25','Activo',0.00,40560,1),('207120873','FIX 410-I14-03','2014-02-20','Activo',0.00,42258,1),('207120992','QUX101-I13-02','2013-02-22','Activo',0.00,42582,1),('207130113','FIX 410-I14-04','2014-02-26','Activo',0.00,42311,1),('207130113','MAY431-II13-01','2013-10-04','Activo',0.00,50816,1),('207130113','MAY440-I13-01','2013-02-15','Activo',0.00,42856,1),('207130126','MAX084-I13-01','2013-02-14','Activo',0.00,40844,1),('207130126','MAX085-I14-06','2014-02-12','Activo',0.00,40453,1),('207130513','MAY431-II13-01','2013-07-23','Activo',0.00,50816,1),('207130532','MAX084-I14-027','2014-02-11','Activo',0.00,40443,1),('207130532','QUX103-I14-07','2014-02-21','Activo',0.00,40010,1),('207130726','MAX084-II13-019','2013-07-31','Activo',0.00,50730,1),('207130996','MAX085-II13-04','2013-07-23','Activo',0.00,50762,1),('207140344','MAY431-II13-01','2013-10-03','Activo',0.00,501817,1),('207140606','QUX101-I13-02','2013-02-22','Activo',0.00,42582,1),('207140784','MAY441-I14-05','2014-04-24','Activo',0.00,40535,1),('207150522','MAY231-II13-03','2013-08-13','Activo',0.00,50792,1),('207150554','FIY-410-01-I14-02','2014-02-25','Activo',0.00,42222,1),('207150554','MAX085-II13-04','2013-07-30','Activo',0.00,50772,1),('207160041','MAY230-I13-04','2013-04-24','Activo',0.00,40888,1),('207160041','MAY230-I14-011','2014-02-18','Activo',0.00,41990,1),('207160041','MAY230-I14-013','2014-02-11','Activo',0.00,41990,1),('207170373','MAY440-I13-01','2013-02-22','Activo',0.00,42860,1),('207170852','MAX084-I13-03','2013-02-20','Activo',0.00,40841,1),('207170852','MAY445-II13-01','2013-07-30','Activo',0.00,50813,1),('207170852','MAY445-II13-03','2013-08-14','Activo',0.00,50813,1),('207170853','MAY441-I13-01','2013-02-21','Activo',0.00,40099,1),('207180096','MAX084-I13-02','2013-02-14','Activo',0.00,40849,1),('207180096','MAX084-II13-014','2013-07-23','Activo',0.00,50746,1),('207180096','QUX101-I13-01','2013-02-20','Activo',0.00,42451,1),('207180096','QUX104-II13-04','2013-07-23','Activo',0.00,50839,1),('207180096','QUY516-III13-03','2013-12-11','Activo',0.00,90002,1),('207180272','MAY230-I13-03','2013-02-14','Activo',0.00,40894,1),('207180272','MAY231-II13-02','2013-07-30','Activo',0.00,50795,1),('207180440','MAY230-I14-010','2014-02-12','Activo',0.00,40507,1),('207190256','EIF201-II13-02','2013-08-19','Activo',0.00,50275,1),('207190256','EIF204-I14-01','2014-04-28','Activo',0.00,41917,1),('207190256','MAY230-I13-06','2013-03-19','Activo',0.00,40903,1),('207190256','MAY231-II13-01','2013-07-23','Activo',0.00,50790,1),('207190790','MAY230-I13-02','2013-02-19','Activo',0.00,40902,1),('207190802','MAY440-I13-02','2013-04-26','Activo',0.00,42861,1),('207190802','QUX101-I13-02','2013-04-26','Activo',0.00,42582,1),('207200306','MAX084-I13-04','2013-02-18','Activo',0.00,40830,1),('207200324','MAY441-I14-04','2014-04-03','Activo',0.00,43111,1),('207200653','QUY414-II13-02','2013-07-31','Activo',0.00,51965,1),('207200678','MAY432-I13-01','2013-02-21','Activo',0.00,42966,1),('207200678','MAY433-II13-01','2013-08-27','Activo',0.00,51977,1),('207200825','MAB300-I13-01','2013-02-26','Activo',0.00,40419,1),('207200825','MAB304-I13-01','2013-02-26','Activo',0.00,40426,1),('207220077','LIX410-I13-07','2013-03-05','Activo',0.00,41188,1),('207220077','MAX084-I13-08','2013-02-18','Activo',0.00,40853,1),('207220105','QUC400-I13-02','2013-02-21','Activo',0.00,41852,1),('207220105','QUC402-II13-01','2013-08-21','Activo',0.00,50517,1),('207220105','QUC403-II13-03','2013-07-29','Activo',0.00,50499,1),('207220105','QUC404-II13-02','2013-07-23','Activo',0.00,50486,1),('207220133','MAX084-II13-016','2013-07-23','Activo',0.00,50732,1),('207220157','MAX084-II13-016','2013-07-23','Activo',0.00,50727,1),('207220525','MAX085-I14-07','2014-03-11','Activo',0.00,43115,1),('207220874','FIX310-I14-02','2014-02-21','Activo',0.00,42214,1),('207220874','MAX084-I13-02','2013-02-14','Activo',0.00,408452,1),('207220874','MAX084-II13-019','2013-07-30','Activo',0.00,50737,1),('207220874','QUX101-I13-03','2013-02-21','Activo',0.00,41831,1),('207220874','QUX101-I14-08','2014-02-17','Activo',0.00,40025,2),('207220902','QUC400-I13-03','2013-04-12','Activo',0.00,41852,1),('207220902','QUC402-II13-01','2013-08-16','Activo',0.00,50517,1),('207220902','QUC403-II13-02','2013-07-29','Activo',0.00,50499,1),('207220902','QUC404-II13-02','2013-07-22','Activo',0.00,50486,1),('207220963','QUY515-I13-01','2013-02-27','Activo',0.00,43089,1),('207230282','MAX084-I13-01','2013-02-18','Activo',0.00,40842,1),('207230295','MAX085-II13-04','2013-07-23','Activo',0.00,50770,1),('207230295','QUX102-III13-05','2013-12-10','Activo',0.00,90003,1),('207240160','MAY230-I14-09','2014-02-11','Activo',0.00,40492,3),('207240387','LIX410-I14-011','2014-02-12','Activo',0.00,41250,1),('207240387','MAX084-I13-03','2013-02-14','Activo',0.00,40847,1),('207250382','MAX084-I14-026','2014-03-12','Activo',0.00,40438,1),('207250507','MAX084-I13-010','2013-02-19','Activo',0.00,40841,1),('207250729','LIX411-I14-06','2014-02-11','Activo',0.00,41990,2),('207250729','MAY441-I13-02','2013-02-26','Activo',0.00,41916,1),('207260019','MAY441-I13-02','2013-03-07','Activo',0.00,41937,1),('207260036','MAX084-I13-04','2013-02-18','Activo',0.00,40830,1),('207260036','MAX084-II13-015','2013-08-07','Activo',0.00,50734,1),('207260146','LIX410-I14-010','2014-02-14','Activo',0.00,41382,1),('207260146','MAX085-I14-06','2014-02-14','Activo',0.00,40450,1),('207260146','QUX101-I13-01','2013-02-26','Activo',0.00,42375,1),('207260387','LIX410-I13-03','2013-02-19','Activo',0.00,41182,1),('207260387','MAY230-II13-07','2013-07-22','Activo',0.00,50785,1),('207270042','MAY445-II13-02','2013-08-16','Activo',0.00,50813,1),('207270667','MAY436-I13-02','2013-02-19','Activo',0.00,42627,1),('207280017','MAX084-I13-03','2013-02-18','Activo',0.00,40826,1),('207280017','MAY445-II13-03','2013-08-20','Activo',0.00,50812,1),('207280496','LIX410-I13-05','2013-02-25','Activo',0.00,41238,1),('207280496','MAY441-I14-04','2014-02-17','Activo',0.00,40540,1),('207280594','QUX102-II13-01','2013-08-14','Activo',0.00,51359,1),('207280609','MAX085-I13-02','2013-02-14','Activo',0.00,40863,1),('207280609','QUX103-I13-03','2013-02-21','Activo',0.00,42577,1),('207280609','QUY414-II13-01','2013-07-30','Activo',0.00,51965,1),('207280907','MAY452-I14-03','2014-02-12','Activo',0.00,40458,1),('207290286','LIX410-I13-02','2013-02-27','Activo',0.00,41181,1),('207290790','MCC408-I14-01','2014-03-19','Activo',0.00,40737,1),('207300064','QUC450-I13-02','2013-02-20','Activo',0.00,41908,1),('207300232','QUC400-I13-01','2013-02-21','Activo',0.00,41852,1),('207300232','QUC400-I14-05','2014-02-24','Activo',0.00,40044,1),('207300232','QUC403-II13-03','2013-07-29','Activo',0.00,50499,1),('207300459','QUD401-II13-01','2013-08-05','Activo',0.00,52373,1),('207300459','QUD402-I14-01','2014-02-17','Activo',0.00,40358,1),('207300477','MAY440-I13-02','2013-03-05','Activo',0.00,42859,1),('207300573','LIX410-I13-02','2013-02-21','Activo',0.00,41180,1),('207300589','AME404-I13-01','2013-02-20','Activo',0.00,40590,1),('207300601','EIF200-II13-09','2013-08-29','Activo',0.00,50264,1),('207300601','MAX085-I14-07','2014-02-24','Activo',0.00,43115,1),('207300601','MAY230-II13-07','2013-07-22','Activo',0.00,50788,1),('207300753','EIF200-I13-05','2013-05-31','Activo',0.00,41101,1),('207300950','EIF200-I14-012','2014-04-28','Activo',0.00,40981,1),('207310119','MAY440-I14-04','2014-02-13','Activo',0.00,40555,1),('207310373','MAY230-I13-01','2013-02-14','Activo',0.00,40880,1),('207310447','MAX084-II13-013','2013-07-29','Activo',0.00,50744,1),('207310761','MAY441-I13-01','2013-02-18','Activo',0.00,41937,1),('207320124','QUX102-II13-01','2013-08-19','Activo',0.00,51361,1),('207320124','QUX102-II13-03','2013-08-14','Activo',0.00,51361,1),('207320737','MAX084-I14-033','2014-03-18','Activo',0.00,40040,1),('207320737','QUX103-I14-06','2014-03-18','Activo',0.00,40015,1),('207320785','MAX084-I13-011','2013-02-21','Activo',0.00,43032,1),('207320785','QUX101-I13-02','2013-02-21','Activo',0.00,42584,1),('207320785','QUX102-II13-01','2013-08-14','Activo',0.00,51359,1),('207320842','MAY436-I13-02','2013-02-19','Activo',0.00,42627,1),('207320901','FIY411-II13-01','2013-07-30','Activo',0.00,51799,1),('207320905','MAX084-I14-027','2014-04-29','Activo',0.00,40444,1),('207320924','LIX410-II13-09','2013-07-22','Activo',0.00,50297,1),('207320924','MAX084-II13-017','2013-07-22','Activo',0.00,50727,1),('207320924','MAX085-I14-06','2014-02-17','Activo',0.00,40455,1),('207320924','QUX103-I14-04','2014-02-14','Activo',0.00,40014,1),('207330341','LIX410-I14-011','2014-02-12','Activo',0.00,41391,1),('207330423','LIX411-I14-06','2014-02-11','Activo',0.00,41990,1),('207330423','MAX084-I13-011','2013-02-25','Activo',0.00,40844,1),('207330423','MAX084-I14-025','2014-02-11','Activo',0.00,40439,2),('207330423','QUX103-I13-02','2013-02-25','Activo',0.00,42336,1),('207340044','EIF200-I14-010','2014-05-12','Activo',0.00,41108,1),('207340044','MAY230-I14-011','2014-02-12','Activo',0.00,40509,1),('207340318','MAX084-I14-033','2014-04-24','Activo',0.00,40445,1),('207340355','MAX085-II13-04','2013-07-23','Activo',0.00,50762,1),('207340355','MAX085-III13-05','2013-12-04','Activo',0.00,90038,1),('207340355','QUX103-I13-03','2013-02-21','Activo',0.00,42577,1),('207340355','QUY414-II13-02','2013-07-31','Activo',0.00,51965,1),('207340486','QUX102-II13-01','2013-08-14','Activo',0.00,51361,1),('207350007','EIF200-II13-08','2013-08-19','Activo',0.00,50254,1),('207350007','MAY230-I13-05','2013-04-17','Activo',0.00,41178,1),('207350007','MAY230-I14-09','2014-02-11','Activo',0.00,40508,1),('207350120','MAY452-I13-01','2013-02-25','Activo',0.00,42918,1),('207350164','QUY516-I14-04','2014-02-13','Activo',0.00,40080,1),('207350395','EIF200-I13-03','2013-03-06','Activo',0.00,41178,1),('207350395','EIF201-II13-04','2013-08-29','Activo',0.00,50269,1),('207350395','EIF204-I14-01','2014-04-28','Activo',0.00,41917,1),('207350395','MAY230-I13-03','2013-02-14','Activo',0.00,40886,1),('207350395','MAY231-II13-01','2013-07-23','Activo',0.00,50790,1),('207350669','MAX084-I14-028','2014-02-12','Activo',0.00,40447,1),('207350702','MAY440-I13-01','2013-02-22','Activo',0.00,42860,1),('207350730','LIX410-I14-012','2014-02-13','Activo',0.00,41368,1),('207350730','MAY452-I13-01','2013-02-20','Activo',0.00,42920,1),('207350756','MAX085-I14-06','2014-02-18','Activo',0.00,40521,1),('207350756','MAY436-I14-03','2014-02-14','Activo',0.00,40521,1),('207350756','QUD400-I14-02','2014-02-14','Activo',0.00,40353,1),('207350788','MAX084-II13-014','2013-08-01','Activo',0.00,50723,1),('207360172','MAX084-I13-06','2013-02-27','Activo',0.00,40848,1),('207360172','MAX084-II13-017','2013-07-26','Activo',0.00,50734,1),('207360172','MAX085-I14-06','2014-02-17','Activo',0.00,40455,1),('207360172','QUX103-I13-03','2013-02-21','Activo',0.00,42577,1),('207360172','QUX103-I14-06','2014-03-25','Activo',0.00,40010,1),('207360301','EIF200-I13-03','2013-03-08','Activo',0.00,41058,1),('207360301','MAY230-I13-06','2013-03-08','Activo',0.00,40904,1),('207360788','QUX104-II13-02','2013-07-26','Activo',0.00,50837,1),('207360846','EIF200-I13-05','2013-03-18','Activo',0.00,41164,1),('207360846','EIF201-II13-01','2013-08-19','Activo',0.00,50269,1),('207360846','LIX410-I13-01','2013-02-15','Activo',0.00,40550,1),('207360846','MAX084-II13-014','2013-07-29','Activo',0.00,50793,1),('207360846','MAY230-I13-02','2013-02-15','Activo',0.00,40902,1),('207360846','MAY231-II13-03','2013-08-14','Activo',0.00,50793,1),('207360850','MAX084-I13-03','2013-02-15','Activo',0.00,40857,1),('207360889','LIX410-I14-010','2014-02-12','Activo',0.00,41251,1),('207360889','MAX084-II13-017','2013-08-29','Activo',0.00,50744,1),('207370069','EIF200-I14-011','2014-04-28','Activo',0.00,40414,1),('207380056','MAY230-I13-03','2013-02-14','Activo',0.00,40895,1),('207380056','MAY231-II13-01','2013-07-23','Activo',0.00,50795,1),('207380324','QUY516-I14-04','2014-02-13','Activo',0.00,40080,1),('207390032','EIF200-I13-02','2013-03-19','Activo',0.00,41158,1),('207390032','EIF200-II13-08','2013-08-19','Activo',0.00,50255,1),('207390185','MAX085-III13-05','2013-11-29','Activo',0.00,90037,1),('207390468','LIX410-I14-013','2014-02-12','Activo',0.00,41366,1),('207390492','MAX084-I14-024','2014-02-11','Activo',0.00,40437,1),('207390593','MAX084-I14-026','2014-02-11','Activo',0.00,40432,1),('207400129','EIF201-II13-02','2013-08-29','Activo',0.00,50264,1),('207400167','EIF200-I13-03','2013-03-06','Activo',0.00,41833,1),('207400167','MAY230-I13-05','2013-04-04','Activo',0.00,40884,1),('207400301','MAX084-I14-031','2014-02-12','Activo',0.00,40434,1),('207400326','MAX084-II13-017','2013-07-22','Activo',0.00,50729,1),('207400375','MAX084-I14-034','2014-02-20','Activo',0.00,40445,1),('207400542','MAX084-I13-08','2013-02-18','Activo',0.00,40846,1),('207400542','QUX103-I13-02','2013-02-19','Activo',0.00,42344,1),('207400895','LIX410-I13-04','2013-04-09','Activo',0.00,41179,1),('207400895','MAY440-I13-02','2013-03-05','Activo',0.00,42859,1),('207400895','QUX101-I14-08','2014-02-20','Activo',0.00,40023,1),('207410754','MAY230-I13-04','2013-02-14','Activo',0.00,40895,1),('207410777','QUC450-I13-02','2013-02-20','Activo',0.00,41908,1),('207410877','LIX410-I13-04','2013-02-18','Activo',0.00,40330,1),('207420183','MAY440-I13-01','2013-02-22','Activo',0.00,42860,1),('207420423','QUX101-I13-02','2013-02-21','Activo',0.00,42584,1),('207420423','QUX102-II13-02','2013-08-14','Activo',0.00,51364,1),('207420835','EIF200-II13-09','2013-08-29','Activo',0.00,50254,1),('207430106','MAB300-I13-01','2013-02-25','Activo',0.00,40419,1),('207430106','MAB304-I13-01','2013-02-25','Activo',0.00,40427,1),('207430106','MAB304-I14-02','2014-02-13','Activo',0.00,43167,1),('207430148','MAY445-II13-02','2013-09-19','Activo',0.00,50813,1),('207430497','MAY230-I13-06','2013-03-08','Activo',0.00,40884,1),('207430682','MAX084-II13-018','2013-07-26','Activo',0.00,50725,1),('207430796','MAX084-I14-029','2014-02-13','Activo',0.00,40434,1),('207430840','MAY441-I14-04','2014-02-12','Activo',0.00,40532,1),('207430893','MAX084-I13-08','2013-02-27','Activo',0.00,40838,1),('207430893','MAY445-II13-03','2013-08-14','Activo',0.00,50812,1),('207440006','MAY230-I14-014','2014-02-14','Activo',0.00,40488,1),('207440139','EIF200-I13-05','2013-03-07','Activo',0.00,41158,1),('207440139','EIF201-II13-04','2013-08-29','Activo',0.00,50269,1),('207440139','EIF204-I14-02','2014-04-28','Activo',0.00,41903,1),('207440139','MAY230-I13-04','2013-04-26','Activo',0.00,40880,1),('207440139','MAY231-II13-01','2013-07-22','Activo',0.00,50790,1),('207440375','MAX084-II13-017','2013-07-24','Activo',0.00,50744,1),('207440375','QUX103-I13-02','2013-02-19','Activo',0.00,42344,1),('207450061','MAY452-I14-04','2014-03-04','Activo',0.00,40457,1),('207450213','MAY230-I14-010','2014-02-17','Activo',0.00,40507,1),('207450267','QUC450-I13-02','2013-02-20','Activo',0.00,41908,1),('207450661','EIF204-I14-01','2014-04-28','Activo',0.00,41915,1),('207450661','MAY231-II13-04','2013-08-08','Activo',0.00,50791,1),('207450751','SPJ202-I13-01','2013-03-11','Activo',0.00,42164,1),('207450815','MAX084-I13-011','2013-02-21','Activo',0.00,40826,1),('207450815','MAY445-II13-03','2013-08-20','Activo',0.00,50812,1),('207450928','QUY516-I14-04','2014-02-18','Activo',0.00,40080,1),('207460104','EIF200-I13-03','2013-04-15','Activo',0.00,41176,1),('207460104','EIF201-II13-01','2013-08-19','Activo',0.00,50276,1),('207460104','MAY230-I13-02','2013-02-14','Activo',0.00,40903,1),('207460104','MAY231-II13-01','2013-07-22','Activo',0.00,50792,1),('207460254','QUY515-I13-01','2013-02-27','Activo',0.00,43089,1),('207460349','QUX101-II13-07','2013-08-26','Activo',0.00,51953,1),('207460592','MAX084-I14-029','2014-02-12','Activo',0.00,40445,1),('207460592','QUX103-I14-06','2014-02-17','Activo',0.00,40010,1),('207460992','MAX084-I14-026','2014-03-12','Activo',0.00,40433,1),('207470120','EIF200-I14-011','2014-04-28','Activo',0.00,40981,1),('207470471','MAX084-I14-031','2014-02-12','Activo',0.00,40436,1),('207490384','MAX084-I14-032','2014-02-13','Activo',0.00,40435,1),('207490465','MAX084-I14-030','2014-02-11','Activo',0.00,40449,1),('207490678','MAB304-I14-03','2014-02-20','Activo',0.00,40471,1),('207500293','MAX085-I14-07','2014-02-18','Activo',0.00,40522,1),('207500335','MAY230-I14-012','2014-02-26','Activo',0.00,40504,1),('207510300','MAY440-I14-04','2014-02-11','Activo',0.00,40558,1),('207510968','MAX084-I14-024','2014-02-12','Activo',0.00,40435,1),('207530056','MAX084-I14-034','2014-02-20','Activo',0.00,40449,1),('207530104','MAY440-I14-04','2014-02-14','Activo',0.00,40555,1),('207530586','LIX410-I14-013','2014-02-17','Activo',0.00,41362,1),('207530586','MAY441-I14-05','2014-02-17','Activo',0.00,40532,1),('207540400','MAX084-I14-036','2014-02-27','Activo',0.00,40446,1),('207540400','QUX103-I14-07','2014-02-18','Activo',0.00,40015,1),('207540786','MAY452-I14-03','2014-02-24','Activo',0.00,40457,1),('207540892','EIF200-I14-013','2014-04-28','Activo',0.00,41411,1),('207550787','QUX103-I14-05','2014-03-11','Activo',0.00,40015,1),('207560450','MAB300-I14-03','2014-03-31','Activo',0.00,40467,1),('207560450','MAB304-I14-02','2014-02-13','Activo',0.00,40471,1),('207560535','MAX085-I14-06','2014-03-20','Activo',0.00,40521,1),('207560535','MAY436-I14-03','2014-02-17','Activo',0.00,40521,1),('207560535','QUD400-I14-02','2014-02-17','Activo',0.00,40373,1),('207570708','MAX084-I14-023','2014-03-18','Activo',0.00,40406,1),('207590446','EIF200-I14-012','2014-04-28','Activo',0.00,40981,1),('207980119','LIX410-I13-01','2013-02-14','Activo',0.00,41180,1),('208170575','MAY452-II13-02','2013-08-06','Activo',0.00,50811,1),('208260871','QUC450-I13-02','2013-02-20','Activo',0.00,41908,1),('208670384','LIX410-I13-04','2013-02-19','Activo',0.00,41191,1),('208670384','LIX411-II13-04','2013-07-23','Activo',0.00,50371,1),('208670384','MAY440-I13-01','2013-02-19','Activo',0.00,42860,1),('208670384','MAY440-II13-03','2013-07-23','Activo',0.00,50814,1),('208690043','MAB304-I14-02','2014-02-12','Activo',0.00,40472,1),('301620954','QUX101-II13-07','2013-08-26','Activo',0.00,51953,1),('303950885','QUX103-I13-01','2013-02-19','Activo',0.00,42339,1),('304140236','MAX084-I14-034','2014-03-14','Activo',0.00,40428,1),('304160435','MAX084-I13-05','2013-02-14','Activo',0.00,43032,1),('304230140','MAX084-I13-06','2013-03-20','Activo',0.00,40849,1),('304230785','MAY442-II13-01','2013-09-27','Activo',0.00,50818,1),('304350395','MAY452-I14-03','2014-02-14','Activo',0.00,40457,1),('304360619','MAX084-I14-034','2014-02-20','Activo',0.00,40436,1),('304360619','QUX103-I14-06','2014-02-20','Activo',0.00,40015,1),('304390565','MAY432-I13-01','2013-03-07','Activo',0.00,42966,1),('304390719','MAX085-I13-02','2013-02-26','Activo',0.00,40864,1),('304390719','MAX085-III13-05','2013-12-04','Activo',0.00,90038,1),('304390874','FIX310-I14-02','2014-02-21','Activo',0.00,42214,1),('304410074','MAY432-I13-01','2013-02-21','Activo',0.00,42966,1),('304410074','MAY432-III13-04','2013-12-04','Activo',0.00,90067,1),('304420109','MAX084-II13-016','2013-07-22','Activo',0.00,50723,1),('304420109','QUX104-II13-04','2013-10-23','Activo',0.00,51350,1),('304420109','QUY516-III13-03','2013-12-09','Activo',0.00,90002,1),('304420415','MAB304-I14-03','2014-02-25','Activo',0.00,43167,1),('304430193','MAY230-I13-03','2013-02-14','Activo',0.00,40904,1),('304440250','LIX410-I14-013','2014-02-18','Activo',0.00,43002,1),('304470033','LIX410-I13-05','2013-02-25','Activo',0.00,40563,1),('304480479','MAY223-II13-01','2013-07-29','Activo',0.00,50800,1),('304480598','MAY230-I13-06','2013-04-16','Activo',0.00,40903,1),('304480689','FIX310-I14-02','2014-02-25','Activo',0.00,42238,1),('304480689','FIX310-II13-01','2013-10-11','Activo',0.00,52986,1),('304490320','QUX101-II13-05','2013-08-05','Activo',0.00,51953,1),('304490320','QUX101-II13-07','2013-09-02','Activo',0.00,51953,1),('304500319','MAX084-III13-021','2013-12-02','Activo',0.00,90035,1),('304530093','MAX084-I13-03','2013-02-14','Activo',0.00,40857,1),('304530093','MAX084-II13-017','2013-07-22','Activo',0.00,50739,1),('304530093','QUX101-I13-01','2013-02-22','Activo',0.00,42375,1),('304530093','QUX102-II13-01','2013-08-14','Activo',0.00,51361,1),('304530093','QUX102-III13-05','2013-12-16','Activo',0.00,9005,2),('304530203','LIX411-II13-04','2013-07-29','Activo',0.00,52284,1),('304530203','SPJ202-I13-02','2013-04-18','Activo',0.00,42174,1),('304540030','MAY452-I14-03','2014-02-20','Activo',0.00,40458,1),('304550757','MAY441-I14-04','2014-03-27','Activo',0.00,43111,1),('304600684','MAX085-I13-01','2013-02-15','Activo',0.00,40863,1),('304600684','MAX085-II13-04','2013-07-29','Activo',0.00,50770,2),('304610620','LIX411-I13-02','2013-02-14','Activo',0.00,41254,1),('304610707','LIX410-I14-010','2014-02-20','Activo',0.00,41383,1),('304620959','MAX084-I14-026','2014-02-14','Activo',0.00,40432,1),('304630598','MAY440-I13-02','2013-03-07','Activo',0.00,42861,1),('304640695','LIX410-I14-012','2014-02-19','Activo',0.00,41369,1),('304646069','MAX085-II13-03','2013-07-30','Activo',0.00,50762,1),('304646069','QUX102-II13-02','2013-08-14','Activo',0.00,51359,1),('304650063','MAX085-I13-02','2013-04-30','Activo',0.00,40864,1),('304660187','MAX085-III13-05','2013-12-02','Activo',0.00,90038,1),('304660187','QUX102-II13-02','2013-08-14','Activo',0.00,51359,1),('304660631','MAB304-I14-02','2014-03-31','Activo',0.00,40472,1),('304660796','MAX084-II13-013','2013-07-24','Activo',0.00,50729,1),('304670235','MAY431-II13-01','2013-10-04','Activo',0.00,50817,1),('304680029','MAY232-I13-01','2013-02-15','Activo',0.00,40922,1),('304680482','MAY436-I13-02','2013-02-14','Activo',0.00,42626,1),('304680550','FIX 410-I14-03','2014-02-20','Activo',0.00,42258,1),('304680550','FIX 410-II13-01','2013-08-05','Activo',0.00,51821,1),('304680550','QUC450-II13-03','2013-08-05','Activo',0.00,50491,1),('304680603','MAY440-I13-02','2013-03-05','Activo',0.00,42859,1),('304680612','LIX410-I13-01','2013-02-26','Activo',0.00,41183,1),('304690153','LIX410-I14-010','2014-02-11','Activo',0.00,42118,1),('304690153','MAX084-I14-024','2014-02-11','Activo',0.00,40428,1),('304690224','LIX411-II13-06','2013-08-05','Activo',0.00,50440,1),('304690681','LIX410-I13-03','2013-02-15','Activo',0.00,41190,1),('304690828','FIY31301-II13-01','2013-08-12','Activo',0.00,51809,1),('304690828','QUX106O-I13-01','2013-03-04','Activo',0.00,42410,1),('304700109','MAX084-I13-03','2013-02-15','Activo',0.00,40857,1),('304700109','MAX084-II13-018','2013-07-26','Activo',0.00,50734,1),('304710097','LIX410-I14-012','2014-02-18','Activo',0.00,41386,1),('304710097','MAX084-I13-03','2013-02-14','Activo',0.00,40857,1),('304710428','MAX084-II13-017','2013-07-22','Activo',0.00,50727,1),('304710428','QUX103-I13-01','2013-02-19','Activo',0.00,42344,1),('304710428','QUX104-II13-04','2013-07-26','Activo',0.00,50000,1),('304720877','MAY230-I14-09','2014-02-19','Activo',0.00,40504,1),('304730043','MAX084-I14-033','2014-04-07','Activo',0.00,40431,1),('304730080','MAX084-I13-010','2013-02-19','Activo',0.00,43068,1),('304730191','MAY441-I13-02','2013-02-14','Activo',0.00,41930,1),('304730455','QUC403-II13-03','2013-07-30','Activo',0.00,50499,1),('304730887','QUX103-I14-06','2014-03-11','Activo',0.00,10301,1),('304740740','MAX084-I14-023','2014-02-11','Activo',0.00,40438,1),('304740913','SPJ202-I13-01','2013-03-11','Activo',0.00,42164,1),('304740935','MAY230-I14-09','2014-03-24','Activo',0.00,40508,1),('304750058','SPJ202-I13-01','2013-04-15','Activo',0.00,42164,1),('304750606','MAX084-I14-025','2014-02-12','Activo',0.00,40444,1),('304750606','QUX103-I14-05','2014-02-18','Activo',0.00,40014,1),('304770749','MAY230-I14-013','2014-02-11','Activo',0.00,40488,1),('304770749','MAY230-I14-014','2014-02-18','Activo',0.00,40488,1),('304780037','EIF200-I13-01','2013-03-07','Activo',0.00,41875,1),('304780037','EIF201-II13-01','2013-08-19','Activo',0.00,50269,1),('304780037','LIX411-II13-06','2013-09-05','Activo',0.00,50210,1),('304780037','MAY230-II13-07','2013-07-22','Activo',0.00,50785,1),('304780037','MAY231-III13-05','2013-12-12','Activo',0.00,90039,1),('304780295','MAX084-I13-011','2013-02-25','Activo',0.00,40842,1),('304780814','MAX084-I14-033','2014-02-18','Activo',0.00,40440,1),('304780814','QUX101-I14-07','2014-02-17','Activo',0.00,40033,1),('304780845','MAY230-II13-08','2013-07-29','Activo',0.00,50787,1),('304780845','MAY231-III13-05','2013-12-12','Activo',0.00,90039,1),('304780848','LIX410-I13-04','2013-02-14','Activo',0.00,41238,1),('304780848','LIX410-II13-08','2013-07-22','Activo',0.00,50297,1),('304780934','QUC400-I13-01','2013-02-21','Activo',0.00,41852,1),('304780934','QUC402-II13-01','2013-08-21','Activo',0.00,50517,1),('304780934','QUC403-II13-02','2013-08-21','Activo',0.00,50499,1),('304780934','QUC404-II13-02','2013-07-26','Activo',0.00,50486,1),('304790123','LIX410-I13-04','2013-02-14','Activo',0.00,41179,1),('304790670','LIX410-I13-07','2013-04-08','Activo',0.00,41177,1),('304790670','LIX411-II13-06','2013-08-28','Activo',0.00,50431,1),('304800201','MAY230-I13-03','2013-02-20','Activo',0.00,40902,1),('304800201','MAY231-II13-03','2013-08-21','Activo',0.00,50790,1),('304800280','MAX084-I13-09','2013-04-26','Activo',0.00,40826,1),('304800284','MAX084-I14-028','2014-02-12','Activo',0.00,40434,1),('304810205','MAX084-I13-04','2013-02-18','Activo',0.00,40820,1),('304810205','MAX085-II13-03','2013-07-31','Activo',0.00,50770,1),('304810205','QUX102-II13-02','2013-08-14','Activo',0.00,51359,1),('304810205','QUX106O-I14-02','2014-02-27','Activo',0.00,40056,1),('304820412','MAX084-I14-028','2014-02-12','Activo',0.00,40428,1),('304820637','MAX084-I13-08','2013-02-18','Activo',0.00,40830,1),('304820669','MAX084-I13-04','2013-02-14','Activo',0.00,40852,1),('304830072','FIY-410-01-I14-02','2014-02-27','Activo',0.00,42227,1),('304830072','QUX103-I13-01','2013-02-21','Activo',0.00,42344,1),('304830080','MAY452-I14-04','2014-03-04','Activo',0.00,40457,1),('304830405','EIF200-II13-09','2013-08-29','Activo',0.00,50254,1),('304830680','MAX084-I14-027','2014-02-18','Activo',0.00,40430,1),('304840756','MAX084-II13-017','2013-07-26','Activo',0.00,50734,1),('304840756','QUX102-II13-01','2013-08-14','Activo',0.00,51359,1),('304850080','MAX085-III13-05','2013-11-29','Activo',0.00,90038,1),('304850080','QUX103-I13-03','2013-03-01','Activo',0.00,42577,1),('304850080','QUX103-I14-07','2014-03-25','Activo',0.00,40010,1),('304850320','FIX 410-I14-04','2014-02-25','Activo',0.00,42291,1),('304850320','LIX410-I13-04','2013-02-15','Activo',0.00,41181,1),('304850320','LIX410-II13-08','2013-09-04','Activo',0.00,50261,1),('304850320','MAY431-II13-01','2013-10-04','Activo',0.00,50817,1),('304850320','MAY440-I13-02','2013-03-05','Activo',0.00,42859,1),('304850732','LIX410-I14-010','2014-02-12','Activo',0.00,41366,1),('304850732','MAX084-I14-033','2014-04-28','Activo',0.00,40428,1),('304850746','MAX084-I13-09','2013-02-18','Activo',0.00,40838,1),('304850746','MAX085-I14-07','2014-02-20','Activo',0.00,404052,1),('304850746','QUX101-I14-08','2014-04-25','Activo',0.00,40025,1),('304880130','MAY230-I13-06','2013-03-14','Activo',0.00,40895,1),('304880936','LIX411-II13-03','2013-07-31','Activo',0.00,50321,1),('304890450','LIX410-II13-08','2013-07-26','Activo',0.00,50297,1),('304890450','MAX084-I13-06','2013-02-14','Activo',0.00,40846,1),('304890450','MAX085-I14-06','2014-02-17','Activo',0.00,40455,1),('304890450','QUX103-I13-03','2013-04-01','Activo',0.00,42344,1),('304890451','LIX410-I14-015','2014-03-13','Activo',0.00,41247,1),('304890502','MAX084-I13-01','2013-05-24','Activo',0.00,40853,1),('304900213','MAY445-II13-03','2013-08-14','Activo',0.00,50812,1),('304900292','MAY230-I13-04','2013-02-20','Activo',0.00,40894,1),('304900772','LIX410-I14-012','2014-02-18','Activo',0.00,41386,1),('304900772','MAX084-I13-06','2013-02-14','Activo',0.00,40846,1),('304910445','MAX084-I14-024','2014-02-14','Activo',0.00,40435,1),('304910445','QUX103-I14-04','2014-02-14','Activo',0.00,40015,1),('304910731','MAY452-I14-04','2014-03-21','Activo',0.00,40457,1),('304920367','MAX084-I14-025','2014-02-11','Activo',0.00,40445,1),('304920737','QUX103-I14-05','2014-02-14','Activo',0.00,40013,1),('304920983','MAX084-I14-024','2014-02-12','Activo',0.00,40442,1),('304920983','QUX101-I14-07','2014-02-17','Activo',0.00,40025,1),('304930377','MAX084-I14-029','2014-02-12','Activo',0.00,40442,1),('304930618','LIX410-I14-014','2014-02-18','Activo',0.00,42319,1),('304940344','MAX084-I14-024','2014-02-12','Activo',0.00,40449,1),('304940455','MAX084-I14-032','2014-02-25','Activo',0.00,40538,1),('304970556','MAX084-I14-030','2014-02-12','Activo',0.00,40441,1),('304980454','MAX084-I14-029','2014-02-13','Activo',0.00,40432,1),('400231581','LIX410-I14-014','2014-03-03','Activo',0.00,41375,1),('401260909','LIX411-I13-01','2013-03-07','Activo',0.00,40366,1),('401260909','LIX411-II13-04','2013-08-07','Activo',0.00,50553,1),('401490052','LIX410-I14-011','2014-02-12','Activo',0.00,41008,1),('401520495','LIX410-I14-015','2014-05-05','Activo',0.00,41502,1),('401520495','MAX084-III13-021','2013-12-05','Activo',0.00,90038,1),('401670570','MAX084-I13-06','2013-03-14','Activo',0.00,40849,1),('401680195','MAX084-I13-09','2013-04-12','Activo',0.00,40859,1),('401780898','MAX084-I14-032','2014-02-13','Activo',0.00,40431,1),('401830785','LIX410-II13-08','2013-07-31','Activo',0.00,50277,1),('401860104','MAX084-I14-023','2014-02-13','Activo',0.00,40445,1),('401870644','MAY436-I13-02','2013-03-20','Activo',0.00,42528,1),('401910271','LIX410-I14-014','2014-03-04','Activo',0.00,41234,1),('401920466','MAB304-I13-01','2013-02-27','Activo',0.00,40426,1),('401930344','MAX084-I13-06','2013-02-18','Activo',0.00,40859,1),('401930382','LIX410-I13-02','2013-02-22','Activo',0.00,42988,1),('401940922','MAX085-III13-05','2013-12-09','Activo',0.00,90037,1),('401940922','QUX101-II13-05','2013-08-08','Activo',0.00,51953,1),('401950023','MAX084-II13-018','2013-08-01','Activo',0.00,50742,1),('401960236','LIX410-I13-04','2013-02-15','Activo',0.00,41182,1),('401970389','FIX 410-II13-01','2013-08-19','Activo',0.00,51846,1),('401990202','FIX 410-II13-01','2013-07-30','Activo',0.00,52982,1),('402010779','MAY433-II13-01','2013-08-20','Activo',0.00,51977,1),('402010917','MAY432-I13-01','2013-02-21','Activo',0.00,42966,1),('402020340','MAY441-I13-02','2013-04-25','Activo',0.00,41930,1),('402020340','MAY441-II13-03','2013-07-23','Activo',0.00,51756,1),('402030007','QUC404-I13-02','2013-03-04','Activo',0.00,42910,2),('402030065','MAY441-I14-04','2014-02-12','Activo',0.00,40532,1),('402030096','MAX084-I13-09','2013-02-14','Activo',0.00,43032,1),('402030165','MAX084-I13-06','2013-02-14','Activo',0.00,43032,1),('402030401','LIX410-II13-08','2013-07-22','Activo',0.00,50253,1),('402030772','FIY-410-01-II13-01','2013-08-12','Activo',0.00,52880,1),('402040518','MAY432-I13-01','2013-02-21','Activo',0.00,42966,1),('402040912','LIX410-I13-02','2013-03-06','Activo',0.00,41235,1),('402050950','MAX084-I13-04','2013-02-14','Activo',0.00,40846,1),('402050950','MAX084-II13-017','2013-07-22','Activo',0.00,50732,1),('402060289','MAX084-I13-07','2013-02-14','Activo',0.00,40845,1),('402060358','MAX084-I14-023','2014-02-12','Activo',0.00,40429,1),('402060359','MAX084-I13-07','2013-02-19','Activo',0.00,40841,1),('402060440','MAX084-I13-010','2013-02-19','Activo',0.00,40842,1),('402060812','EIF201-II13-02','2013-08-19','Activo',0.00,53007,1),('402060819','QUC400-I13-03','2013-03-15','Activo',0.00,41852,1),('402060819','QUC403-II13-02','2013-07-29','Activo',0.00,50499,1),('402060911','MAX084-I14-023','2014-02-13','Activo',0.00,40431,1),('402070449','MAY232-I13-01','2013-02-26','Activo',0.00,40931,1),('402070478','MCC408-I14-01','2014-03-19','Activo',0.00,40737,1),('402080214','MAX084-I13-05','2013-02-18','Activo',0.00,40837,1),('402080214','QUX101-II13-07','2013-08-26','Activo',0.00,51953,1),('402080375','MAX084-I13-09','2013-02-14','Activo',0.00,43032,1),('402080375','MAX084-II13-013','2013-08-01','Activo',0.00,50729,1),('402080375','MAX084-II13-016','2013-07-22','Activo',0.00,50729,1),('402080375','QUX102-II13-02','2013-09-03','Activo',0.00,51361,1),('402080422','FIX 410-II13-01','2013-08-05','Activo',0.00,51832,1),('402080428','QUD401-II13-01','2013-08-01','Activo',0.00,52373,1),('402080428','QUD402-I14-01','2014-02-18','Activo',0.00,40358,1),('402080675','MAY432-I13-01','2013-02-21','Activo',0.00,42966,1),('402080675','MAY433-II13-01','2013-08-12','Activo',0.00,51977,1),('402080740','LIX410-I14-010','2014-02-14','Activo',0.00,41389,1),('402080806','MCC408-I14-01','2014-03-19','Activo',0.00,40737,1),('402090152','MAX084-I13-012','2013-03-04','Activo',0.00,40841,1),('402090509','MAY230-I14-011','2014-02-11','Activo',0.00,40488,1),('402090572','MAY432-II13-03','2013-08-05','Activo',0.00,51766,1),('402090669','MAY452-I14-03','2014-02-25','Activo',0.00,43109,1),('402090750','FIX310-II13-01','2013-09-20','Activo',0.00,52986,1),('402090750','QUX106O-I13-01','2013-03-01','Activo',0.00,42410,1),('402090883','FIX310-I14-02','2014-02-27','Activo',0.00,42238,1),('402090883','QUX106O-I14-02','2014-02-27','Activo',0.00,40056,1),('402100214','MAY230-I14-09','2014-02-12','Activo',0.00,40508,1),('402100314','QUY516-I14-04','2014-02-18','Activo',0.00,40080,1),('402100636','MAX084-I13-01','2013-02-19','Activo',0.00,40837,1),('402100752','MAX085-II13-03','2013-08-05','Activo',0.00,50756,1),('402100752','QUX102-III13-05','2013-12-10','Activo',0.00,90003,1),('402100756','FIY-410-01-I14-02','2014-02-25','Activo',0.00,42227,1),('402100788','QUC404-I14-04','2014-02-19','Activo',0.00,40151,1),('402100970','MAY452-I14-03','2014-02-18','Activo',0.00,43109,1),('402110038','MAB300-I14-03','2014-03-31','Activo',0.00,40467,1),('402110093','LIX410-I14-013','2014-02-14','Activo',0.00,41388,1),('402110098','MAB300-I14-02','2014-02-11','Activo',0.00,40467,1),('402110098','MAB304-I14-02','2014-02-11','Activo',0.00,40471,1),('402110492','LIX410-II13-08','2013-07-22','Activo',0.00,50249,1),('402110503','QUX106O-I14-02','2014-02-27','Activo',0.00,40056,1),('402110629','EIF200-I14-011','2014-04-28','Activo',0.00,41021,1),('402110761','MAY230-I13-06','2013-03-07','Activo',0.00,40898,1),('402110761','MAY231-II13-03','2013-08-08','Activo',0.00,50795,1),('402110917','MAY433-II13-01','2013-08-13','Activo',0.00,51977,1),('402110940','MAX084-I14-023','2014-02-11','Activo',0.00,40444,1),('402110949','MAX084-I13-010','2013-02-18','Activo',0.00,40847,1),('402120708','QUX102-II13-02','2013-08-14','Activo',0.00,51359,1),('402120853','FIX 410-II13-01','2013-07-29','Activo',0.00,51832,1),('402120853','MAY436-I13-01','2013-02-20','Activo',0.00,42954,1),('402120853','QUC450-I13-01','2013-02-20','Activo',0.00,42904,1),('402120853','QUC450-I13-02','2013-03-15','Activo',0.00,41908,1),('402120853','QUD401-II13-01','2013-08-01','Activo',0.00,52373,1),('402120853','QUD402-I14-01','2014-02-18','Activo',0.00,40358,1),('402120968','MAX084-I13-04','2013-02-15','Activo',0.00,40839,1),('402130446','EIF201-II13-02','2013-08-19','Activo',0.00,53007,1),('402130853','QUC400-I13-03','2013-03-15','Activo',0.00,41851,1),('402130853','QUC402-II13-01','2013-08-21','Activo',0.00,50517,1),('402130853','QUC403-II13-02','2013-08-21','Activo',0.00,50499,1),('402130853','QUC404-II13-02','2013-07-26','Activo',0.00,50486,1),('402130910','MAX084-I13-08','2013-02-14','Activo',0.00,40842,1),('402140056','MAY232-I13-01','2013-02-14','Activo',0.00,40912,1),('402140743','MAX084-I13-04','2013-03-07','Activo',0.00,40852,1),('402140881','MAY230-I13-01','2013-02-14','Activo',0.00,40880,1),('402150274','MAX084-I14-031','2014-02-11','Activo',0.00,40437,1),('402150333','MAB300-I14-03','2014-03-04','Activo',0.00,43166,1),('402150333','MAB304-I14-03','2014-02-21','Activo',0.00,43167,1),('402150494','EIF201-II13-02','2013-08-19','Activo',0.00,50265,1),('402150494','MAY230-I13-04','2013-02-15','Activo',0.00,40904,1),('402150494','MAY231-II13-01','2013-07-26','Activo',0.00,50793,1),('402150494','MAY231-III13-05','2013-12-12','Activo',0.00,90039,1),('402150751','QUC404-I14-04','2014-02-19','Activo',0.00,40151,1),('402150751','QUC404-II13-03','2013-07-26','Activo',0.00,50510,1),('402160066','MAX084-I14-031','2014-02-12','Activo',0.00,42921,1),('402160071','LIX410-I14-014','2014-02-18','Activo',0.00,41375,1),('402160151','EIF201-II13-01','2013-08-19','Activo',0.00,53007,1),('402160174','EIF200-II13-09','2013-08-29','Activo',0.00,50254,1),('402160174','MAY230-I13-04','2013-02-25','Activo',0.00,40886,1),('402160174','MAY230-I14-014','2014-02-12','Activo',0.00,40508,1),('402160807','MAY452-II13-02','2013-07-24','Activo',0.00,50811,1),('402160886','QUC403-II13-03','2013-08-05','Activo',0.00,50503,1),('402160974','EIF200-II13-07','2013-08-19','Activo',0.00,50255,1),('402170115','EIF200-I14-010','2014-05-12','Activo',0.00,41020,1),('402170115','EIF200-I14-012','2014-04-28','Activo',0.00,41020,1),('402170115','MAY230-I14-011','2014-02-12','Activo',0.00,40488,1),('402170346','LIX410-I14-010','2014-02-14','Activo',0.00,41388,1),('402170452','MAB304-I13-01','2013-02-20','Activo',0.00,40427,1),('402170696','FIX 410-II13-01','2013-07-26','Activo',0.00,51855,1),('402170696','MAY436-I13-01','2013-02-22','Activo',0.00,42528,1),('402170696','QUC400-I14-05','2014-02-13','Activo',0.00,40045,1),('402170696','QUC450-II13-03','2013-07-29','Activo',0.00,50495,1),('402180216','MAX084-I13-012','2013-05-24','Activo',0.00,40853,1),('402180356','MAY436-I13-01','2013-02-15','Activo',0.00,42627,1),('402180356','QUC450-II13-03','2013-08-20','Activo',0.00,50491,1),('402180397','FIX 410-II13-01','2013-07-23','Activo',0.00,51846,1),('402180397','MAY442-II13-01','2013-09-27','Activo',0.00,50818,1),('402180503','MAX084-I14-036','2014-02-26','Activo',0.00,40437,1),('402180586','MAY433-II13-01','2013-08-12','Activo',0.00,51977,1),('402180615','MAY232-I13-01','2013-02-27','Activo',0.00,40910,1),('402180703','QUC404-II13-03','2013-07-30','Activo',0.00,50486,1),('402180827','MAX084-II13-013','2013-08-01','Activo',0.00,50723,1),('402180827','QUX103-I14-04','2014-02-13','Activo',0.00,40010,2),('402180868','QU406-I14-01','2014-02-19','Activo',0.00,40064,1),('402180868','QUC400-I13-03','2013-04-12','Activo',0.00,41852,1),('402180868','QUC402-II13-01','2013-08-16','Activo',0.00,50517,1),('402180868','QUC403-II13-02','2013-07-29','Activo',0.00,50499,1),('402180868','QUC404-II13-02','2013-07-22','Activo',0.00,50486,1),('402180958','MAX084-I13-012','2013-03-04','Activo',0.00,40845,1),('402180958','MAX084-II13-017','2013-08-19','Activo',0.00,50729,1),('402180958','MAX084-II13-020','2013-07-23','Activo',0.00,50729,1),('402180958','QUX102-II13-02','2013-08-19','Activo',0.00,51361,1),('402190025','QUC400-I13-01','2013-02-20','Activo',0.00,41852,2),('402190025','QUC404-II13-03','2013-07-23','Activo',0.00,50486,1),('402190180','EIF200-I14-011','2014-04-28','Activo',0.00,40981,1),('402190263','MAY440-I13-02','2013-03-05','Activo',0.00,42859,1),('402190307','MAX084-I13-011','2013-02-22','Activo',0.00,40849,1),('402190465','QUC404-II13-03','2013-07-26','Activo',0.00,50510,1),('402190544','AME404-II13-03','2013-07-31','Activo',0.00,51223,1),('402190567','EIF200-II13-09','2013-08-29','Activo',0.00,50254,1),('402190624','MAX084-I14-030','2014-02-12','Activo',0.00,40428,1),('402190624','QUX101-I14-07','2014-02-13','Activo',0.00,40025,1),('402190713','MAY445-II13-02','2013-08-23','Activo',0.00,51689,1),('402190927','QUC404-II13-03','2013-07-26','Activo',0.00,50510,1),('402190964','MAX084-I13-03','2013-02-15','Activo',0.00,40842,1),('402200057','LIX411-I13-02','2013-02-18','Activo',0.00,41284,1),('402200057','MAY441-I13-02','2013-02-18','Activo',0.00,41916,1),('402200186','MAX084-II13-019','2013-08-07','Activo',0.00,50744,1),('402200189','QUC450-I13-01','2013-02-21','Activo',0.00,41832,1),('402200189','QUC450-I13-02','2013-03-15','Activo',0.00,41908,1),('402200359','MAY432-I13-01','2013-02-21','Activo',0.00,42966,1),('402200359','MAY433-II13-01','2013-08-12','Activo',0.00,51977,1),('402200390','LIX410-I13-05','2013-02-26','Activo',0.00,40560,1),('402200418','EIF201-II13-01','2013-08-19','Activo',0.00,53007,1),('402200463','FIY411-II13-01','2013-08-08','Activo',0.00,55797,1),('402200463','FIY411-II13-02','2013-07-26','Activo',0.00,51797,1),('402200598','MAX085-II13-03','2013-07-31','Activo',0.00,50770,1),('402200687','MAX084-I14-028','2014-02-12','Activo',0.00,40437,1),('402200753','FIX310-I14-02','2014-02-27','Activo',0.00,42238,1),('402200753','QUX106O-I14-02','2014-02-27','Activo',0.00,4056,1),('402200784','MAY223-II13-01','2013-07-31','Activo',0.00,50800,1),('402200792','MAX084-I14-036','2014-02-24','Activo',0.00,40439,1),('402200840','AME404-II13-02','2013-08-07','Activo',0.00,51223,1),('402200903','LIX410-I13-05','2013-02-26','Activo',0.00,41188,1),('402200903','LIX411-II13-04','2013-07-22','Activo',0.00,50444,1),('402200903','MAY432-III13-04','2013-12-03','Activo',0.00,90066,1),('402200903','MAY441-I13-02','2013-02-18','Activo',0.00,41937,1),('402200903','MAY441-II13-03','2013-07-22','Activo',0.00,51757,1),('402210097','QUC400-I13-02','2013-03-11','Activo',0.00,41852,1),('402210097','QUC402-II13-01','2013-08-16','Activo',0.00,50517,1),('402210097','QUC403-II13-02','2013-07-29','Activo',0.00,50499,1),('402210097','QUC404-I13-02','2013-02-21','Activo',0.00,41852,1),('402210097','QUC404-II13-02','2013-07-22','Activo',0.00,50486,1),('402210257','MAX084-I13-04','2013-02-18','Activo',0.00,40830,1),('402210554','QUC450-II13-03','2013-08-20','Activo',0.00,50491,1),('402210656','MAY231-II13-03','2013-08-08','Activo',0.00,50795,1),('402210667','EIF201-II13-01','2013-08-19','Activo',0.00,50265,1),('402210667','EIF204-I14-02','2014-04-28','Activo',0.00,41915,1),('402210680','EIF201-III13-06','2013-12-11','Activo',0.00,90020,1),('402210680','EIF204-I14-01','2014-04-28','Activo',0.00,41903,1),('402210680','LIX410-I13-07','2013-04-08','Activo',0.00,40536,1),('402210789','QUX101-II13-07','2013-09-02','Activo',0.00,51953,1),('402210808','FIX-411-I14-01','2014-03-26','Activo',0.00,42282,1),('402210808','MAY437-I13-01','2013-03-19','Activo',0.00,42629,1),('402210808','QUC400-I13-02','2013-02-26','Activo',0.00,41852,1),('402210808','QUC400-I14-05','2014-02-18','Activo',0.00,40044,1),('402210808','QUC403-II13-03','2013-07-30','Activo',0.00,50499,1),('402210849','LIX410-I13-04','2013-02-18','Activo',0.00,41189,1),('402210849','LIX411-II13-06','2013-07-30','Activo',0.00,50329,1),('402210892','EIF201-II13-01','2013-08-19','Activo',0.00,50265,1),('402210897','MAX084-I13-03','2013-02-14','Activo',0.00,40847,1),('402210910','QUX106O-I13-01','2013-03-01','Activo',0.00,42410,1),('402210937','MAX085-I14-07','2014-03-03','Activo',0.00,43115,1),('402210937','MAY230-I13-01','2013-02-18','Activo',0.00,40884,1),('402220217','MAX085-I14-07','2014-02-19','Activo',0.00,40452,1),('402220328','MAX085-II13-03','2013-08-19','Activo',0.00,50756,1),('402220336','LIX410-I13-06','2013-03-05','Activo',0.00,41183,1),('402220339','FIX 410-II13-01','2013-07-24','Activo',0.00,51832,1),('402220339','MAY436-I13-02','2013-02-14','Activo',0.00,42954,1),('402220339','QUD400-I13-01','2013-02-21','Activo',0.00,42904,1),('402220339','QUD401-II13-01','2013-08-01','Activo',0.00,52373,1),('402220361','MAY440-I13-02','2013-03-05','Activo',0.00,42859,1),('402220400','QUX104-II13-03','2013-09-13','Activo',0.00,51352,1),('402220400','QUY516-III13-03','2013-12-10','Activo',0.00,90002,1),('402220410','LIX410-I13-04','2013-02-18','Activo',0.00,40530,1),('402220474','MAX085-I14-07','2014-02-24','Activo',0.00,43115,1),('402220474','MAY230-II13-07','2013-08-01','Activo',0.00,50788,1),('402220511','MAY437-I13-01','2013-04-08','Activo',0.00,42629,1),('402220511','QUC403-II13-02','2013-08-23','Activo',0.00,50191,1),('402220511','QUC403-II13-03','2013-07-29','Activo',0.00,50499,1),('402220569','MAY231-II13-03','2013-08-08','Activo',0.00,50795,1),('402220577','MAX084-I14-035','2014-02-24','Activo',0.00,40437,1),('402220598','FIX310-I14-02','2014-03-11','Activo',0.00,42238,1),('402220605','QUX101-II13-05','2013-07-23','Activo',0.00,50835,1),('402220681','EIF200-I13-04','2013-03-14','Activo',0.00,41093,1),('402220681','MAY231-II13-03','2013-08-08','Activo',0.00,50795,1),('402220701','MAY446-II13-01','2013-08-08','Activo',0.00,52870,1),('402220733','MAX084-I14-029','2014-02-12','Activo',0.00,40446,1),('402220737','QUX101-I13-02','2013-03-01','Activo',0.00,42582,1),('402230089','EIF200-I13-03','2013-04-17','Activo',0.00,41058,1),('402230089','MAY230-I13-04','2013-02-19','Activo',0.00,40890,1),('402230503','EIF200-I13-02','2013-04-24','Activo',0.00,41156,1),('402230503','MAY230-I13-04','2013-02-15','Activo',0.00,40904,1),('402230503','MAY230-I14-014','2014-03-13','Activo',0.00,40492,1),('402230503','MAY230-II13-07','2013-07-26','Activo',0.00,50788,1),('402230579','LIX410-I13-01','2013-02-14','Activo',0.00,41187,1),('402230583','MAY452-I14-03','2014-02-25','Activo',0.00,43109,1),('402230599','MAX084-I13-012','2013-03-21','Activo',0.00,40826,1),('402230656','MCC401-I14-01','2014-02-24','Activo',0.00,40693,1),('402230658','AME404-I13-01','2013-02-20','Activo',0.00,40590,1),('402230799','MAY452-I14-03','2014-02-18','Activo',0.00,40457,1),('402230861','MAY437-I13-01','2013-04-01','Activo',0.00,42629,1),('402230861','QUC450-II13-03','2013-08-01','Activo',0.00,50491,1),('402230882','MAX084-I14-027','2014-02-11','Activo',0.00,40434,1),('402230912','MAB300-I13-01','2013-02-19','Activo',0.00,40416,1),('402230912','MAB304-I13-01','2013-02-19','Activo',0.00,40426,1),('402240014','LIX410-I13-06','2013-03-07','Activo',0.00,41190,1),('402240034','QU406-I14-01','2014-02-14','Activo',0.00,40064,1),('402240034','QUC400-I13-01','2013-02-21','Activo',0.00,41852,1),('402240034','QUC402-II13-01','2013-08-16','Activo',0.00,50517,1),('402240034','QUC403-II13-02','2013-07-29','Activo',0.00,50499,1),('402240034','QUC404-II13-02','2013-07-23','Activo',0.00,50486,1),('402240219','MAX084-I14-023','2014-03-18','Activo',0.00,40406,1),('402240309','EIF201-II13-02','2013-08-19','Activo',0.00,50265,1),('402240309','EIF204-I14-01','2014-04-28','Activo',0.00,41917,1),('402240309','MAY230-I13-02','2013-02-19','Activo',0.00,40903,1),('402240309','MAY231-II13-01','2013-07-23','Activo',0.00,50790,1),('402240328','EIF200-I13-04','2013-04-01','Activo',0.00,41101,1),('402240328','EIF201-II13-01','2013-08-19','Activo',0.00,50269,1),('402240328','EIF204-I14-01','2014-04-28','Activo',0.00,41916,1),('402240328','MAY230-I13-06','2013-03-08','Activo',0.00,40808,1),('402240328','MAY231-II13-04','2013-08-14','Activo',0.00,50791,1),('402240400','QUX104-II13-04','2013-07-23','Activo',0.00,50839,1),('402240443','MAY232-I13-01','2013-02-25','Activo',0.00,40931,1),('402240497','EIF200-I13-01','2013-03-05','Activo',0.00,41156,2),('402240497','EIF200-I13-04','2013-05-06','Activo',0.00,41875,1),('402240497','EIF201-II13-01','2013-08-19','Activo',0.00,53007,1),('402240497','MAY230-I13-06','2013-03-07','Activo',0.00,40903,1),('402240497','MAY231-II13-02','2013-07-26','Activo',0.00,50790,1),('402240580','MAX084-I13-08','2013-02-18','Activo',0.00,40842,1),('402240593','MAX084-I14-025','2014-02-11','Activo',0.00,40010,1),('402240593','QUX103-I14-04','2014-02-18','Activo',0.00,40010,1),('402240606','MAX084-I13-06','2013-02-14','Activo',0.00,40842,1),('402240639','MAX084-I13-04','2013-02-14','Activo',0.00,40820,1),('402240639','QUX103-I13-02','2013-02-22','Activo',0.00,42344,1),('402240639','QUX104-II13-02','2013-08-07','Activo',0.00,51350,1),('402240746','MAY231-II13-01','2013-07-23','Activo',0.00,50795,1),('402240747','MAX084-I14-032','2014-02-13','Activo',0.00,40439,3),('402240747','MAX084-II13-017','2013-07-22','Activo',0.00,500727,1),('402240785','EIF200-I13-03','2013-03-13','Activo',0.00,41178,1),('402240785','MAY230-I14-012','2014-02-24','Activo',0.00,40492,1),('402240894','LIX410-II13-09','2013-07-23','Activo',0.00,52947,1),('402240894','MAX084-I13-07','2013-02-15','Activo',0.00,40844,1),('402240894','QUX103-I13-01','2013-02-21','Activo',0.00,42339,1),('402240894','QUX104-II13-03','2013-07-23','Activo',0.00,51352,1),('402240962','QUY515-I13-01','2013-02-27','Activo',0.00,43089,1),('402240962','QUY516-II13-02','2013-08-19','Activo',0.00,50536,1),('402250002','MAX084-I13-05','2013-02-19','Activo',0.00,40847,1),('402250048','MAY230-I14-09','2014-02-24','Activo',0.00,40492,1),('402250095','EIF200-I13-02','2013-03-19','Activo',0.00,41158,1),('402250151','EIF200-I13-04','2013-03-08','Activo',0.00,41833,1),('402250151','EIF201-II13-01','2013-08-22','Activo',0.00,50278,1),('402250152','MAY231-II13-02','2013-07-23','Activo',0.00,50792,1),('402250174','MAY453-I13-01','2013-02-19','Activo',0.00,42956,1),('402250203','LIX411-II13-04','2013-08-07','Activo',0.00,50442,1),('402250203','MAY432-II13-03','2013-08-29','Activo',0.00,51766,1),('402250218','MAY230-I13-06','2013-03-11','Activo',0.00,40884,1),('402250237','EIF200-I13-02','2013-03-12','Activo',0.00,41875,1),('402250237','EIF200-II13-09','2013-08-29','Activo',0.00,50254,1),('402250252','MAY230-I14-011','2014-02-12','Activo',0.00,40503,1),('402250272','EIF200-I13-01','2013-03-07','Activo',0.00,41875,1),('402250272','EIF201-II13-03','2013-09-19','Activo',0.00,50274,1),('402250312','QUC450-I13-02','2013-02-20','Activo',0.00,41908,1),('402250312','QUX101-II13-05','2013-07-23','Activo',0.00,52942,1),('402250402','MAY230-I13-06','2013-04-15','Activo',0.00,40895,1),('402250425','EIF200-I13-02','2013-03-18','Activo',0.00,41875,1),('402250425','EIF201-III13-06','2013-12-11','Activo',0.00,90020,1),('402250462','MAX084-I13-010','2013-02-19','Activo',0.00,40846,1),('402250462','QUX103-I13-02','2013-04-08','Activo',0.00,42344,1),('402250462','QUX104-II13-02','2013-07-23','Activo',0.00,51350,1),('402250477','MAX084-I14-032','2014-02-17','Activo',0.00,400433,1),('402250477','QUX103-I14-06','2014-02-17','Activo',0.00,40014,1),('402250573','MAX084-I14-024','2014-02-11','Activo',0.00,40432,1),('402250626','QUC400-I13-03','2013-03-14','Activo',0.00,41852,1),('402250626','QUC404-II13-02','2013-07-26','Activo',0.00,50510,1),('402250650','MAY230-I14-010','2014-02-24','Activo',0.00,40509,1),('402250681','MAY230-I14-013','2014-02-17','Activo',0.00,40488,1),('402250699','QUX101-I14-08','2014-02-19','Activo',0.00,40026,1),('402250724','EIF200-II13-08','2013-08-19','Activo',0.00,50262,1),('402250724','MAY230-I13-04','2013-02-14','Activo',0.00,40894,1),('402250869','MAX084-I13-011','2013-02-21','Activo',0.00,40838,1),('402250882','EIF200-I14-011','2014-04-28','Activo',0.00,41021,1),('402250882','MAY230-I14-014','2014-03-20','Activo',0.00,40492,1),('402250882','MAY230-I14-09','2014-02-21','Activo',0.00,40492,1),('402250895','QUC400-I13-03','2013-03-14','Activo',0.00,41852,1),('402250895','QUC404-II13-02','2013-07-26','Activo',0.00,50510,1),('402250928','MAX084-I13-05','2013-02-15','Activo',0.00,40842,1),('402250929','QUX103-I14-06','2014-02-25','Activo',0.00,40010,1),('402250954','MAY230-I13-06','2013-03-08','Activo',0.00,40880,1),('402250988','MAY436-I13-02','2013-02-19','Activo',0.00,42627,1),('402250988','QUC450-I13-02','2013-04-02','Activo',0.00,41832,1),('402260003','LIX410-I13-02','2013-02-27','Activo',0.00,40560,1),('402260011','MAX084-I13-08','2013-02-18','Activo',0.00,40830,1),('402260011','MAX085-II13-03','2013-07-31','Activo',0.00,50772,1),('402260036','LIX410-I14-014','2014-02-17','Activo',0.00,41386,1),('402260036','MAX084-I13-02','2013-02-15','Activo',0.00,40830,1),('402260084','MAY230-I14-012','2014-02-14','Activo',0.00,40490,1),('402260222','MAX085-I14-07','2014-02-27','Activo',0.00,41115,1),('402260222','MAY230-I13-01','2013-02-18','Activo',0.00,40884,1),('402260355','MAY230-II13-07','2013-08-12','Activo',0.00,50785,1),('402260365','EIF200-I13-04','2013-03-21','Activo',0.00,41093,1),('402260365','MAY230-I13-05','2013-02-21','Activo',0.00,40884,1),('402260365','MAY231-II13-03','2013-08-08','Activo',0.00,50795,1),('402260371','MAY452-I13-01','2013-03-19','Activo',0.00,42919,1),('402260412','MAX084-I14-027','2014-02-11','Activo',0.00,40440,1),('402260412','QUX103-I14-07','2014-03-04','Activo',0.00,40010,1),('402260436','QUC400-I13-03','2013-03-15','Activo',0.00,41852,1),('402260436','QUC403-II13-03','2013-08-23','Activo',0.00,50499,1),('402260436','QUC404-II13-03','2013-07-26','Activo',0.00,50486,1),('402260452','MAB304-I14-02','2014-02-13','Activo',0.00,40471,1),('402260633','LIX410-I14-015','2014-03-13','Activo',0.00,41232,1),('402260649','MAX084-I13-02','2013-02-19','Activo',0.00,40852,1),('402260649','MAX084-II13-013','2013-08-06','Activo',0.00,50744,1),('402260649','MAX085-I14-06','2014-02-14','Activo',0.00,40455,1),('402260649','QUX101-I13-01','2013-02-19','Activo',0.00,42375,1),('402260649','QUX102-II13-01','2013-09-13','Activo',0.00,51361,1),('402260670','MAY230-I14-09','2014-02-12','Activo',0.00,40507,1),('402260702','MAX084-II13-019','2013-07-30','Activo',0.00,50737,1),('402260727','MAX084-I13-06','2013-02-15','Activo',0.00,43032,1),('402260744','QUX103-I13-03','2013-04-03','Activo',0.00,42344,1),('402260767','MAX084-I14-029','2014-02-12','Activo',0.00,40433,1),('402260784','LIX411-II13-03','2013-08-14','Activo',0.00,50321,1),('402260804','EIF201-II13-03','2013-08-29','Activo',0.00,50274,1),('402260804','EIF204-I14-01','2014-04-28','Activo',0.00,41915,1),('402260850','MAY231-II13-04','2013-08-08','Activo',0.00,50791,1),('402260914','MAY441-I13-02','2013-02-18','Activo',0.00,41937,1),('402260927','EIF200-I13-03','2013-04-02','Activo',0.00,41158,1),('402260927','MAY230-I13-05','2013-02-19','Activo',0.00,40890,1),('402260997','MAX084-I13-04','2013-02-20','Activo',0.00,40849,1),('402260997','MAX084-II13-013','2013-07-23','Activo',0.00,50723,1),('402270019','MAY230-I13-02','2013-02-15','Activo',0.00,40902,1),('402270021','EIF201-II13-03','2013-08-29','Activo',0.00,50274,1),('402270021','MAY230-I13-06','2013-03-19','Activo',0.00,40886,1),('402270021','MAY231-II13-04','2013-08-08','Activo',0.00,50791,1),('402270028','MAY445-II13-03','2013-08-14','Activo',0.00,50812,1),('402270043','MAY432-II13-03','2013-08-05','Activo',0.00,51766,1),('402270043','MAY441-I13-01','2013-03-05','Activo',0.00,41937,1),('402270043','MAY441-II13-03','2013-08-05','Activo',0.00,51766,1),('402270057','MAY230-I13-01','2013-02-18','Activo',0.00,40903,1),('402270058','MAY441-II13-03','2013-09-05','Activo',0.00,51756,1),('402270067','MAY230-I14-014','2014-03-20','Activo',0.00,40492,1),('402270067','MAY230-I14-09','2014-02-21','Activo',0.00,40492,1),('402270108','MAX084-I13-05','2013-02-15','Activo',0.00,40847,1),('402270153','MAX084-I14-035','2014-02-24','Activo',0.00,40433,1),('402270173','EIF200-I13-04','2013-03-08','Activo',0.00,41833,1),('402270173','MAY230-II13-08','2013-07-22','Activo',0.00,50785,1),('402270203','MAY452-I14-04','2014-03-04','Activo',0.00,40457,1),('402270207','MAX084-I13-010','2013-02-19','Activo',0.00,40583,1),('402270260','MAX084-I13-05','2013-02-15','Activo',0.00,40857,1),('402270260','QUY516-III13-03','2013-12-09','Activo',0.00,90002,1),('402270271','MAX085-I14-06','2014-02-18','Activo',0.00,40454,1),('402270271','QUY414-II13-01','2013-07-31','Activo',0.00,51965,1),('402270365','MAX084-I14-033','2014-02-18','Activo',0.00,40441,1),('402270460','MAX084-I13-04','2013-02-18','Activo',0.00,40847,1),('402270489','MAY230-I13-02','2013-02-18','Activo',0.00,40888,1),('402270489','MAY230-I14-014','2014-02-10','Activo',0.00,40492,1),('402270666','MAY230-I14-014','2014-02-12','Activo',0.00,40503,1),('402270667','EIF200-I13-01','2013-03-07','Activo',0.00,41158,1),('402270667','MAY230-I13-03','2013-02-19','Activo',0.00,40895,1),('402270808','MAX084-II13-015','2013-08-20','Activo',0.00,50744,1),('402270816','MAY230-I14-010','2014-02-13','Activo',0.00,40490,1),('402270820','QUD400-I14-02','2014-03-24','Activo',0.00,40353,1),('402270861','MAX084-I14-031','2014-03-24','Activo',0.00,40431,1),('402270956','EIF201-II13-04','2013-08-29','Activo',0.00,50269,1),('402270956','LIX410-I13-03','2013-02-14','Activo',0.00,40530,1),('402270956','MAY230-I13-05','2013-02-14','Activo',0.00,40880,1),('402270956','MAY231-II13-04','2013-08-14','Activo',0.00,50791,1),('402280005','MAX084-I13-010','2013-02-19','Activo',0.00,43068,1),('402280047','MAX084-II13-014','2013-10-14','Activo',0.00,50744,1),('402280061','MAY432-II13-03','2013-07-29','Activo',0.00,51766,1),('402280190','MAY441-I13-01','2013-02-19','Activo',0.00,41906,1),('402280293','EIF200-I13-04','2013-03-18','Activo',0.00,41178,1),('402280293','MAY230-I13-06','2013-03-18','Activo',0.00,40888,1),('402280399','EIF200-I14-011','2014-04-28','Activo',0.00,40981,1),('402280399','MAY230-I14-012','2014-02-13','Activo',0.00,40503,1),('402280652','MAX084-I14-033','2014-02-18','Activo',0.00,40429,1),('402280690','MAX084-I14-031','2014-02-12','Activo',0.00,40443,1),('402280710','MAX084-I13-04','2013-02-15','Activo',0.00,40846,1),('402280710','QUX101-I13-03','2013-02-21','Activo',0.00,41831,1),('402280720','MAX084-I13-01','2013-02-25','Activo',0.00,40838,1),('402280729','MAX084-I13-09','2013-02-14','Activo',0.00,40837,1),('402280742','EIF200-II13-08','2013-08-19','Activo',0.00,50255,1),('402280787','EIF200-I13-02','2013-03-19','Activo',0.00,41158,1),('402280787','EIF200-I14-013','2014-04-28','Activo',0.00,41106,1),('402280818','MAY230-I13-05','2013-02-26','Activo',0.00,40886,1),('402280835','EIF200-II13-07','2013-08-19','Activo',0.00,50254,1),('402280835','EIF200-II13-09','2013-08-29','Activo',0.00,50254,1),('402280835','MAY230-I13-05','2013-02-26','Activo',0.00,40886,1),('402280911','MAX084-I14-033','2014-02-18','Activo',0.00,40450,1),('402288080','QUX103-I13-02','2013-04-25','Activo',0.00,42344,1),('402290001','EIF200-I14-011','2014-04-28','Activo',0.00,40414,1),('402290345','EIF200-I14-012','2014-04-28','Activo',0.00,40981,1),('402290345','MAY230-I14-011','2014-02-11','Activo',0.00,40503,1),('402290361','MAY230-I14-012','2014-02-12','Activo',0.00,40504,1),('402290449','MAY230-I14-011','2014-02-11','Activo',0.00,40490,1),('402290463','MAY230-I14-010','2014-03-05','Activo',0.00,40493,1),('402290483','MAX084-I14-024','2014-02-12','Activo',0.00,40449,1),('402290483','QUX101-I14-08','2014-02-13','Activo',0.00,40026,1),('402290496','MAY230-I14-010','2014-02-17','Activo',0.00,40507,1),('402290581','MAX084-I14-028','2014-03-18','Activo',0.00,40406,1),('402290650','EIF200-I14-011','2014-04-28','Activo',0.00,40414,1),('402290752','MAY230-I14-014','2014-02-17','Activo',0.00,40507,1),('402290805','EIF200-I14-012','2014-04-28','Activo',0.00,41020,1),('402290911','EIF200-I13-03','2013-04-04','Activo',0.00,41977,1),('402290911','EIF201-II13-02','2013-08-22','Activo',0.00,50278,1),('402290932','MAY441-I14-04','2014-02-13','Activo',0.00,40535,1),('402300144','MAX084-I14-029','2014-02-12','Activo',0.00,40433,1),('402300321','MAB304-I14-02','2014-02-11','Activo',0.00,40471,1),('402300329','MAB300-I14-02','2014-02-11','Activo',0.00,40467,1),('402300591','MAY452-I14-04','2014-03-04','Activo',0.00,40457,1),('402300598','EIF200-I14-010','2014-04-28','Activo',0.00,41411,1),('402300730','MAX084-I14-033','2014-02-18','Activo',0.00,40440,1),('402300956','QUX103-I14-06','2014-02-13','Activo',0.00,40015,1),('402300974','QUY516-I14-04','2014-02-18','Activo',0.00,40080,1),('402310159','MAX084-I14-033','2014-02-18','Activo',0.00,40440,1),('402310337','MAX084-I14-028','2014-02-12','Activo',0.00,40442,1),('402310454','EIF200-I14-013','2014-04-28','Activo',0.00,41020,1),('402310522','EIF200-I14-010','2014-04-28','Activo',0.00,41014,1),('402310560','LIX410-I14-014','2014-02-17','Activo',0.00,41388,1),('402310579','MAX084-I14-027','2014-02-11','Activo',0.00,40440,1),('402310604','EIF200-I14-010','2014-04-28','Activo',0.00,41017,1),('402310881','EIF200-I14-011','2014-04-28','Activo',0.00,40414,1),('402310881','MAY230-I14-014','2014-02-17','Activo',0.00,40505,1),('402310899','QUX103-I14-07','2014-02-24','Activo',0.00,40010,1),('402310962','MAX084-I14-027','2014-02-12','Activo',0.00,40441,1),('402320056','MAX084-I14-030','2014-02-12','Activo',0.00,40430,1),('402320156','EIF200-I14-012','2014-04-28','Activo',0.00,41020,1),('402320254','MAY441-I14-05','2014-02-25','Activo',0.00,40532,1),('402320394','EIF200-I14-012','2014-04-28','Activo',0.00,41020,1),('402320394','LIX410-I14-012','2014-02-12','Activo',0.00,41229,1),('402320394','MAY230-I14-011','2014-02-12','Activo',0.00,40490,1),('402320568','QUX103-I14-06','2014-02-20','Activo',0.00,40015,1),('402320872','QUX103-I14-06','2014-02-20','Activo',0.00,40014,1),('402320900','EIF200-I14-010','2014-05-20','Activo',0.00,41014,1),('402320900','MAY230-I14-012','2014-02-24','Activo',0.00,40493,1),('402320944','MAX084-I14-034','2014-02-20','Activo',0.00,40445,1),('402330735','MAX084-I14-031','2014-04-01','Activo',0.00,40444,1),('402500687','LIX410-I13-06','2013-03-04','Activo',0.00,41179,1),('402770580','LIX410-I14-011','2014-02-11','Activo',0.00,41391,1),('420180827','MAX084-I14-027','2014-02-11','Activo',0.00,40428,1),('500385033','FIX 410-I14-03','2014-02-20','Activo',0.00,42258,1),('502830045','QUX102-III13-05','2013-12-16','Activo',0.00,9003,1),('503440945','MCC408-I14-01','2014-03-19','Activo',0.00,40737,1),('503630672','MAY230-II13-07','2013-08-01','Activo',0.00,50788,1),('503690185','MAX084-I13-01','2013-02-26','Activo',0.00,43016,1),('503690185','QUX101-I13-01','2013-02-20','Activo',0.00,41831,1),('503690185','QUX101-I14-08','2014-04-25','Activo',0.00,40025,1),('503700228','MAX085-I13-02','2013-02-20','Activo',0.00,40863,1),('503700228','QUX104-I13-01','2013-02-20','Activo',0.00,42500,1),('503730205','FIY-410-01-I14-02','2014-02-27','Activo',0.00,42229,1),('503730205','MAX085-I13-02','2013-02-19','Activo',0.00,40865,1),('503730672','EIF200-II13-08','2013-08-29','Activo',0.00,50262,1),('503740772','AME404-I13-01','2013-02-21','Activo',0.00,40590,1),('503780284','MCC401-I14-01','2014-02-24','Activo',0.00,40693,1),('503790105','MAY452-I13-01','2013-02-25','Activo',0.00,42919,1),('503790567','MAX084-I13-04','2013-02-18','Activo',0.00,40820,1),('503790567','MAX084-II13-019','2013-07-22','Activo',0.00,50729,1),('503790567','MAX084-III13-022','2013-12-03','Activo',0.00,90036,1),('503790567','QUX101-II13-05','2013-07-30','Activo',0.00,50835,1),('503790567','QUX101-II13-06','2013-07-31','Activo',0.00,50835,1),('503810399','MAX084-I13-01','2013-02-18','Activo',0.00,40849,1),('503810763','MAX084-I14-030','2014-02-12','Activo',0.00,40431,1),('503830220','QUY515-I13-01','2013-02-27','Activo',0.00,42509,1),('503840156','AME404-II13-03','2013-07-31','Activo',0.00,51223,1),('503840578','MAX085-II13-03','2013-08-05','Activo',0.00,50756,1),('503840578','QUX101-II13-05','2013-08-05','Activo',0.00,51953,1),('503850033','QUX101-I13-02','2013-02-26','Activo',0.00,42582,1),('503860021','QUC400-I13-01','2013-02-25','Activo',0.00,41851,1),('503860021','QUC403-II13-03','2013-08-01','Activo',0.00,50499,1),('503880532','MCC408-I14-01','2014-03-19','Activo',0.00,40737,1),('503890561','QUC400-I13-02','2013-03-22','Activo',0.00,41851,1),('503930498','MAB304-I13-01','2013-02-20','Activo',0.00,40427,1),('503940265','LIX410-I14-012','2014-02-12','Activo',0.00,41244,1),('503940489','LIX410-I14-012','2014-03-17','Activo',0.00,41232,1),('503940562','MAB300-I13-01','2013-02-18','Activo',0.00,40416,1),('503950697','MAY441-II13-03','2013-09-04','Activo',0.00,51757,1),('503970099','MAY452-I13-01','2013-02-25','Activo',0.00,42919,1),('503970562','MAY441-II13-03','2013-07-22','Activo',0.00,51757,1),('503980727','MAX084-I13-011','2013-02-25','Activo',0.00,40841,1),('503990466','QUC450-I13-02','2013-02-20','Activo',0.00,41908,1),('504000050','MAB304-I13-01','2013-02-19','Activo',0.00,40426,1),('504010457','LIX410-I13-04','2013-02-14','Activo',0.00,41191,1),('504010457','MAY441-I13-02','2013-02-14','Activo',0.00,41925,1),('504010840','MAX084-I14-035','2014-02-24','Activo',0.00,40433,1),('504010840','QUX103-I14-07','2014-02-14','Activo',0.00,40013,1),('504020461','MAX084-I13-010','2013-02-18','Activo',0.00,40853,1),('504040070','MAY440-I14-04','2014-02-14','Activo',0.00,40555,1),('504040633','SPJ202-I13-01','2013-03-13','Activo',0.00,42164,1),('504050540','SPJ202-I13-01','2013-03-11','Activo',0.00,42164,1),('504050868','LIX410-I13-03','2013-02-14','Activo',0.00,41184,1),('504050868','MAY440-I13-02','2013-03-05','Activo',0.00,42859,1),('504060560','MAX084-I14-032','2014-03-17','Activo',0.00,40443,1),('504060560','QUX101-I14-07','2014-03-17','Activo',0.00,40033,1),('504070003','QUX103-I13-03','2013-05-06','Activo',0.00,42336,1),('504070003','QUX104-II13-03','2013-08-22','Activo',0.00,50837,1),('504070739','EIF200-I14-011','2014-04-28','Activo',0.00,40414,1),('504070739','MAY230-I14-014','2014-02-17','Activo',0.00,40505,1),('504070843','MAY230-I14-010','2014-02-19','Activo',0.00,40488,1),('504070941','MAX084-I14-026','2014-02-11','Activo',0.00,40440,1),('504080641','LIX410-I14-011','2014-02-11','Activo',0.00,41374,1),('504080641','MAY440-I14-04','2014-02-11','Activo',0.00,40555,1),('504100061','QUX103-I14-04','2014-02-14','Activo',0.00,40013,1),('600429021','MAX084-I14-024','2014-02-12','Activo',0.00,40436,1),('600430624','MAY452-I14-04','2014-03-03','Activo',0.00,40457,1),('602870645','MAX084-I13-01','2013-02-18','Activo',0.00,40849,1),('602920958','MAX084-III13-022','2013-12-02','Activo',0.00,90034,1),('603620578','EIF201-II13-02','2013-08-20','Activo',0.00,50278,1),('603620578','MAY231-II13-02','2013-07-31','Activo',0.00,50794,1),('603620578','MAY231-III13-05','2013-12-12','Activo',0.00,90039,1),('603750237','AME404-II13-02','2013-07-30','Activo',0.00,51223,1),('603930709','MAX084-I13-01','2013-02-14','Activo',0.00,43068,1),('603930709','QUX104-I13-01','2013-02-25','Activo',0.00,42500,1),('603980209','MAY223-II13-01','2013-08-26','Activo',0.00,50800,1),('604020405','LIX411-I13-02','2013-02-14','Activo',0.00,41287,1),('604040420','MAY433-II13-01','2013-08-12','Activo',0.00,51977,1),('604040955','AME404-II13-02','2013-08-07','Activo',0.00,51223,1),('604050008','LIX410-I14-013','2014-02-12','Activo',0.00,41374,1),('604050008','MAY441-I14-05','2014-02-12','Activo',0.00,40532,1),('604070398','MAY433-II13-01','2013-08-23','Activo',0.00,51977,1),('604080721','MAX084-I14-035','2014-02-24','Activo',0.00,40433,1),('604090239','EIF200-I14-010','2014-04-28','Activo',0.00,41017,1),('604100291','LIX410-I13-06','2013-03-05','Activo',0.00,41183,1),('604110242','MAY445-II13-03','2013-08-16','Activo',0.00,50812,1),('604120759','QUC400-I13-02','2013-02-20','Activo',0.00,41852,1),('604130270','LIX410-I13-07','2013-03-05','Activo',0.00,41183,1),('604130270','LIX411-II13-04','2013-08-13','Activo',0.00,51756,1),('604130409','MAY441-I14-04','2014-02-20','Activo',0.00,40532,1),('604130952','MAY452-I14-03','2014-02-14','Activo',0.00,40458,1),('604140420','MAY230-I14-014','2014-02-11','Activo',0.00,40490,1),('604140452','MAY452-I14-04','2014-03-04','Activo',0.00,40457,1),('604140954','EIF204-I14-01','2014-04-28','Activo',0.00,41915,1),('604140954','MAY230-I13-05','2013-02-20','Activo',0.00,40902,2),('604140954','MAY231-II13-03','2013-08-20','Activo',0.00,50790,1),('604150371','MAX084-I13-012','2013-04-24','Activo',0.00,40852,1),('604150371','QUX101-I13-03','2013-04-17','Activo',0.00,42493,1),('604150954','MAY230-I14-010','2014-02-19','Activo',0.00,40504,1),('604150984','QUX103-I14-04','2014-02-14','Activo',0.00,40010,1),('604160252','LIX410-I13-06','2013-03-05','Activo',0.00,41183,1),('604160303','FIY411-II13-01','2013-07-26','Activo',0.00,51798,1),('604160544','MAX084-I13-04','2013-02-15','Activo',0.00,40852,1),('604162810','MAX084-I14-028','2014-02-13','Activo',0.00,40428,1),('604170124','LIX410-I14-014','2014-02-18','Activo',0.00,41375,1),('604170548','MAX084-I13-05','2013-02-14','Activo',0.00,40830,1),('604170775','MAX084-I13-01','2013-02-19','Activo',0.00,40853,1),('604170855','LIX410-I13-01','2013-02-15','Activo',0.00,41186,1),('604170855','MAX084-II13-019','2013-07-29','Activo',0.00,50750,1),('604170855','MAY440-I13-02','2013-03-05','Activo',0.00,42859,1),('604190071','EIF200-I13-02','2013-03-15','Activo',0.00,41838,1),('604190071','LIX410-I13-04','2013-02-14','Activo',0.00,40530,1),('604190071','LIX411-II13-03','2013-07-30','Activo',0.00,50207,1),('604190071','MAY230-I13-03','2013-02-14','Activo',0.00,40890,1),('604190071','MAY230-II13-08','2013-07-30','Activo',0.00,50788,1),('604190190','MAX084-I13-07','2013-02-18','Activo',0.00,40844,1),('604190190','MAX084-II13-016','2013-08-26','Activo',0.00,50730,1),('604190190','QUX103-I13-01','2013-02-19','Activo',0.00,42339,1),('604190471','SPJ202-I13-01','2013-04-08','Activo',0.00,42164,1),('604190605','MCC401-I14-01','2014-02-25','Activo',0.00,40693,1),('604190793','QUC400-I13-01','2013-02-22','Activo',0.00,41852,1),('604190793','QUC403-II13-03','2013-07-29','Activo',0.00,50499,1),('604200807','LIX410-I14-012','2014-02-12','Activo',0.00,41362,1),('604210013','MAX084-I14-030','2014-02-11','Activo',0.00,40443,1),('604210013','QUX103-I14-07','2014-02-27','Activo',0.00,40015,1),('604210145','FIX 410-I14-04','2014-02-24','Activo',0.00,42291,1),('604210145','LIX411-II13-06','2013-07-26','Activo',0.00,50324,1),('604210145','MAY440-I13-02','2013-03-05','Activo',0.00,42859,1),('604210782','MAY452-I14-04','2014-03-03','Activo',0.00,40457,1),('604210785','MAX084-I14-030','2014-02-11','Activo',0.00,40444,1),('604210785','QUX103-I14-07','2014-02-27','Activo',0.00,40015,1),('604210937','MAX084-I13-08','2013-02-18','Activo',0.00,40839,1),('604210937','MAX084-II13-016','2013-08-08','Activo',0.00,50730,1),('604220001','MAX084-I14-024','2014-04-29','Activo',0.00,40430,1),('604220001','QUX103-I14-06','2014-02-14','Activo',0.00,40013,1),('604220440','MAY231-II13-01','2013-07-23','Activo',0.00,50795,1),('604220712','MAY452-I14-03','2014-02-12','Activo',0.00,40459,1),('604230033','MAB300-I13-01','2013-02-21','Activo',0.00,40419,1),('604230033','MAB304-I13-01','2013-02-21','Activo',0.00,40427,1),('604230357','FIY-410-01-I14-02','2014-04-03','Activo',0.00,42227,1),('604230357','MAX084-I13-07','2013-02-18','Activo',0.00,40844,1),('604230357','QUX103-I13-01','2013-02-19','Activo',0.00,42339,1),('604230741','MAB300-I13-01','2013-02-14','Activo',0.00,40416,1),('604230741','MAB304-I13-01','2013-02-22','Activo',0.00,40416,1),('604230913','SPJ202-I13-01','2013-03-04','Activo',0.00,42164,1),('604240078','MAX084-I13-01','2013-03-19','Activo',0.00,40820,1),('604240078','QUX103-I13-03','2013-03-19','Activo',0.00,42339,1),('604240371','MAX084-I14-033','2014-02-18','Activo',0.00,40441,1),('604240371','QUX101-I14-08','2014-02-13','Activo',0.00,40034,1),('604250792','MAX084-I14-028','2014-02-12','Activo',0.00,4449,1),('604260005','LIX410-I14-010','2014-02-12','Activo',0.00,41364,1),('604260246','MAY452-I14-03','2014-02-12','Activo',0.00,40457,1),('604270953','MAY230-I14-011','2014-02-12','Activo',0.00,40508,1),('604280070','MAX084-I14-026','2014-02-11','Activo',0.00,40444,1),('604280070','QUX103-I14-05','2014-02-21','Activo',0.00,40110,1),('604290763','MAY452-I14-03','2014-02-25','Activo',0.00,40457,1),('604310444','LIX410-I14-011','2014-03-17','Activo',0.00,41261,1),('604340087','QUY516-I14-04','2014-02-18','Activo',0.00,40080,1),('604350502','MAX084-I13-09','2013-02-14','Activo',0.00,40839,1),('604360603','MAY452-I14-04','2014-03-04','Activo',0.00,40457,1),('701430291','LIX410-I14-013','2014-03-05','Activo',0.00,41246,1),('701760110','MAY452-I14-04','2014-03-03','Activo',0.00,40458,1),('701800538','MAY431-II13-01','2013-10-04','Activo',0.00,50816,1),('701850764','MAX084-I13-07','2013-02-26','Activo',0.00,40849,1),('701850764','MAX084-I14-031','2014-02-11','Activo',0.00,4294,4),('701910804','LIX410-II13-08','2013-07-23','Activo',0.00,50251,1),('701910804','MAX084-I13-01','2013-02-18','Activo',0.00,40820,1),('701910804','MAX084-I14-028','2014-03-06','Activo',0.00,40439,1),('701910804','QUX101-I14-07','2014-02-24','Activo',0.00,43115,1),('701910804','QUX103-I13-02','2013-02-21','Activo',0.00,42339,1),('701910804','QUX103-I14-07','2014-03-06','Activo',0.00,40013,1),('701990707','MAX084-I14-031','2014-02-11','Activo',0.00,40435,1),('701990707','QUX101-I14-08','2014-02-13','Activo',0.00,40025,1),('701990883','AME404-II13-02','2013-08-14','Activo',0.00,51223,1),('701990883','MAY446-II13-01','2013-08-08','Activo',0.00,52870,1),('702030629','LIX411-I13-01','2013-02-14','Activo',0.00,41243,1),('702030748','AME404-II13-03','2013-07-29','Activo',0.00,51223,1),('702030817','MAX084-I13-09','2013-02-18','Activo',0.00,40839,1),('702050315','MCC408-I14-01','2014-03-19','Activo',0.00,40737,1),('702070342','LIX410-I13-01','2013-02-18','Activo',0.00,41186,1),('702070342','MAY440-I13-02','2013-03-05','Activo',0.00,42860,1),('702070582','MAX084-I13-07','2013-02-18','Activo',0.00,43068,1),('702070582','MAX085-I14-06','2014-03-12','Activo',0.00,40454,1),('702070582','MAX085-II13-04','2013-07-23','Activo',0.00,50762,1),('702070582','QUX102-III13-05','2013-12-10','Activo',0.00,90003,1),('702070582','QUX103-I13-01','2013-02-21','Activo',0.00,42339,1),('702090936','LIX410-I14-011','2014-02-11','Activo',0.00,41385,1),('702090936','MAX084-I13-04','2013-02-18','Activo',0.00,40849,1),('702090936','QUX101-I13-01','2013-02-20','Activo',0.00,42584,1),('702090936','QUX104-II13-03','2013-07-23','Activo',0.00,50837,1),('702090936','QUY516-III13-03','2013-12-10','Activo',0.00,90002,1),('702100399','MAX084-I14-032','2014-02-14','Activo',0.00,40439,1),('702110086','EIF200-I13-04','2013-03-13','Activo',0.00,41156,1),('702110086','LIX410-I13-03','2013-02-18','Activo',0.00,40521,1),('702110086','MAY230-I13-02','2013-02-18','Activo',0.00,40895,1),('702120333','MAX084-I13-05','2013-02-14','Activo',0.00,43032,1),('702120333','MAX085-II13-03','2013-08-01','Activo',0.00,50772,1),('702120333','QUX101-I13-01','2013-02-21','Activo',0.00,42375,1),('702120333','QUX102-II13-02','2013-08-16','Activo',0.00,51361,1),('702120333','QUX102-II13-03','2013-08-14','Activo',0.00,51361,1),('702130154','LIX410-I13-02','2013-02-27','Activo',0.00,43027,1),('702130154','MAY441-I13-02','2013-02-15','Activo',0.00,41916,1),('702130176','MAX084-I13-07','2013-02-18','Activo',0.00,40853,1),('702130176','QUX101-I13-01','2013-02-25','Activo',0.00,42451,1),('702130177','MAX084-I13-01','2013-02-15','Activo',0.00,40846,1),('702130177','QUX103-I13-03','2013-04-15','Activo',0.00,42344,1),('702140055','MAX084-I13-02','2013-02-14','Activo',0.00,40843,1),('702140055','QUX101-I13-02','2013-02-19','Activo',0.00,42451,1),('702140055','QUX104-II13-04','2013-07-23','Activo',0.00,50839,1),('702150344','MAY230-I14-012','2014-02-18','Activo',0.00,40502,1),('702150501','MAX084-I13-03','2013-02-15','Activo',0.00,40830,1),('702160242','MAX084-I14-030','2014-02-11','Activo',0.00,40447,1),('702170678','LIX410-I13-05','2013-02-25','Activo',0.00,40560,1),('702170932','MAX084-I14-035','2014-02-24','Activo',0.00,40433,1),('702170932','QUX103-I14-05','2014-02-18','Activo',0.00,40013,1),('702200631','MAX084-I13-012','2013-02-26','Activo',0.00,40852,1),('702230111','MAX084-I13-011','2013-02-21','Activo',0.00,40842,1),('702230111','QUX103-I13-01','2013-02-21','Activo',0.00,42344,1),('702240762','MAX084-II13-014','2013-07-29','Activo',0.00,50725,1),('702240762','QUX101-I14-07','2014-02-13','Activo',0.00,40034,2),('702240945','MAY452-I14-04','2014-03-03','Activo',0.00,40458,1),('702260140','FIX310-I14-02','2014-02-21','Activo',0.00,42214,1),('702260856','MAY452-I13-01','2013-02-19','Activo',0.00,42918,1),('702280075','EIF200-I14-010','2014-04-28','Activo',0.00,40411,1),('702280600','MAX085-II13-04','2013-07-23','Activo',0.00,50762,1),('702280600','QUX103-I13-03','2013-02-21','Activo',0.00,42577,1),('702280600','QUY414-II13-02','2013-07-31','Activo',0.00,51965,1),('702290124','MAY436-I13-02','2013-02-18','Activo',0.00,42626,1),('702290822','LIX410-I14-013','2014-02-18','Activo',0.00,43002,1),('702300076','MAY440-I14-04','2014-02-12','Activo',0.00,40555,1),('702300581','LIX411-II13-04','2013-07-24','Activo',0.00,41126,1),('702300612','LIX410-I13-02','2013-02-27','Activo',0.00,42027,1),('702310001','FIY-410-01-I14-02','2014-02-21','Activo',0.00,42222,1),('702310001','MAX085-I13-02','2013-02-14','Activo',0.00,40865,1),('702310587','MAX084-I13-011','2013-02-21','Activo',0.00,40826,1),('702310587','MAY445-II13-03','2013-08-14','Activo',0.00,50812,1),('702320179','LIX410-I13-07','2013-03-05','Activo',0.00,41188,1),('702320179','LIX410-II13-08','2013-07-22','Activo',0.00,53003,1),('702320203','MAB304-I14-03','2014-03-04','Activo',0.00,43167,1),('702320257','MAX084-I14-032','2014-02-14','Activo',0.00,40443,1),('702320289','LIX410-I13-02','2013-03-04','Activo',0.00,43027,1),('702320620','LIX411-I14-06','2014-02-11','Activo',0.00,41987,1),('702320715','MAY432-III13-04','2013-12-09','Activo',0.00,90066,1),('702320715','MAY441-II13-03','2013-07-22','Activo',0.00,51757,1),('702340305','LIX410-I14-012','2014-02-13','Activo',0.00,41229,1),('702340305','MAB304-I14-02','2014-02-12','Activo',0.00,40472,1),('702350565','EIF200-I13-05','2013-03-11','Activo',0.00,41875,1),('702350565','EIF201-III13-06','2013-12-11','Activo',0.00,90020,1),('702350565','EIF204-I14-01','2014-04-28','Activo',0.00,41919,1),('702350565','LIX410-I13-02','2013-02-14','Activo',0.00,41182,1),('702350565','MAY230-I13-01','2013-02-14','Activo',0.00,40880,1),('702360322','EIF200-I13-02','2013-03-13','Activo',0.00,41178,1),('702360675','LIX410-I14-014','2014-02-18','Activo',0.00,41370,1),('702360675','MAY441-I14-05','2014-02-19','Activo',0.00,40540,1),('702370272','LIX410-I14-014','2014-02-17','Activo',0.00,41234,1),('702370539','MAX084-I14-036','2014-02-24','Activo',0.00,40444,1),('702380026','MAY440-I13-02','2013-03-05','Activo',0.00,428589,1),('702380374','QUX103-I14-06','2014-02-18','Activo',0.00,40010,1),('702380595','LIX410-I14-010','2014-03-19','Activo',0.00,41230,1),('702380595','MAY441-I14-04','2014-03-20','Activo',0.00,43111,1),('702380595','MAY441-II13-03','2013-08-05','Activo',0.00,51756,1),('702380596','MAB300-I13-01','2013-02-18','Activo',0.00,40419,1),('702390713','MAX084-I13-08','2013-02-14','Activo',0.00,40826,1),('702390713','QUX101-II13-05','2013-07-30','Activo',0.00,50835,1),('702400550','MAX084-I13-012','2013-03-04','Activo',0.00,40841,1),('702400550','MAX085-II13-04','2013-08-07','Activo',0.00,50756,1),('702430742','MAY230-I14-010','2014-02-20','Activo',0.00,40507,1),('702430830','QUX103-I14-07','2014-02-25','Activo',0.00,40010,1),('702440940','MAY440-I14-04','2014-02-12','Activo',0.00,40555,1),('702450804','MAY230-I14-010','2014-02-12','Activo',0.00,40490,1),('702460619','MAX084-I14-034','2014-02-20','Activo',0.00,40444,1),('702470482','MAX084-I14-026','2014-02-11','Activo',0.00,40436,1),('702470482','QUX101-I14-08','2014-02-13','Activo',0.00,40034,1),('702470662','MAX084-I14-027','2014-02-12','Activo',0.00,40434,1),('702470775','MAX084-I14-024','2014-02-12','Activo',0.00,40431,1),('702470817','MAX084-I14-029','2014-02-11','Activo',0.00,40442,1),('702470817','QUX101-I14-08','2014-02-13','Activo',0.00,40025,1),('800790772','MAX084-I13-06','2013-02-15','Activo',0.00,40847,1),('800930378','MAY445-II13-03','2013-08-20','Activo',0.00,50812,1),('800960712','LIX410-I14-010','2014-02-12','Activo',0.00,41383,1),('800960712','MAB300-I14-02','2014-02-11','Activo',0.00,40467,1),('800960712','MAB300-I14-03','2014-03-11','Activo',0.00,40467,1),('800960712','MAB304-I14-02','2014-02-12','Activo',0.00,40471,1),('800970112','MAY230-I13-02','2013-02-19','Activo',0.00,40886,1),('800990264','MAX084-I13-01','2013-02-19','Activo',0.00,40849,1),('801030130','MAY230-I14-010','2014-02-18','Activo',0.00,40504,1),('801030734','MAX084-I14-024','2014-04-24','Activo',0.00,40434,1),('801030734','MAX084-I14-030','2014-02-12','Activo',0.00,40434,1),('801030902','QUD400-I13-01','2013-02-20','Activo',0.00,42904,1),('804138774','MAX084-I14-026','2014-02-11','Activo',0.00,40437,1),('805358845','MAX084-I14-030','2014-02-12','Activo',0.00,40429,1),('807850448','MAX084-I14-035','2014-02-24','Activo',0.00,40433,1),('901090719','QUY515-I13-01','2013-03-06','Activo',0.00,43089,1),('901190958','ECY415-II13-01','2013-10-03','Activo',0.00,51594,1),('901250088','MAX084-I13-07','2013-02-19','Activo',0.00,40849,1),('901270246','EIF200-II13-07','2013-08-19','Activo',0.00,50254,1),('901270246','EIF200-II13-09','2013-08-29','Activo',0.00,50254,1),('95344','MAY452-II13-02','2013-08-16','Activo',0.00,50811,1),('97315','LIX411-I13-01','2013-04-09','Activo',0.00,41284,1);
/*!40000 ALTER TABLE `MATRICULA` ENABLE KEYS */;
UNLOCK TABLES;
--
-- Table structure for table `RETIRARON`
--
DROP TABLE IF EXISTS `RETIRARON`;
/*!40101 SET @saved_cs_client     = @@character_set_client */;
/*!40101 SET character_set_client = utf8 */;
CREATE TABLE `RETIRARON` (
  `EID` varchar(15) NOT NULL,
  `FECHAMATRICULA` date NOT NULL,
  `FECHARETIRO` date NOT NULL,
  `TUTORIACOD` varchar(25) NOT NULL,
  `MOTIVO` varchar(1000) NOT NULL,
  PRIMARY KEY (`EID`,`TUTORIACOD`),
  KEY `TUTORIACOD` (`TUTORIACOD`),
  CONSTRAINT `RETIRARON_ibfk_1` FOREIGN KEY (`EID`) REFERENCES `ESTUDIANTE` (`ID`),
  CONSTRAINT `RETIRARON_ibfk_2` FOREIGN KEY (`TUTORIACOD`) REFERENCES `TUTORIA` (`COD`)
) ENGINE=InnoDB DEFAULT CHARSET=utf8;
/*!40101 SET character_set_client = @saved_cs_client */;
--
-- Dumping data for table `RETIRARON`
--
LOCK TABLES `RETIRARON` WRITE;
/*!40000 ALTER TABLE `RETIRARON` DISABLE KEYS */;
INSERT INTO `RETIRARON` VALUES ('109190649','2014-02-12','2014-02-18','LIX410','3'),('113470843','2014-02-20','2014-04-08','FIX310','problemas con el horario'),('113760700','2014-02-14','2014-03-03','QUX103','2'),('114090051','2014-02-18','2014-03-26','QUY516','esta en resindencias y le queda difícil para regresarse'),('114640317','2014-02-18','2014-03-25','MAX084','se le retira por ausencias injustificadas'),('114750918','2014-02-18','2014-03-25','MAX084','se le retira por ausencias injustificadas'),('114830179','2014-02-12','2014-02-18','MAX084','3'),('114870600','2014-02-12','2014-03-25','MAY440','se le retira por ausencias injustificadas'),('114930130','2014-02-13','2014-02-17','QUX101','3'),('114950355','2014-02-13','2014-03-19','LIX410','retiro curso'),('114990507','2014-04-28','2014-05-20','EIF200','choca con horario de curso'),('114990507','2014-02-12','2014-02-18','LIX410','3'),('115010372','2014-02-26','2014-03-25','FIX 410','está trabajando'),('115230480','2014-02-14','2014-03-04','MAX085','2'),('115290242','2014-02-20','2014-03-19','MAX084','no le resulta'),('115340452','2014-02-12','2014-02-13','MAX084','3'),('115350110','2014-02-17','2014-02-17','MAX085','3'),('115350203','2014-02-14','2014-04-23','QUX103','se le retira por ausencias injustificadas'),('115410875','2014-02-12','2014-04-03','LIX410','no le sirve para la CARRERA, lleva enseñanza de inglés'),('115420325','2014-02-19','2014-02-26','MAY230','3'),('115430786','2014-02-21','2014-03-19','MAX085','le choca con horario'),('115450766','2014-02-13','2014-02-19','LIX410','3'),('115470903','2014-02-13','2014-04-23','QUX101','choque horario'),('115480353','2014-03-03','2014-03-13','MAX084','3'),('115520799','2014-02-14','2014-02-14','LIX410','1'),('115520799','2014-03-03','2014-03-12','MAB300','3'),('115560707','2014-02-20','2014-03-20','MAX084','cambiaron de horario en el trabajo'),('115570091','2014-02-12','2014-02-14','LIX410','3'),('115660878','2014-02-12','2014-03-19','LIX410','siente que no la ocupa'),('115690031','2014-03-12','2014-05-22','QUX101','horas colaboración'),('115750410','2014-02-11','2014-03-25','MAX084','SE LE RETIRA POR AUSENCIAS INJUSTIFICADAS'),('115770593','2014-02-11','2014-03-25','MAX084','se le ratira por ausencias injustificadas'),('115790422','2014-02-13','2014-04-23','QUX101','matriculo un curso en este horario'),('115800638','2014-02-12','2014-05-05','MAY452','por falta de tiempo'),('115860912','2014-02-11','2014-03-11','MAX084','2'),('115930416','2014-02-28','2014-03-14','LIX411','2'),('115940442','2014-02-18','2014-03-25','MAX084','se le retira por ausencias injustificadas'),('116040323','2014-02-13','2014-03-25','MAY230','se le retira por ausencias injustificadas'),('116060406','2014-02-11','2014-03-25','MAX084','se le retira popr ausencias injustificadas'),('116080337','2014-02-11','2014-03-25','MAX084','se le retira por ausencias injustificadas'),('116090289','2014-02-11','2014-02-25','MAX084','3'),('116130203','2014-04-28','2014-04-28','EIF204','se le matriculó en horario equivocado'),('116130589','2014-02-17','2014-02-17','MAX085','3'),('116150045','2014-02-12','2014-04-24','MAX084','NO LE SIRVEN GRUPALES'),('116150548','2014-02-14','2014-02-24','MAX084','3'),('116180937','2014-02-11','2014-03-25','MAX084','se le retira por ausencias injustificadas'),('116200501','2014-02-24','2014-03-25','MAX085','cambio de horario'),('116230188','2014-02-11','2014-03-19','LIX410','no le sirve el horario'),('116260456','2014-02-12','2014-03-25','MAX084','se le rretira por ausencias injustificadas'),('116260955','2014-02-12','2014-02-13','MAX084','3'),('116270026','2014-02-11','2014-03-25','MAX084','se le retira po ausencias injustificadas'),('116270721','2014-02-14','2014-03-12','MAX084','3'),('116280605','2014-02-18','2014-02-18','MAX085','2'),('116280647','2014-02-13','2014-03-25','MAY440','se le retira por ausencias injustificadas'),('116300393','2014-02-18','2014-04-08','MAY230','no tiene tiempo'),('116330141','2014-02-11','2014-03-03','MAX084','2'),('116340447','2014-02-19','2014-03-19','QUY516','no le esta sirviendo'),('116340775','2014-02-13','2014-02-18','LIX410','3'),('116380363','2014-02-11','2014-03-19','MAX084','ya no necesita TUTORía'),('116390504','2014-02-17','2014-03-06','QUX101','2'),('116410262','2014-02-18','2014-02-26','MAX084','2'),('116410289','2014-02-12','2014-03-28','MAY452','no lo necesita, ya entiende'),('116440310','2014-02-17','2014-02-17','MAY230','3'),('116460426','2014-02-27','2014-03-03','MAX085','2'),('116510659','2014-02-24','2014-04-23','QUX103','no necesita la TUTORía, solo va a estudiar más'),('116530530','2014-02-24','2014-03-20','MAX084','le choca'),('116530921','2014-02-18','2014-04-25','QUY516','no le entiende al TUTOR'),('116550820','2014-02-24','2014-05-20','MAB304','ya no las necesita'),('118582','2014-02-18','2014-03-25','MAX084','se le retira por ausencias injustificadas'),('122534','2014-02-24','2014-03-25','MAX084','se le retira por ausencias injustificadas'),('125341','2014-02-13','2014-03-19','LIX410','choca con horario'),('127216','2014-02-18','2014-02-25','QUX103','3'),('127864','2014-02-12','2014-02-12','LIX410','error'),('206730516','2014-02-11','2014-02-17','LIX410','3'),('206830360','2014-02-12','2014-02-20','MAY452','3'),('206850771','2014-02-12','2014-02-13','MAX085','3'),('206920029','2014-02-18','2014-03-12','MAY230','3'),('206920460','2014-02-12','2014-03-20','LIX410','se le asignó individual'),('206920460','2014-02-17','2014-03-20','QUX101','se le asignó individual'),('206990901','2014-02-11','2014-02-11','MAY452','3'),('207020545','2014-02-12','2014-03-12','MAY230','3'),('207070442','2014-02-18','2014-03-25','MAX085','se le retira por ausencias injustidicadas'),('207230948','2014-03-18','2014-05-27','MAX085','motivos personales'),('207280496','2014-02-13','2014-02-18','LIX411','2'),('207300908','2014-03-03','2014-04-07','MAY452','no se consentra con le GRUPO, hacen mucha bulla'),('207310340','2014-02-11','2014-03-19','MAX084','le choca con horario'),('207320037','2014-03-18','2014-03-18','MAX084','3'),('207320279','2014-02-13','2014-02-24','QUC400','2'),('207320905','2014-02-24','2014-04-29','MAX084','se le cambia de horario'),('207350535','2014-02-12','2014-03-19','MAX084','se cambio de universidad'),('207360172','2014-03-13','2014-03-25','QUX103','CAMBIA DE HORARIO'),('207360430','2014-02-13','2014-04-23','QUX101','le choca con una materia'),('207390468','2014-02-12','2014-02-27','MAX084','2'),('207460592','2014-02-14','2014-02-17','QUX103','3'),('207550787','2014-02-13','2014-03-11','MAX084','2'),('207560450','2014-02-13','2014-02-18','LIX410','3'),('207560535','2014-02-18','2014-03-19','MAX085','le choca con horario solo puede una hora'),('208670384','2014-02-17','2014-04-23','QUX101','le choca con TUTORía de matemática'),('208690043','2014-02-13','2014-03-19','LIX410','no tiene tiempo'),('216250898','2014-02-12','2014-02-13','MAY452','3'),('304530093','2014-02-18','2014-03-27','MAX085','no entiende al TUTOR'),('304680701','2014-02-12','2014-03-14','LIX410','2'),('304780814','2014-02-12','2014-02-17','MAX084','3'),('304840453','2014-02-11','2014-03-19','MAX084','le choca con curso'),('304850080','2014-02-17','2014-03-25','QUX103','cambia de horario'),('304850732','2014-02-12','2014-04-28','MAX084','se le cambia de horario'),('304890450','2014-02-14','2014-04-03','QUX103','no le sirve el horario'),('304980068','2014-02-12','2014-02-14','LIX410','3'),('401260909','2013-11-22','2013-11-22','PRUEBA','123we,fmdsvmcvmkcvikfjkksdlsd'),('401520495','2014-02-10','2014-02-11','MAX084','3'),('401520495','2013-12-11','2014-02-11','QUY516','3'),('401860878','2014-02-11','2014-03-10','MAX084','3'),('402030401','2013-11-22','2014-02-11','PRUEBA','curso de prueba'),('402130663','2014-02-11','2014-02-11','PRUEBA','curso de prueba'),('402130666','2014-02-11','2014-02-11','PRUEBA','curso de prueba'),('402130667','2014-02-11','2014-02-11','PRUEBA','curso de prueba'),('402130668','2014-04-27','2014-04-27','FIX-411','prueba'),('402130668','2014-04-27','2014-04-27','FIX310','prueba'),('402130668','2014-04-27','2014-04-27','LIX411','prueba'),('402130668','2014-04-27','2014-04-27','MAX085','prueba'),('402130668','2014-04-27','2014-04-27','MAY436','prueba'),('402130668','2014-04-27','2014-04-27','MCC408','prueba'),('402130668','2013-12-05','2014-02-11','PRUEBA','curso de prueba'),('402130668','2014-04-27','2014-04-27','QU406','prueba'),('402130668','2014-04-27','2014-04-27','QUC400','prueba'),('402130668','2014-04-27','2014-04-27','QUC404','prueba'),('402130668','2014-04-27','2014-04-27','QUC450','prueba'),('402130668','2014-04-27','2014-04-27','QUD400','prueba'),('402130669','2014-02-11','2014-02-11','PRUEBA','curso de prueba'),('402180827','2014-02-11','2014-03-03','MAX084','2'),('402220455','2014-02-12','2014-03-19','LIX410','tiene bebé y no puede'),('402240406','2014-02-18','2014-03-12','MAX084','3'),('402250591','2014-02-12','2014-03-19','LIX410','no le esta sirviendo'),('402250591','2014-02-12','2014-03-04','MAY440','2'),('402250673','2014-02-12','2014-03-12','MAX084','3'),('402270816','2014-02-13','2014-02-27','LIX410','2'),('402280652','2014-02-12','2014-02-18','MAX084','3'),('402290449','2014-02-11','2014-02-18','LIX410','2'),('402300956','2014-02-11','2014-04-08','MAX084','estoy pagando una TUTORía individual, porque casi no entendía'),('402310103','2014-02-11','2014-03-05','MAX084','2'),('402310764','2014-02-12','2014-02-14','LIX410','3'),('402320597','2014-02-14','2014-04-23','QUX103','se le retira por ausencias injustificadas'),('402330672','2014-02-14','2014-03-12','MAX084','3'),('502830045','2014-05-20','2014-06-09','MAX084','3'),('503990569','2014-02-11','2014-02-19','MAX084','3'),('504040217','2014-02-18','2014-03-26','QUY516','no la siente provechosa'),('504050868','2013-12-04','2014-02-11','PRUEBA','curso de prueba'),('504060560','2014-02-11','2014-03-17','MAX084','3'),('504070843','2014-02-13','2014-02-19','MAY230','2'),('603830353','2014-03-03','2014-04-07','MAY452','El profesor de ella va más atrasado con la materia, recibe con un profesor diferente al resto del GRUPO'),('604150984','2014-02-11','2014-03-25','MAX084','se le retira por ausencias injustificadas'),('604170256','2014-02-14','2014-04-25','QUY516','no entiende al TUTOR'),('604220001','2014-02-14','2014-03-12','MAX084','3'),('604270953','2014-02-12','2014-04-22','LIX410','no la necesita'),('608260005','2014-02-12','2014-03-12','MAX084','3'),('701710062','2014-02-13','2014-02-24','MAB304','3'),('701910804','2014-02-17','2014-02-24','QUX101','3'),('701990690','2014-02-13','2014-03-19','LIX410','no tiene tiempo'),('702100399','2014-02-14','2014-04-23','QUX101','no necesita la TUTORía entiende bien'),('702170932','2014-02-18','2014-02-18','QUX103','2'),('702320257','2014-02-12','2014-03-11','MAX084','2'),('702340305','2014-02-12','2014-02-13','LIX410','3'),('702470234','2014-02-12','2014-03-12','MAX084','3'),('800780187','2014-02-17','2014-03-10','LIX410','2'),('800780187','2014-02-17','2014-03-10','MAY230','2'),('900530686','2014-02-13','2014-03-19','LIX410','se le asigna individual'),('901230488','2014-02-12','2014-03-20','MAY230','se le retira por ausencias injustificadas'),('99887','2014-02-20','2014-04-02','QUC400','no le entiende al TUTOR');
/*!40000 ALTER TABLE `RETIRARON` ENABLE KEYS */;
UNLOCK TABLES;
-- Table structure for table `ASISTENCIA`
--
DROP TABLE IF EXISTS `ASISTENCIA`;
/*!40101 SET @saved_cs_client     = @@character_set_client */;
/*!40101 SET character_set_client = utf8 */;
CREATE TABLE `ASISTENCIA` (
  `EID` varchar(15) NOT NULL,
  `CLID` int(11) NOT NULL,
  `ESTADO` varchar(15) NOT NULL,
  PRIMARY KEY (`EID`,`CLID`),
  KEY `CLID` (`CLID`),
  CONSTRAINT `ASISTENCIA_ibfk_1` FOREIGN KEY (`EID`) REFERENCES `ESTUDIANTE` (`ID`),
  CONSTRAINT `ASISTENCIA_ibfk_2` FOREIGN KEY (`CLID`) REFERENCES `CLASE` (`CLID`)
) ENGINE=InnoDB DEFAULT CHARSET=utf8;
/*!40101 SET character_set_client = @saved_cs_client */;
--
-- Dumping data for table `ASISTENCIA`
--
LOCK TABLES `ASISTENCIA` WRITE;
/*!40000 ALTER TABLE `ASISTENCIA` DISABLE KEYS */;
/*!40000 ALTER TABLE `ASISTENCIA` ENABLE KEYS */;
UNLOCK TABLES;
/*!50003 SET @saved_cs_client      = @@character_set_client */ ;
/*!50003 SET @saved_cs_results     = @@character_set_results */ ;
/*!50003 SET @saved_col_connection = @@collation_connection */ ;
/*!50003 SET character_set_client  = cp850 */ ;
/*!50003 SET character_set_results = cp850 */ ;
/*!50003 SET collation_connection  = cp850_general_ci */ ;
/*!50003 SET @saved_sql_mode       = @@sql_mode */ ;
/*!50003 SET sql_mode              = 'STRICT_TRANS_TABLES,NO_AUTO_CREATE_USER,NO_ENGINE_SUBSTITUTION' */ ;
DELIMITER ;;
/*!50003 CREATE*/ /*!50017 DEFINER=`root`@`localhost`*/ /*!50003 TRIGGER CUPOS_INSERT AFTER INSERT ON MATRICULA  
FOR EACH ROW 
BEGIN
   CALL CUPOS_P ( NEW.GNUM );
END */;;
DELIMITER ;
/*!50003 SET sql_mode              = @saved_sql_mode */ ;
/*!50003 SET character_set_client  = @saved_cs_client */ ;
/*!50003 SET character_set_results = @saved_cs_results */ ;
/*!50003 SET collation_connection  = @saved_col_connection */ ;
/*!50003 SET @saved_cs_client      = @@character_set_client */ ;
/*!50003 SET @saved_cs_results     = @@character_set_results */ ;
/*!50003 SET @saved_col_connection = @@collation_connection */ ;
/*!50003 SET character_set_client  = cp850 */ ;
/*!50003 SET character_set_results = cp850 */ ;
/*!50003 SET collation_connection  = cp850_general_ci */ ;
/*!50003 SET @saved_sql_mode       = @@sql_mode */ ;
/*!50003 SET sql_mode              = 'STRICT_TRANS_TABLES,NO_AUTO_CREATE_USER,NO_ENGINE_SUBSTITUTION' */ ;
DELIMITER ;;
/*!50003 CREATE*/ /*!50017 DEFINER=`root`@`localhost`*/ /*!50003 TRIGGER CUPOS_UPDATE AFTER UPDATE ON MATRICULA  
FOR EACH ROW 
BEGIN
   CALL CUPOS_P ( NEW.GNUM );
END */;;
DELIMITER ;
/*!50003 SET sql_mode              = @saved_sql_mode */ ;
/*!50003 SET character_set_client  = @saved_cs_client */ ;
/*!50003 SET character_set_results = @saved_cs_results */ ;
/*!50003 SET collation_connection  = @saved_col_connection */ ;
/*!40101 SET SQL_MODE=@OLD_SQL_MODE */;
/*!40014 SET FOREIGN_KEY_CHECKS=@OLD_FOREIGN_KEY_CHECKS */;
/*!40014 SET UNIQUE_CHECKS=@OLD_UNIQUE_CHECKS */;
/*!40101 SET CHARACTER_SET_CLIENT=@OLD_CHARACTER_SET_CLIENT */;
/*!40101 SET CHARACTER_SET_RESULTS=@OLD_CHARACTER_SET_RESULTS */;
/*!40101 SET COLLATION_CONNECTION=@OLD_COLLATION_CONNECTION */;
/*!40111 SET SQL_NOTES=@OLD_SQL_NOTES */;
-- Dump completed on 2014-11-20 17:03:10
